t_s,name,category,ms,n
0.0,amax_abs_mixed,cast_quant,0.3373,9
0.0,bcast_binary,norm_elementwise,0.5011,1
0.0,cast_bf16_f32_bias_act,cast_quant,1.8596,2
0.0,cast_f32_bf16,cast_quant,0.0335,4
0.0,fa_dc90_fwd_d128,attention,0.0115,2
0.0,fill_f,layout_copy,2.2265,2
0.0,fvf_split_heads_rows,layout_copy,2.4944,4
0.0,h3_norm_mod,norm_elementwise,1.6746,1
0.0,h3_qk_norm_rope,norm_elementwise,12.0278,6
0.0,memcpy HtoD,copies_memset,7.7921,10
0.0,memset,copies_memset,0.021,23
0.0,mx_binary,norm_elementwise,0.0105,4
0.0,mx_block_copy,layout_copy,2.0931,3
0.0,mx_merge_heads,layout_copy,0.0059,2
0.0,mx_rms_norm,norm_elementwise,0.067,5
0.0,mx_swiglu,norm_elementwise,0.0072,2
0.0,nvjet_sm90_qqtst_128x160_128x5_1x2_h_bz_coopA_algo2_TNT,gemm,11.9623,3
0.0,nvjet_sm90_qqtst_128x32_128x10_2x1_v_bz_algo2_TNT,gemm,0.1187,2
0.0,nvjet_sm90_qqtst_64x32_128x16_4x1_v_bz_algo2_TNT,gemm,0.1975,10
0.0,nvjet_sm90_tst_128x144_64x6_2x1_v_bz_TNT,gemm,0.0054,1
0.0,nvjet_sm90_tst_192x192_64x4_2x1_v_bz_coopB_TNN,gemm,0.2983,1
0.0,nvjet_sm90_tst_256x160_64x4_1x2_h_bz_coopA_TNT,gemm,6.7576,1
0.0,nvjet_sm90_tst_64x32_64x16_4x1_v_bz_bias_TNT,gemm,0.0262,1
0.0,sm80_xmma_gemm_f32f32_f32f32_f32_nn_n_tilesize64x128x8_stage3_warpsize1x4x1_ffma_aligna4_alignc4_execute_kernel__5x_cublas,gemm,0.6665,1
0.0,sm80_xmma_gemm_f32f32_f32f32_f32_tn_n_tilesize128x128x8_stage3_warpsize2x2x1_ffma_aligna4_alignc4_execute_kernel__5x_cublas,gemm,0.7847,1
0.0,softmax_last,attention,0.5539,1
0.0,vsa_mma_attn_tma2,attention,94.1528,1
0.0,vsa_tile_mean,attention,2.4162,3
0.0,vsa_tile_qkv,attention,11.4487,3
0.0,vsa_topk2,attention,1.1214,1
0.0,w8a8_quantize,cast_quant,2.4385,9
0.25,amax_abs_mixed,cast_quant,2.0573,22
0.25,bcast_binary,norm_elementwise,0.5432,1
0.25,block_copy,layout_copy,0.046,3
0.25,cast_bf16_f32_bias_act,cast_quant,0.009,1
0.25,cast_f32_bf16,cast_quant,6.354,6
0.25,fa_dc90_fwd_d128,attention,2.1455,1
0.25,fill_f,layout_copy,2.3476,2
0.25,fvf_h3_gate_res_norm_mod,norm_elementwise,2.3705,1
0.25,fvf_split_heads_rows,layout_copy,2.5142,2
0.25,h3_qk_norm_rope,norm_elementwise,12.35,2
0.25,h3_res_gate_norm_mod,norm_elementwise,2.4174,1
0.25,index_select_rows,layout_copy,0.0152,1
0.25,memcpy HtoD,copies_memset,0.0042,1
0.25,memset,copies_memset,0.0635,69
0.25,mx_binary,norm_elementwise,0.0412,2
0.25,mx_block_copy,layout_copy,4.1694,20
0.25,mx_merge_heads,layout_copy,3.5137,1
0.25,mx_swiglu,norm_elementwise,6.4103,10
0.25,nvjet_sm90_qqtst_128x160_128x5_1x2_h_bz_coopA_algo2_TNT,gemm,15.8921,4
0.25,nvjet_sm90_qqtst_128x160_128x5_2x1_v_bz_coopA_algo2_TNT,gemm,8.347,10
0.25,nvjet_sm90_qqtst_144x128_128x6_1x2_h_bz_coopA_algo2_TNN,gemm,15.8172,9
0.25,nvjet_sm90_qqtst_192x96_128x5_2x1_v_bz_coopB_algo2_TNT,gemm,0.2694,1
0.25,nvjet_sm90_tst_256x160_64x4_1x2_h_bz_coopA_TNT,gemm,6.852,1
0.25,sm80_xmma_gemm_f32f32_f32f32_f32_nn_n_tilesize64x128x8_stage3_warpsize1x4x1_ffma_aligna4_alignc4_execute_kernel__5x_cublas,gemm,0.754,1
0.25,sm80_xmma_gemm_f32f32_f32f32_f32_tn_n_tilesize128x128x8_stage3_warpsize2x2x1_ffma_aligna4_alignc4_execute_kernel__5x_cublas,gemm,0.875,1
0.25,softmax_last,attention,0.5735,1
0.25,vsa_combine,attention,4.7324,1
0.25,vsa_mma_attn_tma2,attention,96.0063,1
0.25,vsa_tile_mean,attention,2.5347,3
0.25,vsa_tile_qkv,attention,11.4932,3
0.25,vsa_topk2,attention,1.266,1
0.25,w8a8_quantize,cast_quant,14.84,22
0.5,amax_abs_mixed,cast_quant,2.0571,22
0.5,bcast_binary,norm_elementwise,0.5091,1
0.5,block_copy,layout_copy,0.0467,3
0.5,cast_bf16_f32_bias_act,cast_quant,0.0092,1
0.5,cast_f32_bf16,cast_quant,6.4452,6
0.5,fa_dc90_fwd_d128,attention,2.1436,1
0.5,fill_f,layout_copy,2.2256,2
0.5,fvf_h3_gate_res_norm_mod,norm_elementwise,2.3438,1
0.5,fvf_split_heads_rows,layout_copy,2.4854,2
0.5,h3_qk_norm_rope,norm_elementwise,12.91,2
0.5,h3_res_gate_norm_mod,norm_elementwise,2.4176,1
0.5,index_select_rows,layout_copy,0.0157,1
0.5,memcpy HtoD,copies_memset,0.0049,1
0.5,memset,copies_memset,0.0622,69
0.5,mx_binary,norm_elementwise,0.042,2
0.5,mx_block_copy,layout_copy,4.1254,20
0.5,mx_merge_heads,layout_copy,3.517,1
0.5,mx_swiglu,norm_elementwise,6.3454,10
0.5,nvjet_sm90_qqtst_128x160_128x5_1x2_h_bz_coopA_algo2_TNT,gemm,15.931,4
0.5,nvjet_sm90_qqtst_128x160_128x5_2x1_v_bz_coopA_algo2_TNT,gemm,8.3356,10
0.5,nvjet_sm90_qqtst_144x128_128x6_1x2_h_bz_coopA_algo2_TNN,gemm,15.6448,9
0.5,nvjet_sm90_qqtst_192x96_128x5_2x1_v_bz_coopB_algo2_TNT,gemm,0.2651,1
0.5,nvjet_sm90_tst_256x160_64x4_1x2_h_bz_coopA_TNT,gemm,6.9253,1
0.5,sm80_xmma_gemm_f32f32_f32f32_f32_nn_n_tilesize64x128x8_stage3_warpsize1x4x1_ffma_aligna4_alignc4_execute_kernel__5x_cublas,gemm,0.6836,1
0.5,sm80_xmma_gemm_f32f32_f32f32_f32_tn_n_tilesize128x128x8_stage3_warpsize2x2x1_ffma_aligna4_alignc4_execute_kernel__5x_cublas,gemm,0.7913,1
0.5,softmax_last,attention,0.5589,1
0.5,vsa_combine,attention,4.8183,1
0.5,vsa_mma_attn_tma2,attention,95.3375,1
0.5,vsa_tile_mean,attention,2.4081,3
0.5,vsa_tile_qkv,attention,11.5892,3
0.5,vsa_topk2,attention,1.1491,1
0.5,w8a8_quantize,cast_quant,14.6588,22
0.75,amax_abs_mixed,cast_quant,2.051,22
0.75,bcast_binary,norm_elementwise,0.53,1
0.75,block_copy,layout_copy,0.0454,3
0.75,cast_bf16_f32_bias_act,cast_quant,0.009,1
0.75,cast_f32_bf16,cast_quant,6.3698,6
0.75,fa_dc90_fwd_d128,attention,2.1193,1
0.75,fill_f,layout_copy,2.3078,2
0.75,fvf_h3_gate_res_norm_mod,norm_elementwise,2.3389,1
0.75,fvf_split_heads_rows,layout_copy,2.5038,2
0.75,h3_qk_norm_rope,norm_elementwise,13.0838,2
0.75,h3_res_gate_norm_mod,norm_elementwise,2.4243,1
0.75,index_select_rows,layout_copy,0.0156,1
0.75,memcpy HtoD,copies_memset,0.0048,1
0.75,memset,copies_memset,0.0583,69
0.75,mx_binary,norm_elementwise,0.0407,2
0.75,mx_block_copy,layout_copy,4.1246,20
0.75,mx_merge_heads,layout_copy,3.5343,1
0.75,mx_swiglu,norm_elementwise,6.3064,10
0.75,nvjet_sm90_qqtst_128x160_128x5_1x2_h_bz_coopA_algo2_TNT,gemm,15.969,4
0.75,nvjet_sm90_qqtst_128x160_128x5_2x1_v_bz_coopA_algo2_TNT,gemm,8.3274,10
0.75,nvjet_sm90_qqtst_144x128_128x6_1x2_h_bz_coopA_algo2_TNN,gemm,15.6102,9
0.75,nvjet_sm90_qqtst_192x96_128x5_2x1_v_bz_coopB_algo2_TNT,gemm,0.2645,1
0.75,nvjet_sm90_tst_256x160_64x4_1x2_h_bz_coopA_TNT,gemm,6.8197,1
0.75,sm80_xmma_gemm_f32f32_f32f32_f32_nn_n_tilesize64x128x8_stage3_warpsize1x4x1_ffma_aligna4_alignc4_execute_kernel__5x_cublas,gemm,0.7264,1
0.75,sm80_xmma_gemm_f32f32_f32f32_f32_tn_n_tilesize128x128x8_stage3_warpsize2x2x1_ffma_aligna4_alignc4_execute_kernel__5x_cublas,gemm,0.8497,1
0.75,softmax_last,attention,0.5675,1
0.75,vsa_combine,attention,4.7492,1
0.75,vsa_mma_attn_tma2,attention,98.8732,1
0.75,vsa_tile_mean,attention,2.4865,3
0.75,vsa_tile_qkv,attention,11.6086,3
0.75,vsa_topk2,attention,1.2231,1
0.75,w8a8_quantize,cast_quant,14.7153,22
1.0,amax_abs_mixed,cast_quant,2.058,22
1.0,bcast_binary,norm_elementwise,0.5152,1
1.0,block_copy,layout_copy,0.0471,3
1.0,cast_bf16_f32_bias_act,cast_quant,0.0092,1
1.0,cast_f32_bf16,cast_quant,6.4467,6
1.0,fa_dc90_fwd_d128,attention,2.1551,1
1.0,fill_f,layout_copy,2.2214,2
1.0,fvf_h3_gate_res_norm_mod,norm_elementwise,2.4464,1
1.0,fvf_split_heads_rows,layout_copy,2.493,2
1.0,h3_qk_norm_rope,norm_elementwise,13.3572,2
1.0,h3_res_gate_norm_mod,norm_elementwise,2.4778,1
1.0,index_select_rows,layout_copy,0.0154,1
1.0,memcpy HtoD,copies_memset,0.0049,1
1.0,memset,copies_memset,0.0593,69
1.0,mx_binary,norm_elementwise,0.0418,2
1.0,mx_block_copy,layout_copy,4.204,20
1.0,mx_merge_heads,layout_copy,3.6327,1
1.0,mx_swiglu,norm_elementwise,6.4872,10
1.0,nvjet_sm90_qqtst_128x160_128x5_1x2_h_bz_coopA_algo2_TNT,gemm,15.8795,4
1.0,nvjet_sm90_qqtst_128x160_128x5_2x1_v_bz_coopA_algo2_TNT,gemm,8.371,10
1.0,nvjet_sm90_qqtst_144x128_128x6_1x2_h_bz_coopA_algo2_TNN,gemm,15.5584,9
1.0,nvjet_sm90_qqtst_192x96_128x5_2x1_v_bz_coopB_algo2_TNT,gemm,0.2672,1
1.0,nvjet_sm90_tst_256x160_64x4_1x2_h_bz_coopA_TNT,gemm,7.1746,1
1.0,sm80_xmma_gemm_f32f32_f32f32_f32_nn_n_tilesize64x128x8_stage3_warpsize1x4x1_ffma_aligna4_alignc4_execute_kernel__5x_cublas,gemm,0.6958,1
1.0,sm80_xmma_gemm_f32f32_f32f32_f32_tn_n_tilesize128x128x8_stage3_warpsize2x2x1_ffma_aligna4_alignc4_execute_kernel__5x_cublas,gemm,0.8174,1
1.0,softmax_last,attention,0.5607,1
1.0,vsa_combine,attention,4.8212,1
1.0,vsa_mma_attn_tma2,attention,95.0929,1
1.0,vsa_tile_mean,attention,2.4446,3
1.0,vsa_tile_qkv,attention,11.3896,3
1.0,vsa_topk2,attention,1.1706,1
1.0,w8a8_quantize,cast_quant,15.1673,22
1.25,amax_abs_mixed,cast_quant,2.052,22
1.25,bcast_binary,norm_elementwise,0.4788,1
1.25,block_copy,layout_copy,0.0939,6
1.25,cast_bf16_f32_bias_act,cast_quant,0.0183,2
1.25,cast_f32_bf16,cast_quant,12.7827,12
1.25,fa_dc90_fwd_d128,attention,4.2775,2
1.25,fill_f,layout_copy,2.0601,2
1.25,fvf_h3_gate_res_norm_mod,norm_elementwise,2.3579,1
1.25,fvf_split_heads_rows,layout_copy,2.4684,2
1.25,h3_qk_norm_rope,norm_elementwise,11.8439,2
1.25,h3_res_gate_norm_mod,norm_elementwise,2.4643,1
1.25,index_select_rows,layout_copy,0.0306,2
1.25,memcpy HtoD,copies_memset,0.0098,2
1.25,memset,copies_memset,0.0616,69
1.25,mx_binary,norm_elementwise,0.0825,4
1.25,mx_block_copy,layout_copy,4.1407,20
1.25,mx_merge_heads,layout_copy,7.1246,2
1.25,mx_swiglu,norm_elementwise,6.317,10
1.25,nvjet_sm90_qqtst_128x160_128x5_1x2_h_bz_coopA_algo2_TNT,gemm,15.9105,4
1.25,nvjet_sm90_qqtst_128x160_128x5_2x1_v_bz_coopA_algo2_TNT,gemm,8.3531,10
1.25,nvjet_sm90_qqtst_144x128_128x6_1x2_h_bz_coopA_algo2_TNN,gemm,15.5787,9
1.25,nvjet_sm90_qqtst_192x96_128x5_2x1_v_bz_coopB_algo2_TNT,gemm,0.2646,1
1.25,nvjet_sm90_tst_256x160_64x4_1x2_h_bz_coopA_TNT,gemm,6.838,1
1.25,sm80_xmma_gemm_f32f32_f32f32_f32_nn_n_tilesize64x128x8_stage3_warpsize1x4x1_ffma_aligna4_alignc4_execute_kernel__5x_cublas,gemm,0.6172,1
1.25,sm80_xmma_gemm_f32f32_f32f32_f32_tn_n_tilesize128x128x8_stage3_warpsize2x2x1_ffma_aligna4_alignc4_execute_kernel__5x_cublas,gemm,0.73,1
1.25,softmax_last,attention,0.5424,1
1.25,vsa_combine,attention,9.5363,2
1.25,vsa_mma_attn_tma2,attention,97.2404,1
1.25,vsa_tile_mean,attention,2.3748,3
1.25,vsa_tile_qkv,attention,11.0287,3
1.25,vsa_topk2,attention,1.0382,1
1.25,w8a8_quantize,cast_quant,14.8151,22
1.5,amax_abs_mixed,cast_quant,2.7815,28
1.5,bcast_binary,norm_elementwise,0.5165,1
1.5,block_copy,layout_copy,0.0453,3
1.5,cast_bf16_f32_bias_act,cast_quant,0.0089,1
1.5,cast_f32_bf16,cast_quant,6.3535,6
1.5,fa_dc90_fwd_d128,attention,2.1389,1
1.5,fill_f,layout_copy,2.2816,2
1.5,fvf_h3_gate_res_norm_mod,norm_elementwise,2.3166,1
1.5,fvf_split_heads_rows,layout_copy,2.5311,2
1.5,h3_qk_norm_rope,norm_elementwise,14.3022,2
1.5,h3_res_gate_norm_mod,norm_elementwise,4.8111,2
1.5,index_select_rows,layout_copy,0.0152,1
1.5,memcpy HtoD,copies_memset,0.0049,1
1.5,memset,copies_memset,0.0774,86
1.5,mx_binary,norm_elementwise,0.0408,2
1.5,mx_block_copy,layout_copy,4.7056,23
1.5,mx_merge_heads,layout_copy,3.5123,1
1.5,mx_swiglu,norm_elementwise,7.4735,12
1.5,nvjet_sm90_qqtst_128x160_128x5_1x2_h_bz_coopA_algo2_TNT,gemm,19.7832,5
1.5,nvjet_sm90_qqtst_128x160_128x5_2x1_v_bz_coopA_algo2_TNT,gemm,9.9444,12
1.5,nvjet_sm90_qqtst_144x128_128x6_1x2_h_bz_coopA_algo2_TNN,gemm,18.9806,11
1.5,nvjet_sm90_qqtst_192x96_128x5_2x1_v_bz_coopB_algo2_TNT,gemm,0.2612,1
1.5,nvjet_sm90_tst_256x160_64x4_1x2_h_bz_coopA_TNT,gemm,6.8096,1
1.5,sm80_xmma_gemm_f32f32_f32f32_f32_nn_n_tilesize64x128x8_stage3_warpsize1x4x1_ffma_aligna4_alignc4_execute_kernel__5x_cublas,gemm,0.7856,1
1.5,sm80_xmma_gemm_f32f32_f32f32_f32_tn_n_tilesize128x128x8_stage3_warpsize2x2x1_ffma_aligna4_alignc4_execute_kernel__5x_cublas,gemm,0.9137,1
1.5,softmax_last,attention,0.5857,1
1.5,vsa_combine,attention,4.7332,1
1.5,vsa_mma_attn_tma2,attention,96.2396,1
1.5,vsa_tile_mean,attention,2.5966,3
1.5,vsa_tile_qkv,attention,11.6021,3
1.5,vsa_topk2,attention,1.1494,1
1.5,w8a8_quantize,cast_quant,19.6411,28
1.75,amax_abs_mixed,cast_quant,2.7205,31
1.75,bcast_binary,norm_elementwise,0.4983,1
1.75,block_copy,layout_copy,0.0468,3
1.75,cast_bf16_f32_bias_act,cast_quant,0.0092,1
1.75,cast_f32_bf16,cast_quant,6.4449,6
1.75,fa_dc90_fwd_d128,attention,2.1616,1
1.75,fill_f,layout_copy,2.206,2
1.75,fvf_h3_gate_res_norm_mod,norm_elementwise,2.4624,1
1.75,fvf_split_heads_rows,layout_copy,2.4828,2
1.75,h3_qk_norm_rope,norm_elementwise,12.6985,2
1.75,h3_res_gate_norm_mod,norm_elementwise,2.4775,1
1.75,index_select_rows,layout_copy,0.0156,1
1.75,memcpy HtoD,copies_memset,0.0048,1
1.75,memset,copies_memset,0.0855,97
1.75,mx_binary,norm_elementwise,0.0419,2
1.75,mx_block_copy,layout_copy,5.0805,24
1.75,mx_merge_heads,layout_copy,3.633,1
1.75,mx_swiglu,norm_elementwise,9.7789,15
1.75,nvjet_sm90_qqtst_128x160_128x5_1x2_h_bz_coopA_algo2_TNT,gemm,15.8773,4
1.75,nvjet_sm90_qqtst_128x160_128x5_2x1_v_bz_coopA_algo2_TNT,gemm,12.6635,15
1.75,nvjet_sm90_qqtst_144x128_128x6_1x2_h_bz_coopA_algo2_TNN,gemm,24.1774,14
1.75,nvjet_sm90_qqtst_192x96_128x5_2x1_v_bz_coopB_algo2_TNT,gemm,0.2645,1
1.75,nvjet_sm90_tst_256x160_64x4_1x2_h_bz_coopA_TNT,gemm,6.8334,1
1.75,sm80_xmma_gemm_f32f32_f32f32_f32_nn_n_tilesize64x128x8_stage3_warpsize1x4x1_ffma_aligna4_alignc4_execute_kernel__5x_cublas,gemm,0.662,1
1.75,sm80_xmma_gemm_f32f32_f32f32_f32_tn_n_tilesize128x128x8_stage3_warpsize2x2x1_ffma_aligna4_alignc4_execute_kernel__5x_cublas,gemm,0.7782,1
1.75,softmax_last,attention,0.5555,1
1.75,vsa_combine,attention,4.8207,1
1.75,vsa_mma_attn_tma2,attention,95.1921,1
1.75,vsa_tile_mean,attention,2.4084,3
1.75,vsa_tile_qkv,attention,11.4019,3
1.75,vsa_topk2,attention,1.1126,1
1.75,w8a8_quantize,cast_quant,19.6659,31
2.0,amax_abs_mixed,cast_quant,2.7032,29
2.0,bcast_binary,norm_elementwise,0.5467,1
2.0,block_copy,layout_copy,0.0463,3
2.0,cast_bf16_f32_bias_act,cast_quant,0.0094,1
2.0,cast_f32_bf16,cast_quant,6.448,6
2.0,fa_dc90_fwd_d128,attention,2.1505,1
2.0,fill_f,layout_copy,2.3791,2
2.0,fvf_h3_gate_res_norm_mod,norm_elementwise,4.6855,2
2.0,fvf_split_heads_rows,layout_copy,2.4835,2
2.0,h3_qk_norm_rope,norm_elementwise,12.2004,2
2.0,h3_res_gate_norm_mod,norm_elementwise,2.4128,1
2.0,index_select_rows,layout_copy,0.0152,1
2.0,memcpy HtoD,copies_memset,0.0048,1
2.0,memset,copies_memset,0.0765,90
2.0,mx_binary,norm_elementwise,0.0417,2
2.0,mx_block_copy,layout_copy,6.7342,33
2.0,mx_merge_heads,layout_copy,3.5631,1
2.0,mx_swiglu,norm_elementwise,7.9135,13
2.0,nvjet_sm90_qqtst_128x160_128x5_1x2_h_bz_coopA_algo2_TNT,gemm,19.8646,5
2.0,nvjet_sm90_qqtst_128x160_128x5_2x1_v_bz_coopA_algo2_TNT,gemm,10.5121,13
2.0,nvjet_sm90_qqtst_144x128_128x6_1x2_h_bz_coopA_algo2_TNN,gemm,19.0286,11
2.0,nvjet_sm90_qqtst_192x96_128x5_2x1_v_bz_coopB_algo2_TNT,gemm,0.5263,2
2.0,nvjet_sm90_tst_256x160_64x4_1x2_h_bz_coopA_TNT,gemm,6.8037,1
2.0,sm80_xmma_gemm_f32f32_f32f32_f32_nn_n_tilesize64x128x8_stage3_warpsize1x4x1_ffma_aligna4_alignc4_execute_kernel__5x_cublas,gemm,0.7608,1
2.0,sm80_xmma_gemm_f32f32_f32f32_f32_tn_n_tilesize128x128x8_stage3_warpsize2x2x1_ffma_aligna4_alignc4_execute_kernel__5x_cublas,gemm,0.8872,1
2.0,softmax_last,attention,0.5744,1
2.0,vsa_combine,attention,4.8211,1
2.0,vsa_mma_attn_tma2,attention,96.5788,1
2.0,vsa_tile_mean,attention,2.5469,3
2.0,vsa_tile_qkv,attention,11.634,3
2.0,vsa_topk2,attention,1.2784,1
2.0,w8a8_quantize,cast_quant,19.515,29
2.25,amax_abs_mixed,cast_quant,2.0527,22
2.25,bcast_binary,norm_elementwise,0.5069,1
2.25,block_copy,layout_copy,0.0457,3
2.25,cast_bf16_f32_bias_act,cast_quant,0.009,1
2.25,cast_f32_bf16,cast_quant,6.3526,6
2.25,fa_dc90_fwd_d128,attention,2.1174,1
2.25,fill_f,layout_copy,2.261,2
2.25,fvf_h3_gate_res_norm_mod,norm_elementwise,2.3412,1
2.25,fvf_split_heads_rows,layout_copy,2.4885,2
2.25,h3_qk_norm_rope,norm_elementwise,26.1344,4
2.25,h3_res_gate_norm_mod,norm_elementwise,2.412,1
2.25,index_select_rows,layout_copy,0.015,1
2.25,memcpy HtoD,copies_memset,0.0049,1
2.25,memset,copies_memset,0.0612,72
2.25,mx_binary,norm_elementwise,0.0407,2
2.25,mx_block_copy,layout_copy,4.1084,20
2.25,mx_merge_heads,layout_copy,3.5138,1
2.25,mx_swiglu,norm_elementwise,6.2656,10
2.25,nvjet_sm90_qqtst_128x160_128x5_1x2_h_bz_coopA_algo2_TNT,gemm,23.8977,6
2.25,nvjet_sm90_qqtst_128x160_128x5_2x1_v_bz_coopA_algo2_TNT,gemm,8.2572,10
2.25,nvjet_sm90_qqtst_144x128_128x6_1x2_h_bz_coopA_algo2_TNN,gemm,15.5497,9
2.25,nvjet_sm90_qqtst_192x96_128x5_2x1_v_bz_coopB_algo2_TNT,gemm,0.2636,1
2.25,nvjet_sm90_tst_256x160_64x4_1x2_h_bz_coopA_TNT,gemm,13.8706,2
2.25,sm80_xmma_gemm_f32f32_f32f32_f32_nn_n_tilesize64x128x8_stage3_warpsize1x4x1_ffma_aligna4_alignc4_execute_kernel__5x_cublas,gemm,0.6769,1
2.25,sm80_xmma_gemm_f32f32_f32f32_f32_tn_n_tilesize128x128x8_stage3_warpsize2x2x1_ffma_aligna4_alignc4_execute_kernel__5x_cublas,gemm,0.7602,1
2.25,softmax_last,attention,0.5567,1
2.25,vsa_combine,attention,4.7308,1
2.25,vsa_mma_attn_tma2,attention,95.8159,1
2.25,vsa_tile_mean,attention,2.4084,3
2.25,vsa_tile_qkv,attention,11.5413,3
2.25,vsa_topk2,attention,1.1401,1
2.25,w8a8_quantize,cast_quant,14.6037,22
2.5,amax_abs_mixed,cast_quant,2.0575,22
2.5,bcast_binary,norm_elementwise,1.0459,2
2.5,block_copy,layout_copy,0.0465,3
2.5,cast_bf16_f32_bias_act,cast_quant,0.0092,1
2.5,cast_f32_bf16,cast_quant,6.4427,6
2.5,fa_dc90_fwd_d128,attention,2.1333,1
2.5,fill_f,layout_copy,3.3805,3
2.5,fvf_h3_gate_res_norm_mod,norm_elementwise,2.3552,1
2.5,fvf_split_heads_rows,layout_copy,5.002,4
2.5,h3_qk_norm_rope,norm_elementwise,13.8533,2
2.5,h3_res_gate_norm_mod,norm_elementwise,2.4659,1
2.5,index_select_rows,layout_copy,0.0156,1
2.5,memcpy HtoD,copies_memset,0.0049,1
2.5,memset,copies_memset,0.0612,69
2.5,mx_binary,norm_elementwise,0.0416,2
2.5,mx_block_copy,layout_copy,4.1572,20
2.5,mx_merge_heads,layout_copy,3.6267,1
2.5,mx_swiglu,norm_elementwise,6.4135,10
2.5,nvjet_sm90_qqtst_128x160_128x5_1x2_h_bz_coopA_algo2_TNT,gemm,15.9021,4
2.5,nvjet_sm90_qqtst_128x160_128x5_2x1_v_bz_coopA_algo2_TNT,gemm,8.2924,10
2.5,nvjet_sm90_qqtst_144x128_128x6_1x2_h_bz_coopA_algo2_TNN,gemm,15.5508,9
2.5,nvjet_sm90_qqtst_192x96_128x5_2x1_v_bz_coopB_algo2_TNT,gemm,0.2646,1
2.5,nvjet_sm90_tst_256x160_64x4_1x2_h_bz_coopA_TNT,gemm,6.8067,1
2.5,sm80_xmma_gemm_f32f32_f32f32_f32_nn_n_tilesize64x128x8_stage3_warpsize1x4x1_ffma_aligna4_alignc4_execute_kernel__5x_cublas,gemm,1.4284,2
2.5,sm80_xmma_gemm_f32f32_f32f32_f32_tn_n_tilesize128x128x8_stage3_warpsize2x2x1_ffma_aligna4_alignc4_execute_kernel__5x_cublas,gemm,1.6701,2
2.5,softmax_last,attention,1.1278,2
2.5,vsa_combine,attention,4.8173,1
2.5,vsa_mma_attn_tma2,attention,96.3592,1
2.5,vsa_tile_mean,attention,4.9437,6
2.5,vsa_tile_qkv,attention,19.4179,5
2.5,vsa_topk2,attention,2.4023,2
2.5,w8a8_quantize,cast_quant,14.9684,22
2.75,amax_abs_mixed,cast_quant,2.0572,22
2.75,bcast_binary,norm_elementwise,0.4984,1
2.75,block_copy,layout_copy,0.0468,3
2.75,cast_bf16_f32_bias_act,cast_quant,0.0092,1
2.75,cast_f32_bf16,cast_quant,6.4574,6
2.75,fa_dc90_fwd_d128,attention,2.1728,1
2.75,fill_f,layout_copy,3.3319,3
2.75,fvf_h3_gate_res_norm_mod,norm_elementwise,2.3724,1
2.75,fvf_split_heads_rows,layout_copy,2.4822,2
2.75,h3_qk_norm_rope,norm_elementwise,12.4545,2
2.75,h3_res_gate_norm_mod,norm_elementwise,2.4931,1
2.75,index_select_rows,layout_copy,0.0156,1
2.75,memcpy HtoD,copies_memset,0.0049,1
2.75,memset,copies_memset,0.0609,69
2.75,mx_binary,norm_elementwise,0.0421,2
2.75,mx_block_copy,layout_copy,4.1709,20
2.75,mx_merge_heads,layout_copy,3.6474,1
2.75,mx_swiglu,norm_elementwise,6.4205,10
2.75,nvjet_sm90_qqtst_128x160_128x5_1x2_h_bz_coopA_algo2_TNT,gemm,15.8634,4
2.75,nvjet_sm90_qqtst_128x160_128x5_2x1_v_bz_coopA_algo2_TNT,gemm,8.3142,10
2.75,nvjet_sm90_qqtst_144x128_128x6_1x2_h_bz_coopA_algo2_TNN,gemm,15.6194,9
2.75,nvjet_sm90_qqtst_192x96_128x5_2x1_v_bz_coopB_algo2_TNT,gemm,0.2651,1
2.75,nvjet_sm90_tst_256x160_64x4_1x2_h_bz_coopA_TNT,gemm,6.8092,1
2.75,sm80_xmma_gemm_f32f32_f32f32_f32_nn_n_tilesize64x128x8_stage3_warpsize1x4x1_ffma_aligna4_alignc4_execute_kernel__5x_cublas,gemm,0.6623,1
2.75,sm80_xmma_gemm_f32f32_f32f32_f32_tn_n_tilesize128x128x8_stage3_warpsize2x2x1_ffma_aligna4_alignc4_execute_kernel__5x_cublas,gemm,0.7799,1
2.75,softmax_last,attention,0.5518,1
2.75,vsa_combine,attention,4.8297,1
2.75,vsa_mma_attn_tma2,attention,190.5312,2
2.75,vsa_tile_mean,attention,2.411,3
2.75,vsa_tile_qkv,attention,15.1462,4
2.75,vsa_topk2,attention,1.1124,1
2.75,w8a8_quantize,cast_quant,15.0288,22
3.0,amax_abs_mixed,cast_quant,2.0493,22
3.0,bcast_binary,norm_elementwise,0.5716,1
3.0,block_copy,layout_copy,0.0451,3
3.0,cast_bf16_f32_bias_act,cast_quant,0.0089,1
3.0,cast_f32_bf16,cast_quant,6.3527,6
3.0,fa_dc90_fwd_d128,attention,2.1239,1
3.0,fill_f,layout_copy,2.4821,2
3.0,fvf_h3_gate_res_norm_mod,norm_elementwise,2.3574,1
3.0,fvf_split_heads_rows,layout_copy,2.5429,2
3.0,h3_qk_norm_rope,norm_elementwise,13.5134,2
3.0,h3_res_gate_norm_mod,norm_elementwise,2.4194,1
3.0,index_select_rows,layout_copy,0.0155,1
3.0,memcpy HtoD,copies_memset,0.0048,1
3.0,memset,copies_memset,0.0634,69
3.0,mx_binary,norm_elementwise,0.0405,2
3.0,mx_block_copy,layout_copy,4.1181,20
3.0,mx_merge_heads,layout_copy,3.5133,1
3.0,mx_swiglu,norm_elementwise,6.2869,10
3.0,nvjet_sm90_qqtst_128x160_128x5_1x2_h_bz_coopA_algo2_TNT,gemm,15.8144,4
3.0,nvjet_sm90_qqtst_128x160_128x5_2x1_v_bz_coopA_algo2_TNT,gemm,8.3043,10
3.0,nvjet_sm90_qqtst_144x128_128x6_1x2_h_bz_coopA_algo2_TNN,gemm,15.5815,9
3.0,nvjet_sm90_qqtst_192x96_128x5_2x1_v_bz_coopB_algo2_TNT,gemm,0.2581,1
3.0,nvjet_sm90_tst_256x160_64x4_1x2_h_bz_coopA_TNT,gemm,6.8257,1
3.0,sm80_xmma_gemm_f32f32_f32f32_f32_nn_n_tilesize64x128x8_stage3_warpsize1x4x1_ffma_aligna4_alignc4_execute_kernel__5x_cublas,gemm,0.8079,1
3.0,sm80_xmma_gemm_f32f32_f32f32_f32_tn_n_tilesize128x128x8_stage3_warpsize2x2x1_ffma_aligna4_alignc4_execute_kernel__5x_cublas,gemm,0.9357,1
3.0,softmax_last,attention,0.5956,1
3.0,vsa_combine,attention,4.7997,1
3.0,vsa_mma_attn_tma2,attention,97.2489,1
3.0,vsa_tile_mean,attention,2.6533,3
3.0,vsa_tile_qkv,attention,11.7487,3
3.0,vsa_topk2,attention,1.3563,1
3.0,w8a8_quantize,cast_quant,14.6481,22
3.25,amax_abs_mixed,cast_quant,2.0532,22
3.25,bcast_binary,norm_elementwise,0.4985,1
3.25,block_copy,layout_copy,0.046,3
3.25,cast_bf16_f32_bias_act,cast_quant,0.009,1
3.25,cast_f32_bf16,cast_quant,6.3644,6
3.25,fa_dc90_fwd_d128,attention,2.1429,1
3.25,fill_f,layout_copy,2.2064,2
3.25,fvf_h3_gate_res_norm_mod,norm_elementwise,2.4406,1
3.25,fvf_split_heads_rows,layout_copy,2.4874,2
3.25,h3_qk_norm_rope,norm_elementwise,13.3559,2
3.25,h3_res_gate_norm_mod,norm_elementwise,2.4091,1
3.25,index_select_rows,layout_copy,0.015,1
3.25,memcpy HtoD,copies_memset,0.0048,1
3.25,memset,copies_memset,0.061,69
3.25,mx_binary,norm_elementwise,0.0407,2
3.25,mx_block_copy,layout_copy,4.1079,20
3.25,mx_merge_heads,layout_copy,3.514,1
3.25,mx_swiglu,norm_elementwise,6.2827,10
3.25,nvjet_sm90_qqtst_128x160_128x5_1x2_h_bz_coopA_algo2_TNT,gemm,15.9116,4
3.25,nvjet_sm90_qqtst_128x160_128x5_2x1_v_bz_coopA_algo2_TNT,gemm,8.2249,10
3.25,nvjet_sm90_qqtst_144x128_128x6_1x2_h_bz_coopA_algo2_TNN,gemm,15.7799,9
3.25,nvjet_sm90_qqtst_192x96_128x5_2x1_v_bz_coopB_algo2_TNT,gemm,0.2584,1
3.25,nvjet_sm90_tst_256x160_64x4_1x2_h_bz_coopA_TNT,gemm,7.2211,1
3.25,sm80_xmma_gemm_f32f32_f32f32_f32_nn_n_tilesize64x128x8_stage3_warpsize1x4x1_ffma_aligna4_alignc4_execute_kernel__5x_cublas,gemm,0.6614,1
3.25,sm80_xmma_gemm_f32f32_f32f32_f32_tn_n_tilesize128x128x8_stage3_warpsize2x2x1_ffma_aligna4_alignc4_execute_kernel__5x_cublas,gemm,0.7759,1
3.25,softmax_last,attention,0.5554,1
3.25,vsa_combine,attention,4.748,1
3.25,vsa_mma_attn_tma2,attention,95.2197,1
3.25,vsa_tile_mean,attention,2.409,3
3.25,vsa_tile_qkv,attention,11.4008,3
3.25,vsa_topk2,attention,1.1127,1
3.25,w8a8_quantize,cast_quant,14.796,22
3.5,amax_abs_mixed,cast_quant,2.0614,22
3.5,bcast_binary,norm_elementwise,0.5377,1
3.5,block_copy,layout_copy,0.0461,3
3.5,cast_bf16_f32_bias_act,cast_quant,0.0091,1
3.5,cast_f32_bf16,cast_quant,6.4426,6
3.5,fa_dc90_fwd_d128,attention,2.1542,1
3.5,fill_f,layout_copy,2.3441,2
3.5,fvf_h3_gate_res_norm_mod,norm_elementwise,2.4013,1
3.5,fvf_split_heads_rows,layout_copy,2.4747,2
3.5,h3_qk_norm_rope,norm_elementwise,12.2293,2
3.5,h3_res_gate_norm_mod,norm_elementwise,2.4742,1
3.5,index_select_rows,layout_copy,0.0155,1
3.5,memcpy HtoD,copies_memset,0.0049,1
3.5,memset,copies_memset,0.0612,69
3.5,mx_binary,norm_elementwise,0.042,2
3.5,mx_block_copy,layout_copy,4.2042,20
3.5,mx_merge_heads,layout_copy,3.6266,1
3.5,mx_swiglu,norm_elementwise,6.457,10
3.5,nvjet_sm90_qqtst_128x160_128x5_1x2_h_bz_coopA_algo2_TNT,gemm,15.8463,4
3.5,nvjet_sm90_qqtst_128x160_128x5_2x1_v_bz_coopA_algo2_TNT,gemm,8.2841,10
3.5,nvjet_sm90_qqtst_144x128_128x6_1x2_h_bz_coopA_algo2_TNN,gemm,15.6407,9
3.5,nvjet_sm90_qqtst_192x96_128x5_2x1_v_bz_coopB_algo2_TNT,gemm,0.2653,1
3.5,nvjet_sm90_tst_256x160_64x4_1x2_h_bz_coopA_TNT,gemm,6.8107,1
3.5,sm80_xmma_gemm_f32f32_f32f32_f32_nn_n_tilesize64x128x8_stage3_warpsize1x4x1_ffma_aligna4_alignc4_execute_kernel__5x_cublas,gemm,0.7431,1
3.5,sm80_xmma_gemm_f32f32_f32f32_f32_tn_n_tilesize128x128x8_stage3_warpsize2x2x1_ffma_aligna4_alignc4_execute_kernel__5x_cublas,gemm,0.8657,1
3.5,softmax_last,attention,0.5729,1
3.5,vsa_combine,attention,4.8178,1
3.5,vsa_mma_attn_tma2,attention,96.5788,1
3.5,vsa_tile_mean,attention,2.4933,3
3.5,vsa_tile_qkv,attention,11.6464,3
3.5,vsa_topk2,attention,1.2483,1
3.5,w8a8_quantize,cast_quant,15.1274,22
3.75,amax_abs_mixed,cast_quant,2.0469,22
3.75,bcast_binary,norm_elementwise,0.4873,1
3.75,block_copy,layout_copy,0.0631,4
3.75,cast_bf16_f32_bias_act,cast_quant,0.0091,1
3.75,cast_f32_bf16,cast_quant,8.5598,8
3.75,fa_dc90_fwd_d128,attention,2.1513,1
3.75,fill_f,layout_copy,2.2245,2
3.75,fvf_h3_gate_res_norm_mod,norm_elementwise,2.3285,1
3.75,fvf_split_heads_rows,layout_copy,2.4883,2
3.75,h3_qk_norm_rope,norm_elementwise,13.1289,2
3.75,h3_res_gate_norm_mod,norm_elementwise,2.4212,1
3.75,index_select_rows,layout_copy,0.0156,1
3.75,memcpy HtoD,copies_memset,0.0049,1
3.75,memset,copies_memset,0.0584,69
3.75,mx_binary,norm_elementwise,0.0419,2
3.75,mx_block_copy,layout_copy,4.1081,20
3.75,mx_merge_heads,layout_copy,3.6057,1
3.75,mx_swiglu,norm_elementwise,6.2843,10
3.75,nvjet_sm90_qqtst_128x160_128x5_1x2_h_bz_coopA_algo2_TNT,gemm,15.8536,4
3.75,nvjet_sm90_qqtst_128x160_128x5_2x1_v_bz_coopA_algo2_TNT,gemm,8.2606,10
3.75,nvjet_sm90_qqtst_144x128_128x6_1x2_h_bz_coopA_algo2_TNN,gemm,15.6328,9
3.75,nvjet_sm90_qqtst_192x96_128x5_2x1_v_bz_coopB_algo2_TNT,gemm,0.2605,1
3.75,nvjet_sm90_tst_256x160_64x4_1x2_h_bz_coopA_TNT,gemm,6.8867,1
3.75,sm80_xmma_gemm_f32f32_f32f32_f32_nn_n_tilesize64x128x8_stage3_warpsize1x4x1_ffma_aligna4_alignc4_execute_kernel__5x_cublas,gemm,0.6356,1
3.75,sm80_xmma_gemm_f32f32_f32f32_f32_tn_n_tilesize128x128x8_stage3_warpsize2x2x1_ffma_aligna4_alignc4_execute_kernel__5x_cublas,gemm,0.8008,1
3.75,softmax_last,attention,0.5451,1
3.75,vsa_combine,attention,9.5475,2
3.75,vsa_mma_attn_tma2,attention,95.7671,1
3.75,vsa_tile_mean,attention,2.42,3
3.75,vsa_tile_qkv,attention,11.4526,3
3.75,vsa_topk2,attention,1.1145,1
3.75,w8a8_quantize,cast_quant,14.623,22
4.0,amax_abs_mixed,cast_quant,2.5093,24
4.0,bcast_binary,norm_elementwise,0.5057,1
4.0,block_copy,layout_copy,0.0747,5
4.0,cast_bf16_f32_bias_act,cast_quant,0.0181,2
4.0,cast_f32_bf16,cast_quant,10.605,10
4.0,fa_dc90_fwd_d128,attention,4.246,2
4.0,fill_f,layout_copy,2.1951,2
4.0,fvf_h3_gate_res_norm_mod,norm_elementwise,2.369,1
4.0,fvf_split_heads_rows,layout_copy,2.4861,2
4.0,h3_qk_norm_rope,norm_elementwise,13.0186,2
4.0,h3_res_gate_norm_mod,norm_elementwise,4.8437,2
4.0,index_select_rows,layout_copy,0.0304,2
4.0,memcpy HtoD,copies_memset,0.0093,2
4.0,memset,copies_memset,0.0665,75
4.0,mx_binary,norm_elementwise,0.0816,4
4.0,mx_block_copy,layout_copy,4.3447,21
4.0,mx_merge_heads,layout_copy,7.049,2
4.0,mx_swiglu,norm_elementwise,6.2662,10
4.0,nvjet_sm90_qqtst_128x160_128x5_1x2_h_bz_coopA_algo2_TNT,gemm,19.7354,5
4.0,nvjet_sm90_qqtst_128x160_128x5_2x1_v_bz_coopA_algo2_TNT,gemm,8.2711,10
4.0,nvjet_sm90_qqtst_144x128_128x6_1x2_h_bz_coopA_algo2_TNN,gemm,17.3726,10
4.0,nvjet_sm90_qqtst_192x96_128x5_2x1_v_bz_coopB_algo2_TNT,gemm,0.2649,1
4.0,nvjet_sm90_tst_256x160_64x4_1x2_h_bz_coopA_TNT,gemm,7.026,1
4.0,sm80_xmma_gemm_f32f32_f32f32_f32_nn_n_tilesize64x128x8_stage3_warpsize1x4x1_ffma_aligna4_alignc4_execute_kernel__5x_cublas,gemm,0.6775,1
4.0,sm80_xmma_gemm_f32f32_f32f32_f32_tn_n_tilesize128x128x8_stage3_warpsize2x2x1_ffma_aligna4_alignc4_execute_kernel__5x_cublas,gemm,0.7944,1
4.0,softmax_last,attention,0.5561,1
4.0,vsa_combine,attention,4.7471,1
4.0,vsa_mma_attn_tma2,attention,95.0295,1
4.0,vsa_tile_mean,attention,2.4267,3
4.0,vsa_tile_qkv,attention,11.4429,3
4.0,vsa_topk2,attention,1.1405,1
4.0,w8a8_quantize,cast_quant,18.0635,24
4.25,amax_abs_mixed,cast_quant,2.6261,30
4.25,bcast_binary,norm_elementwise,0.5403,1
4.25,block_copy,layout_copy,0.0466,3
4.25,cast_bf16_f32_bias_act,cast_quant,0.0092,1
4.25,cast_f32_bf16,cast_quant,6.4434,6
4.25,fa_dc90_fwd_d128,attention,2.169,1
4.25,fill_f,layout_copy,2.3479,2
4.25,fvf_h3_gate_res_norm_mod,norm_elementwise,2.4635,1
4.25,fvf_split_heads_rows,layout_copy,2.5137,2
4.25,h3_qk_norm_rope,norm_elementwise,13.8781,2
4.25,h3_res_gate_norm_mod,norm_elementwise,2.4749,1
4.25,index_select_rows,layout_copy,0.0155,1
4.25,memcpy HtoD,copies_memset,0.0042,1
4.25,memset,copies_memset,0.083,93
4.25,mx_binary,norm_elementwise,0.0421,2
4.25,mx_block_copy,layout_copy,5.111,24
4.25,mx_merge_heads,layout_copy,3.6269,1
4.25,mx_swiglu,norm_elementwise,9.8078,15
4.25,nvjet_sm90_qqtst_128x160_128x5_1x2_h_bz_coopA_algo2_TNT,gemm,15.8782,4
4.25,nvjet_sm90_qqtst_128x160_128x5_2x1_v_bz_coopA_algo2_TNT,gemm,11.7234,14
4.25,nvjet_sm90_qqtst_144x128_128x6_1x2_h_bz_coopA_algo2_TNN,gemm,22.5531,13
4.25,nvjet_sm90_qqtst_192x96_128x5_2x1_v_bz_coopB_algo2_TNT,gemm,0.2711,1
4.25,nvjet_sm90_tst_256x160_64x4_1x2_h_bz_coopA_TNT,gemm,6.8031,1
4.25,sm80_xmma_gemm_f32f32_f32f32_f32_nn_n_tilesize64x128x8_stage3_warpsize1x4x1_ffma_aligna4_alignc4_execute_kernel__5x_cublas,gemm,0.7469,1
4.25,sm80_xmma_gemm_f32f32_f32f32_f32_tn_n_tilesize128x128x8_stage3_warpsize2x2x1_ffma_aligna4_alignc4_execute_kernel__5x_cublas,gemm,0.8714,1
4.25,softmax_last,attention,0.5757,1
4.25,vsa_combine,attention,4.8171,1
4.25,vsa_mma_attn_tma2,attention,96.0292,1
4.25,vsa_tile_mean,attention,2.5229,3
4.25,vsa_tile_qkv,attention,11.9129,3
4.25,vsa_topk2,attention,1.2568,1
4.25,w8a8_quantize,cast_quant,18.9881,30
4.5,amax_abs_mixed,cast_quant,2.7647,33
4.5,bcast_binary,norm_elementwise,0.5005,1
4.5,block_copy,layout_copy,0.0456,3
4.5,cast_bf16_f32_bias_act,cast_quant,0.009,1
4.5,cast_f32_bf16,cast_quant,6.3368,6
4.5,fa_dc90_fwd_d128,attention,2.1299,1
4.5,fill_f,layout_copy,2.1717,2
4.5,fvf_h3_gate_res_norm_mod,norm_elementwise,2.3868,1
4.5,fvf_split_heads_rows,layout_copy,2.4841,2
4.5,h3_qk_norm_rope,norm_elementwise,12.8736,2
4.5,h3_res_gate_norm_mod,norm_elementwise,2.4117,1
4.5,index_select_rows,layout_copy,0.0152,1
4.5,memcpy HtoD,copies_memset,0.0042,1
4.5,memset,copies_memset,0.0885,102
4.5,mx_binary,norm_elementwise,0.0404,2
4.5,mx_block_copy,layout_copy,5.9845,29
4.5,mx_merge_heads,layout_copy,3.4925,1
4.5,mx_swiglu,norm_elementwise,9.2926,15
4.5,nvjet_sm90_qqtst_128x160_128x5_1x2_h_bz_coopA_algo2_TNT,gemm,15.913,4
4.5,nvjet_sm90_qqtst_128x160_128x5_2x1_v_bz_coopA_algo2_TNT,gemm,13.0162,16
4.5,nvjet_sm90_qqtst_144x128_128x6_1x2_h_bz_coopA_algo2_TNN,gemm,22.5422,13
4.5,nvjet_sm90_qqtst_192x96_128x5_2x1_v_bz_coopB_algo2_TNT,gemm,0.5223,2
4.5,nvjet_sm90_tst_256x160_64x4_1x2_h_bz_coopA_TNT,gemm,6.8532,1
4.5,sm80_xmma_gemm_f32f32_f32f32_f32_nn_n_tilesize64x128x8_stage3_warpsize1x4x1_ffma_aligna4_alignc4_execute_kernel__5x_cublas,gemm,0.6659,1
4.5,sm80_xmma_gemm_f32f32_f32f32_f32_tn_n_tilesize128x128x8_stage3_warpsize2x2x1_ffma_aligna4_alignc4_execute_kernel__5x_cublas,gemm,0.7864,1
4.5,softmax_last,attention,0.5548,1
4.5,vsa_combine,attention,4.821,1
4.5,vsa_mma_attn_tma2,attention,95.51,1
4.5,vsa_tile_mean,attention,2.4145,3
4.5,vsa_tile_qkv,attention,11.4343,3
4.5,vsa_topk2,attention,1.1212,1
4.5,w8a8_quantize,cast_quant,19.7124,33
4.75,amax_abs_mixed,cast_quant,2.3669,23
4.75,bcast_binary,norm_elementwise,0.5667,1
4.75,block_copy,layout_copy,0.0455,3
4.75,cast_bf16_f32_bias_act,cast_quant,0.0091,1
4.75,cast_f32_bf16,cast_quant,6.356,6
4.75,fa_dc90_fwd_d128,attention,2.1419,1
4.75,fill_f,layout_copy,2.4688,2
4.75,fvf_h3_gate_res_norm_mod,norm_elementwise,4.7503,2
4.75,fvf_split_heads_rows,layout_copy,2.5367,2
4.75,h3_qk_norm_rope,norm_elementwise,13.0641,2
4.75,h3_res_gate_norm_mod,norm_elementwise,2.4187,1
4.75,index_select_rows,layout_copy,0.0153,1
4.75,memcpy HtoD,copies_memset,0.0042,1
4.75,memset,copies_memset,0.0684,75
4.75,mx_binary,norm_elementwise,0.0411,2
4.75,mx_block_copy,layout_copy,5.3256,26
4.75,mx_merge_heads,layout_copy,3.5131,1
4.75,mx_swiglu,norm_elementwise,6.3455,10
4.75,nvjet_sm90_qqtst_128x160_128x5_1x2_h_bz_coopA_algo2_TNT,gemm,27.9327,7
4.75,nvjet_sm90_qqtst_128x160_128x5_2x1_v_bz_coopA_algo2_TNT,gemm,8.3052,10
4.75,nvjet_sm90_qqtst_144x128_128x6_1x2_h_bz_coopA_algo2_TNN,gemm,15.5735,9
4.75,nvjet_sm90_qqtst_192x96_128x5_2x1_v_bz_coopB_algo2_TNT,gemm,0.2631,1
4.75,nvjet_sm90_tst_256x160_64x4_1x2_h_bz_coopA_TNT,gemm,14.1575,2
4.75,sm80_xmma_gemm_f32f32_f32f32_f32_nn_n_tilesize64x128x8_stage3_warpsize1x4x1_ffma_aligna4_alignc4_execute_kernel__5x_cublas,gemm,0.7992,1
4.75,sm80_xmma_gemm_f32f32_f32f32_f32_tn_n_tilesize128x128x8_stage3_warpsize2x2x1_ffma_aligna4_alignc4_execute_kernel__5x_cublas,gemm,0.9255,1
4.75,softmax_last,attention,0.5917,1
4.75,vsa_combine,attention,4.7322,1
4.75,vsa_mma_attn_tma2,attention,97.2739,1
4.75,vsa_tile_mean,attention,2.6353,3
4.75,vsa_tile_qkv,attention,11.8769,3
4.75,vsa_topk2,attention,1.3423,1
4.75,w8a8_quantize,cast_quant,17.4879,23
5.0,amax_abs_mixed,cast_quant,2.0631,22
5.0,bcast_binary,norm_elementwise,0.499,1
5.0,block_copy,layout_copy,0.0468,3
5.0,cast_bf16_f32_bias_act,cast_quant,0.0092,1
5.0,cast_f32_bf16,cast_quant,6.4447,6
5.0,fa_dc90_fwd_d128,attention,2.1571,1
5.0,fill_f,layout_copy,2.2062,2
5.0,fvf_h3_gate_res_norm_mod,norm_elementwise,2.398,1
5.0,fvf_split_heads_rows,layout_copy,4.9677,4
5.0,h3_qk_norm_rope,norm_elementwise,25.6964,4
5.0,h3_res_gate_norm_mod,norm_elementwise,2.4658,1
5.0,index_select_rows,layout_copy,0.0155,1
5.0,memcpy HtoD,copies_memset,0.0042,1
5.0,memset,copies_memset,0.0593,69
5.0,mx_binary,norm_elementwise,0.0417,2
5.0,mx_block_copy,layout_copy,4.2153,20
5.0,mx_merge_heads,layout_copy,3.6282,1
5.0,mx_swiglu,norm_elementwise,6.4743,10
5.0,nvjet_sm90_qqtst_128x160_128x5_1x2_h_bz_coopA_algo2_TNT,gemm,15.8378,4
5.0,nvjet_sm90_qqtst_128x160_128x5_2x1_v_bz_coopA_algo2_TNT,gemm,8.2903,10
5.0,nvjet_sm90_qqtst_144x128_128x6_1x2_h_bz_coopA_algo2_TNN,gemm,15.6447,9
5.0,nvjet_sm90_qqtst_192x96_128x5_2x1_v_bz_coopB_algo2_TNT,gemm,0.2657,1
5.0,nvjet_sm90_tst_256x160_64x4_1x2_h_bz_coopA_TNT,gemm,6.8292,1
5.0,sm80_xmma_gemm_f32f32_f32f32_f32_nn_n_tilesize64x128x8_stage3_warpsize1x4x1_ffma_aligna4_alignc4_execute_kernel__5x_cublas,gemm,0.6608,1
5.0,sm80_xmma_gemm_f32f32_f32f32_f32_tn_n_tilesize128x128x8_stage3_warpsize2x2x1_ffma_aligna4_alignc4_execute_kernel__5x_cublas,gemm,0.7799,1
5.0,softmax_last,attention,0.553,1
5.0,vsa_combine,attention,4.8185,1
5.0,vsa_mma_attn_tma2,attention,95.3255,1
5.0,vsa_tile_mean,attention,3.2068,4
5.0,vsa_tile_qkv,attention,11.3984,3
5.0,vsa_topk2,attention,1.1128,1
5.0,w8a8_quantize,cast_quant,15.1682,22
5.25,amax_abs_mixed,cast_quant,2.0497,22
5.25,bcast_binary,norm_elementwise,1.0286,2
5.25,block_copy,layout_copy,0.0464,3
5.25,cast_bf16_f32_bias_act,cast_quant,0.0091,1
5.25,cast_f32_bf16,cast_quant,6.4469,6
5.25,fa_dc90_fwd_d128,attention,2.15,1
5.25,fill_f,layout_copy,4.6169,4
5.25,fvf_h3_gate_res_norm_mod,norm_elementwise,2.3133,1
5.25,fvf_split_heads_rows,layout_copy,2.4972,2
5.25,h3_qk_norm_rope,norm_elementwise,13.5911,2
5.25,h3_res_gate_norm_mod,norm_elementwise,2.4149,1
5.25,index_select_rows,layout_copy,0.0158,1
5.25,memcpy HtoD,copies_memset,0.0042,1
5.25,memset,copies_memset,0.0616,69
5.25,mx_binary,norm_elementwise,0.0419,2
5.25,mx_block_copy,layout_copy,4.0862,20
5.25,mx_merge_heads,layout_copy,3.6313,1
5.25,mx_swiglu,norm_elementwise,6.2689,10
5.25,nvjet_sm90_qqtst_128x160_128x5_1x2_h_bz_coopA_algo2_TNT,gemm,15.9443,4
5.25,nvjet_sm90_qqtst_128x160_128x5_2x1_v_bz_coopA_algo2_TNT,gemm,8.2495,10
5.25,nvjet_sm90_qqtst_144x128_128x6_1x2_h_bz_coopA_algo2_TNN,gemm,15.5858,9
5.25,nvjet_sm90_qqtst_192x96_128x5_2x1_v_bz_coopB_algo2_TNT,gemm,0.2595,1
5.25,nvjet_sm90_tst_256x160_64x4_1x2_h_bz_coopA_TNT,gemm,6.9191,1
5.25,sm80_xmma_gemm_f32f32_f32f32_f32_nn_n_tilesize64x128x8_stage3_warpsize1x4x1_ffma_aligna4_alignc4_execute_kernel__5x_cublas,gemm,1.387,2
5.25,sm80_xmma_gemm_f32f32_f32f32_f32_tn_n_tilesize128x128x8_stage3_warpsize2x2x1_ffma_aligna4_alignc4_execute_kernel__5x_cublas,gemm,1.5712,2
5.25,softmax_last,attention,1.122,2
5.25,vsa_combine,attention,4.8217,1
5.25,vsa_mma_attn_tma2,attention,192.8911,2
5.25,vsa_tile_mean,attention,4.0497,5
5.25,vsa_tile_qkv,attention,23.2853,6
5.25,vsa_topk2,attention,2.3692,2
5.25,w8a8_quantize,cast_quant,14.5734,22
5.5,amax_abs_mixed,cast_quant,2.0477,22
5.5,bcast_binary,norm_elementwise,0.503,1
5.5,block_copy,layout_copy,0.0455,3
5.5,cast_bf16_f32_bias_act,cast_quant,0.0089,1
5.5,cast_f32_bf16,cast_quant,6.3527,6
5.5,fa_dc90_fwd_d128,attention,2.1219,1
5.5,fill_f,layout_copy,2.1775,2
5.5,fvf_h3_gate_res_norm_mod,norm_elementwise,2.3423,1
5.5,fvf_split_heads_rows,layout_copy,2.4845,2
5.5,h3_qk_norm_rope,norm_elementwise,12.8201,2
5.5,h3_res_gate_norm_mod,norm_elementwise,2.4214,1
5.5,index_select_rows,layout_copy,0.0151,1
5.5,memcpy HtoD,copies_memset,0.0042,1
5.5,memset,copies_memset,0.0613,69
5.5,mx_binary,norm_elementwise,0.0405,2
5.5,mx_block_copy,layout_copy,4.11,20
5.5,mx_merge_heads,layout_copy,3.5132,1
5.5,mx_swiglu,norm_elementwise,6.2682,10
5.5,nvjet_sm90_qqtst_128x160_128x5_1x2_h_bz_coopA_algo2_TNT,gemm,15.9917,4
5.5,nvjet_sm90_qqtst_128x160_128x5_2x1_v_bz_coopA_algo2_TNT,gemm,8.2497,10
5.5,nvjet_sm90_qqtst_144x128_128x6_1x2_h_bz_coopA_algo2_TNN,gemm,15.578,9
5.5,nvjet_sm90_qqtst_192x96_128x5_2x1_v_bz_coopB_algo2_TNT,gemm,0.2639,1
5.5,nvjet_sm90_tst_256x160_64x4_1x2_h_bz_coopA_TNT,gemm,6.9031,1
5.5,sm80_xmma_gemm_f32f32_f32f32_f32_nn_n_tilesize64x128x8_stage3_warpsize1x4x1_ffma_aligna4_alignc4_execute_kernel__5x_cublas,gemm,0.6725,1
5.5,sm80_xmma_gemm_f32f32_f32f32_f32_tn_n_tilesize128x128x8_stage3_warpsize2x2x1_ffma_aligna4_alignc4_execute_kernel__5x_cublas,gemm,0.7912,1
5.5,softmax_last,attention,0.5563,1
5.5,vsa_combine,attention,4.7316,1
5.5,vsa_mma_attn_tma2,attention,94.6549,1
5.5,vsa_tile_mean,attention,2.4202,3
5.5,vsa_tile_qkv,attention,11.4012,3
5.5,vsa_topk2,attention,1.1314,1
5.5,w8a8_quantize,cast_quant,14.6102,22
5.75,amax_abs_mixed,cast_quant,2.0536,22
5.75,bcast_binary,norm_elementwise,0.5478,1
5.75,block_copy,layout_copy,0.0457,3
5.75,cast_bf16_f32_bias_act,cast_quant,0.0091,1
5.75,cast_f32_bf16,cast_quant,6.3704,6
5.75,fa_dc90_fwd_d128,attention,2.1305,1
5.75,fill_f,layout_copy,2.3856,2
5.75,fvf_h3_gate_res_norm_mod,norm_elementwise,2.4143,1
5.75,fvf_split_heads_rows,layout_copy,2.5173,2
5.75,h3_qk_norm_rope,norm_elementwise,13.902,2
5.75,h3_res_gate_norm_mod,norm_elementwise,2.4278,1
5.75,index_select_rows,layout_copy,0.0152,1
5.75,memcpy HtoD,copies_memset,0.0042,1
5.75,memset,copies_memset,0.0574,69
5.75,mx_binary,norm_elementwise,0.0408,2
5.75,mx_block_copy,layout_copy,4.1884,20
5.75,mx_merge_heads,layout_copy,3.535,1
5.75,mx_swiglu,norm_elementwise,6.3472,10
5.75,nvjet_sm90_qqtst_128x160_128x5_1x2_h_bz_coopA_algo2_TNT,gemm,15.9527,4
5.75,nvjet_sm90_qqtst_128x160_128x5_2x1_v_bz_coopA_algo2_TNT,gemm,8.304,10
5.75,nvjet_sm90_qqtst_144x128_128x6_1x2_h_bz_coopA_algo2_TNN,gemm,15.6449,9
5.75,nvjet_sm90_qqtst_192x96_128x5_2x1_v_bz_coopB_algo2_TNT,gemm,0.268,1
5.75,nvjet_sm90_tst_256x160_64x4_1x2_h_bz_coopA_TNT,gemm,6.8564,1
5.75,sm80_xmma_gemm_f32f32_f32f32_f32_nn_n_tilesize64x128x8_stage3_warpsize1x4x1_ffma_aligna4_alignc4_execute_kernel__5x_cublas,gemm,0.7663,1
5.75,sm80_xmma_gemm_f32f32_f32f32_f32_tn_n_tilesize128x128x8_stage3_warpsize2x2x1_ffma_aligna4_alignc4_execute_kernel__5x_cublas,gemm,0.8913,1
5.75,softmax_last,attention,0.5753,1
5.75,vsa_combine,attention,4.7471,1
5.75,vsa_mma_attn_tma2,attention,96.2138,1
5.75,vsa_tile_mean,attention,2.5556,3
5.75,vsa_tile_qkv,attention,12.0912,3
5.75,vsa_topk2,attention,1.2837,1
5.75,w8a8_quantize,cast_quant,14.8379,22
6.0,amax_abs_mixed,cast_quant,2.061,22
6.0,bcast_binary,norm_elementwise,0.4965,1
6.0,block_copy,layout_copy,0.0473,3
6.0,cast_bf16_f32_bias_act,cast_quant,0.0092,1
6.0,cast_f32_bf16,cast_quant,6.4482,6
6.0,fa_dc90_fwd_d128,attention,2.1724,1
6.0,fill_f,layout_copy,2.1487,2
6.0,fvf_h3_gate_res_norm_mod,norm_elementwise,2.3888,1
6.0,fvf_split_heads_rows,layout_copy,2.4822,2
6.0,h3_qk_norm_rope,norm_elementwise,12.8593,2
6.0,h3_res_gate_norm_mod,norm_elementwise,2.4722,1
6.0,index_select_rows,layout_copy,0.0152,1
6.0,memcpy HtoD,copies_memset,0.0042,1
6.0,memset,copies_memset,0.0601,69
6.0,mx_binary,norm_elementwise,0.042,2
6.0,mx_block_copy,layout_copy,4.1966,20
6.0,mx_merge_heads,layout_copy,3.6328,1
6.0,mx_swiglu,norm_elementwise,6.444,10
6.0,nvjet_sm90_qqtst_128x160_128x5_1x2_h_bz_coopA_algo2_TNT,gemm,15.9774,4
6.0,nvjet_sm90_qqtst_128x160_128x5_2x1_v_bz_coopA_algo2_TNT,gemm,8.359,10
6.0,nvjet_sm90_qqtst_144x128_128x6_1x2_h_bz_coopA_algo2_TNN,gemm,15.57,9
6.0,nvjet_sm90_qqtst_192x96_128x5_2x1_v_bz_coopB_algo2_TNT,gemm,0.2662,1
6.0,nvjet_sm90_tst_256x160_64x4_1x2_h_bz_coopA_TNT,gemm,6.8703,1
6.0,sm80_xmma_gemm_f32f32_f32f32_f32_nn_n_tilesize64x128x8_stage3_warpsize1x4x1_ffma_aligna4_alignc4_execute_kernel__5x_cublas,gemm,0.6573,1
6.0,sm80_xmma_gemm_f32f32_f32f32_f32_tn_n_tilesize128x128x8_stage3_warpsize2x2x1_ffma_aligna4_alignc4_execute_kernel__5x_cublas,gemm,0.7757,1
6.0,softmax_last,attention,0.5526,1
6.0,vsa_combine,attention,4.8211,1
6.0,vsa_mma_attn_tma2,attention,95.5446,1
6.0,vsa_tile_mean,attention,2.4068,3
6.0,vsa_tile_qkv,attention,11.3584,3
6.0,vsa_topk2,attention,1.1076,1
6.0,w8a8_quantize,cast_quant,15.0667,22
6.25,amax_abs_mixed,cast_quant,2.055,22
6.25,bcast_binary,norm_elementwise,0.546,1
6.25,block_copy,layout_copy,0.0465,3
6.25,cast_bf16_f32_bias_act,cast_quant,0.0092,1
6.25,cast_f32_bf16,cast_quant,6.4438,6
6.25,fa_dc90_fwd_d128,attention,2.146,1
6.25,fill_f,layout_copy,2.379,2
6.25,fvf_h3_gate_res_norm_mod,norm_elementwise,2.3655,1
6.25,fvf_split_heads_rows,layout_copy,2.5163,2
6.25,h3_qk_norm_rope,norm_elementwise,13.4089,2
6.25,h3_res_gate_norm_mod,norm_elementwise,2.4695,1
6.25,index_select_rows,layout_copy,0.0157,1
6.25,memcpy HtoD,copies_memset,0.0042,1
6.25,memset,copies_memset,0.0625,69
6.25,mx_binary,norm_elementwise,0.0416,2
6.25,mx_block_copy,layout_copy,4.1281,20
6.25,mx_merge_heads,layout_copy,3.6261,1
6.25,mx_swiglu,norm_elementwise,6.3592,10
6.25,nvjet_sm90_qqtst_128x160_128x5_1x2_h_bz_coopA_algo2_TNT,gemm,16.0226,4
6.25,nvjet_sm90_qqtst_128x160_128x5_2x1_v_bz_coopA_algo2_TNT,gemm,8.3321,10
6.25,nvjet_sm90_qqtst_144x128_128x6_1x2_h_bz_coopA_algo2_TNN,gemm,15.5833,9
6.25,nvjet_sm90_qqtst_192x96_128x5_2x1_v_bz_coopB_algo2_TNT,gemm,0.2576,1
6.25,nvjet_sm90_tst_256x160_64x4_1x2_h_bz_coopA_TNT,gemm,6.9094,1
6.25,sm80_xmma_gemm_f32f32_f32f32_f32_nn_n_tilesize64x128x8_stage3_warpsize1x4x1_ffma_aligna4_alignc4_execute_kernel__5x_cublas,gemm,0.761,1
6.25,sm80_xmma_gemm_f32f32_f32f32_f32_tn_n_tilesize128x128x8_stage3_warpsize2x2x1_ffma_aligna4_alignc4_execute_kernel__5x_cublas,gemm,0.8887,1
6.25,softmax_last,attention,0.5789,1
6.25,vsa_combine,attention,4.8322,1
6.25,vsa_mma_attn_tma2,attention,96.0556,1
6.25,vsa_tile_mean,attention,2.5495,3
6.25,vsa_tile_qkv,attention,11.6099,3
6.25,vsa_topk2,attention,1.2807,1
6.25,w8a8_quantize,cast_quant,14.8976,22
6.5,amax_abs_mixed,cast_quant,2.0508,22
6.5,bcast_binary,norm_elementwise,0.4987,1
6.5,block_copy,layout_copy,0.0923,6
6.5,cast_bf16_f32_bias_act,cast_quant,0.0183,2
6.5,cast_f32_bf16,cast_quant,12.8135,12
6.5,fa_dc90_fwd_d128,attention,4.2636,2
6.5,fill_f,layout_copy,2.2078,2
6.5,fvf_h3_gate_res_norm_mod,norm_elementwise,2.3781,1
6.5,fvf_split_heads_rows,layout_copy,2.494,2
6.5,h3_qk_norm_rope,norm_elementwise,13.4745,2
6.5,h3_res_gate_norm_mod,norm_elementwise,2.4301,1
6.5,index_select_rows,layout_copy,0.031,2
6.5,memcpy HtoD,copies_memset,0.0084,2
6.5,memset,copies_memset,0.0584,69
6.5,mx_binary,norm_elementwise,0.0824,4
6.5,mx_block_copy,layout_copy,4.1562,20
6.5,mx_merge_heads,layout_copy,3.5352,1
6.5,mx_swiglu,norm_elementwise,6.3444,10
6.5,nvjet_sm90_qqtst_128x160_128x5_1x2_h_bz_coopA_algo2_TNT,gemm,15.9737,4
6.5,nvjet_sm90_qqtst_128x160_128x5_2x1_v_bz_coopA_algo2_TNT,gemm,8.3412,10
6.5,nvjet_sm90_qqtst_144x128_128x6_1x2_h_bz_coopA_algo2_TNN,gemm,15.5544,9
6.5,nvjet_sm90_qqtst_192x96_128x5_2x1_v_bz_coopB_algo2_TNT,gemm,0.2635,1
6.5,nvjet_sm90_tst_256x160_64x4_1x2_h_bz_coopA_TNT,gemm,7.2545,1
6.5,sm80_xmma_gemm_f32f32_f32f32_f32_nn_n_tilesize64x128x8_stage3_warpsize1x4x1_ffma_aligna4_alignc4_execute_kernel__5x_cublas,gemm,0.6617,1
6.5,sm80_xmma_gemm_f32f32_f32f32_f32_tn_n_tilesize128x128x8_stage3_warpsize2x2x1_ffma_aligna4_alignc4_execute_kernel__5x_cublas,gemm,0.7806,1
6.5,softmax_last,attention,0.5509,1
6.5,vsa_combine,attention,9.5679,2
6.5,vsa_mma_attn_tma2,attention,95.4687,1
6.5,vsa_tile_mean,attention,2.411,3
6.5,vsa_tile_qkv,attention,11.4035,3
6.5,vsa_topk2,attention,1.1156,1
6.5,w8a8_quantize,cast_quant,14.9452,22
6.75,amax_abs_mixed,cast_quant,2.6628,26
6.75,bcast_binary,norm_elementwise,0.5326,1
6.75,block_copy,layout_copy,0.0474,3
6.75,cast_bf16_f32_bias_act,cast_quant,0.0093,1
6.75,cast_f32_bf16,cast_quant,6.4604,6
6.75,fa_dc90_fwd_d128,attention,2.1669,1
6.75,fill_f,layout_copy,2.3171,2
6.75,fvf_h3_gate_res_norm_mod,norm_elementwise,2.3841,1
6.75,fvf_split_heads_rows,layout_copy,2.4726,2
6.75,h3_qk_norm_rope,norm_elementwise,12.1104,2
6.75,h3_res_gate_norm_mod,norm_elementwise,4.9386,2
6.75,index_select_rows,layout_copy,0.0159,1
6.75,memcpy HtoD,copies_memset,0.0042,1
6.75,memset,copies_memset,0.0681,81
6.75,mx_binary,norm_elementwise,0.0422,2
6.75,mx_block_copy,layout_copy,4.6459,22
6.75,mx_merge_heads,layout_copy,7.2755,2
6.75,mx_swiglu,norm_elementwise,7.1742,11
6.75,nvjet_sm90_qqtst_128x160_128x5_1x2_h_bz_coopA_algo2_TNT,gemm,19.9704,5
6.75,nvjet_sm90_qqtst_128x160_128x5_2x1_v_bz_coopA_algo2_TNT,gemm,9.2709,11
6.75,nvjet_sm90_qqtst_144x128_128x6_1x2_h_bz_coopA_algo2_TNN,gemm,19.0695,11
6.75,nvjet_sm90_qqtst_192x96_128x5_2x1_v_bz_coopB_algo2_TNT,gemm,0.2648,1
6.75,nvjet_sm90_tst_256x160_64x4_1x2_h_bz_coopA_TNT,gemm,6.9388,1
6.75,sm80_xmma_gemm_f32f32_f32f32_f32_nn_n_tilesize64x128x8_stage3_warpsize1x4x1_ffma_aligna4_alignc4_execute_kernel__5x_cublas,gemm,0.7323,1
6.75,sm80_xmma_gemm_f32f32_f32f32_f32_tn_n_tilesize128x128x8_stage3_warpsize2x2x1_ffma_aligna4_alignc4_execute_kernel__5x_cublas,gemm,0.8202,1
6.75,softmax_last,attention,0.5708,1
6.75,vsa_combine,attention,4.8326,1
6.75,vsa_mma_attn_tma2,attention,96.5989,1
6.75,vsa_tile_mean,attention,2.4218,3
6.75,vsa_tile_qkv,attention,11.6692,3
6.75,vsa_topk2,attention,1.2363,1
6.75,w8a8_quantize,cast_quant,19.6239,26
7.0,amax_abs_mixed,cast_quant,2.7582,32
7.0,bcast_binary,norm_elementwise,0.4978,1
7.0,block_copy,layout_copy,0.0452,3
7.0,cast_bf16_f32_bias_act,cast_quant,0.0089,1
7.0,cast_f32_bf16,cast_quant,6.353,6
7.0,fa_dc90_fwd_d128,attention,2.129,1
7.0,fill_f,layout_copy,2.2064,2
7.0,fvf_h3_gate_res_norm_mod,norm_elementwise,2.3541,1
7.0,fvf_split_heads_rows,layout_copy,2.5059,2
7.0,h3_qk_norm_rope,norm_elementwise,13.9613,2
7.0,h3_res_gate_norm_mod,norm_elementwise,2.4149,1
7.0,index_select_rows,layout_copy,0.0156,1
7.0,memcpy HtoD,copies_memset,0.0042,1
7.0,memset,copies_memset,0.0852,98
7.0,mx_binary,norm_elementwise,0.0407,2
7.0,mx_block_copy,layout_copy,5.2175,25
7.0,mx_merge_heads,layout_copy,3.5125,1
7.0,mx_swiglu,norm_elementwise,9.7129,15
7.0,nvjet_sm90_qqtst_128x160_128x5_1x2_h_bz_coopA_algo2_TNT,gemm,16.0896,4
7.0,nvjet_sm90_qqtst_128x160_128x5_2x1_v_bz_coopA_algo2_TNT,gemm,12.7408,15
7.0,nvjet_sm90_qqtst_144x128_128x6_1x2_h_bz_coopA_algo2_TNN,gemm,22.5799,13
7.0,nvjet_sm90_qqtst_192x96_128x5_2x1_v_bz_coopB_algo2_TNT,gemm,0.2654,1
7.0,nvjet_sm90_tst_256x160_64x4_1x2_h_bz_coopA_TNT,gemm,7.0604,1
7.0,sm80_xmma_gemm_f32f32_f32f32_f32_nn_n_tilesize64x128x8_stage3_warpsize1x4x1_ffma_aligna4_alignc4_execute_kernel__5x_cublas,gemm,0.6614,1
7.0,sm80_xmma_gemm_f32f32_f32f32_f32_tn_n_tilesize128x128x8_stage3_warpsize2x2x1_ffma_aligna4_alignc4_execute_kernel__5x_cublas,gemm,0.8261,1
7.0,softmax_last,attention,0.5537,1
7.0,vsa_combine,attention,4.7347,1
7.0,vsa_mma_attn_tma2,attention,94.9755,1
7.0,vsa_tile_mean,attention,2.4612,3
7.0,vsa_tile_qkv,attention,11.4051,3
7.0,vsa_topk2,attention,1.1154,1
7.0,w8a8_quantize,cast_quant,19.5641,32
7.25,amax_abs_mixed,cast_quant,2.7967,30
7.25,bcast_binary,norm_elementwise,0.5114,1
7.25,block_copy,layout_copy,0.0459,3
7.25,cast_bf16_f32_bias_act,cast_quant,0.009,1
7.25,cast_f32_bf16,cast_quant,6.3693,6
7.25,fa_dc90_fwd_d128,attention,2.1453,1
7.25,fill_f,layout_copy,2.2222,2
7.25,fvf_h3_gate_res_norm_mod,norm_elementwise,4.7668,2
7.25,fvf_split_heads_rows,layout_copy,2.4902,2
7.25,h3_qk_norm_rope,norm_elementwise,13.1534,2
7.25,h3_res_gate_norm_mod,norm_elementwise,2.4268,1
7.25,index_select_rows,layout_copy,0.0156,1
7.25,memcpy HtoD,copies_memset,0.0043,1
7.25,memset,copies_memset,0.0797,93
7.25,mx_binary,norm_elementwise,0.041,2
7.25,mx_block_copy,layout_copy,6.7912,33
7.25,mx_merge_heads,layout_copy,3.5354,1
7.25,mx_swiglu,norm_elementwise,8.5691,14
7.25,nvjet_sm90_qqtst_128x160_128x5_1x2_h_bz_coopA_algo2_TNT,gemm,16.1446,4
7.25,nvjet_sm90_qqtst_128x160_128x5_2x1_v_bz_coopA_algo2_TNT,gemm,11.514,14
7.25,nvjet_sm90_qqtst_144x128_128x6_1x2_h_bz_coopA_algo2_TNN,gemm,20.809,12
7.25,nvjet_sm90_qqtst_192x96_128x5_2x1_v_bz_coopB_algo2_TNT,gemm,0.5349,2
7.25,nvjet_sm90_tst_256x160_64x4_1x2_h_bz_coopA_TNT,gemm,7.0957,1
7.25,sm80_xmma_gemm_f32f32_f32f32_f32_nn_n_tilesize64x128x8_stage3_warpsize1x4x1_ffma_aligna4_alignc4_execute_kernel__5x_cublas,gemm,0.6898,1
7.25,sm80_xmma_gemm_f32f32_f32f32_f32_tn_n_tilesize128x128x8_stage3_warpsize2x2x1_ffma_aligna4_alignc4_execute_kernel__5x_cublas,gemm,0.8093,1
7.25,softmax_last,attention,0.5587,1
7.25,vsa_combine,attention,4.7489,1
7.25,vsa_mma_attn_tma2,attention,95.3859,1
7.25,vsa_tile_mean,attention,2.4377,3
7.25,vsa_tile_qkv,attention,11.5051,3
7.25,vsa_topk2,attention,1.1627,1
7.25,w8a8_quantize,cast_quant,20.3706,30
7.5,amax_abs_mixed,cast_quant,2.0608,22
7.5,bcast_binary,norm_elementwise,0.4904,1
7.5,block_copy,layout_copy,0.0467,3
7.5,cast_bf16_f32_bias_act,cast_quant,0.0092,1
7.5,cast_f32_bf16,cast_quant,6.4471,6
7.5,fa_dc90_fwd_d128,attention,2.1272,1
7.5,fill_f,layout_copy,2.1544,2
7.5,fvf_h3_gate_res_norm_mod,norm_elementwise,2.4012,1
7.5,fvf_split_heads_rows,layout_copy,2.4757,2
7.5,h3_qk_norm_rope,norm_elementwise,18.9012,3
7.5,h3_res_gate_norm_mod,norm_elementwise,2.4775,1
7.5,index_select_rows,layout_copy,0.0155,1
7.5,memcpy HtoD,copies_memset,0.0041,1
7.5,memset,copies_memset,0.0624,73
7.5,mx_binary,norm_elementwise,0.0418,2
7.5,mx_block_copy,layout_copy,4.2007,20
7.5,mx_merge_heads,layout_copy,3.6324,1
7.5,mx_swiglu,norm_elementwise,6.4684,10
7.5,nvjet_sm90_qqtst_128x160_128x5_1x2_h_bz_coopA_algo2_TNT,gemm,28.1405,7
7.5,nvjet_sm90_qqtst_128x160_128x5_2x1_v_bz_coopA_algo2_TNT,gemm,8.431,10
7.5,nvjet_sm90_qqtst_144x128_128x6_1x2_h_bz_coopA_algo2_TNN,gemm,15.699,9
7.5,nvjet_sm90_qqtst_192x96_128x5_2x1_v_bz_coopB_algo2_TNT,gemm,0.2667,1
7.5,nvjet_sm90_tst_256x160_64x4_1x2_h_bz_coopA_TNT,gemm,14.0495,2
7.5,sm80_xmma_gemm_f32f32_f32f32_f32_nn_n_tilesize64x128x8_stage3_warpsize1x4x1_ffma_aligna4_alignc4_execute_kernel__5x_cublas,gemm,0.6444,1
7.5,sm80_xmma_gemm_f32f32_f32f32_f32_tn_n_tilesize128x128x8_stage3_warpsize2x2x1_ffma_aligna4_alignc4_execute_kernel__5x_cublas,gemm,0.7603,1
7.5,softmax_last,attention,0.5488,1
7.5,vsa_combine,attention,4.8204,1
7.5,vsa_mma_attn_tma2,attention,96.4631,1
7.5,vsa_tile_mean,attention,2.396,3
7.5,vsa_tile_qkv,attention,11.2682,3
7.5,vsa_topk2,attention,1.0901,1
7.5,w8a8_quantize,cast_quant,15.1123,22
7.75,amax_abs_mixed,cast_quant,2.0526,22
7.75,bcast_binary,norm_elementwise,1.0819,2
7.75,block_copy,layout_copy,0.0459,3
7.75,cast_bf16_f32_bias_act,cast_quant,0.009,1
7.75,cast_f32_bf16,cast_quant,6.3461,6
7.75,fa_dc90_fwd_d128,attention,2.1207,1
7.75,fill_f,layout_copy,3.4519,3
7.75,fvf_h3_gate_res_norm_mod,norm_elementwise,2.3552,1
7.75,fvf_split_heads_rows,layout_copy,5.0401,4
7.75,h3_qk_norm_rope,norm_elementwise,20.1594,3
7.75,h3_res_gate_norm_mod,norm_elementwise,2.4004,1
7.75,index_select_rows,layout_copy,0.0151,1
7.75,memcpy HtoD,copies_memset,0.0042,1
7.75,memset,copies_memset,0.062,69
7.75,mx_binary,norm_elementwise,0.0404,2
7.75,mx_block_copy,layout_copy,4.1075,20
7.75,mx_merge_heads,layout_copy,3.4929,1
7.75,mx_swiglu,norm_elementwise,6.3501,10
7.75,nvjet_sm90_qqtst_128x160_128x5_1x2_h_bz_coopA_algo2_TNT,gemm,16.1448,4
7.75,nvjet_sm90_qqtst_128x160_128x5_2x1_v_bz_coopA_algo2_TNT,gemm,8.403,10
7.75,nvjet_sm90_qqtst_144x128_128x6_1x2_h_bz_coopA_algo2_TNN,gemm,15.6388,9
7.75,nvjet_sm90_qqtst_192x96_128x5_2x1_v_bz_coopB_algo2_TNT,gemm,0.2625,1
7.75,nvjet_sm90_tst_256x160_64x4_1x2_h_bz_coopA_TNT,gemm,7.0373,1
7.75,sm80_xmma_gemm_f32f32_f32f32_f32_nn_n_tilesize64x128x8_stage3_warpsize1x4x1_ffma_aligna4_alignc4_execute_kernel__5x_cublas,gemm,1.4919,2
7.75,sm80_xmma_gemm_f32f32_f32f32_f32_tn_n_tilesize128x128x8_stage3_warpsize2x2x1_ffma_aligna4_alignc4_execute_kernel__5x_cublas,gemm,1.7376,2
7.75,softmax_last,attention,1.1561,2
7.75,vsa_combine,attention,4.8223,1
7.75,vsa_mma_attn_tma2,attention,95.528,1
7.75,vsa_tile_mean,attention,5.1137,6
7.75,vsa_tile_qkv,attention,11.4404,3
7.75,vsa_topk2,attention,2.5161,2
7.75,w8a8_quantize,cast_quant,14.7316,22
8.0,amax_abs_mixed,cast_quant,2.0518,22
8.0,bcast_binary,norm_elementwise,0.5009,1
8.0,block_copy,layout_copy,0.0454,3
8.0,cast_bf16_f32_bias_act,cast_quant,0.009,1
8.0,cast_f32_bf16,cast_quant,6.3529,6
8.0,fa_dc90_fwd_d128,attention,2.1156,1
8.0,fill_f,layout_copy,3.4615,3
8.0,fvf_h3_gate_res_norm_mod,norm_elementwise,2.4231,1
8.0,fvf_split_heads_rows,layout_copy,2.4863,2
8.0,h3_qk_norm_rope,norm_elementwise,13.3558,2
8.0,h3_res_gate_norm_mod,norm_elementwise,2.4134,1
8.0,index_select_rows,layout_copy,0.0154,1
8.0,memcpy HtoD,copies_memset,0.0042,1
8.0,memset,copies_memset,0.0606,69
8.0,mx_binary,norm_elementwise,0.0406,2
8.0,mx_block_copy,layout_copy,4.138,20
8.0,mx_merge_heads,layout_copy,3.5122,1
8.0,mx_swiglu,norm_elementwise,6.3437,10
8.0,nvjet_sm90_qqtst_128x160_128x5_1x2_h_bz_coopA_algo2_TNT,gemm,16.1953,4
8.0,nvjet_sm90_qqtst_128x160_128x5_2x1_v_bz_coopA_algo2_TNT,gemm,8.4123,10
8.0,nvjet_sm90_qqtst_144x128_128x6_1x2_h_bz_coopA_algo2_TNN,gemm,15.6395,9
8.0,nvjet_sm90_qqtst_192x96_128x5_2x1_v_bz_coopB_algo2_TNT,gemm,0.2651,1
8.0,nvjet_sm90_tst_256x160_64x4_1x2_h_bz_coopA_TNT,gemm,7.2105,1
8.0,sm80_xmma_gemm_f32f32_f32f32_f32_nn_n_tilesize64x128x8_stage3_warpsize1x4x1_ffma_aligna4_alignc4_execute_kernel__5x_cublas,gemm,0.6662,1
8.0,sm80_xmma_gemm_f32f32_f32f32_f32_tn_n_tilesize128x128x8_stage3_warpsize2x2x1_ffma_aligna4_alignc4_execute_kernel__5x_cublas,gemm,0.7839,1
8.0,softmax_last,attention,0.5541,1
8.0,vsa_combine,attention,4.7328,1
8.0,vsa_mma_attn_tma2,attention,193.1663,2
8.0,vsa_tile_mean,attention,2.4155,3
8.0,vsa_tile_qkv,attention,23.3135,6
8.0,vsa_topk2,attention,1.1259,1
8.0,w8a8_quantize,cast_quant,14.8839,22
8.25,amax_abs_mixed,cast_quant,2.057,22
8.25,bcast_binary,norm_elementwise,0.5624,1
8.25,block_copy,layout_copy,0.0473,3
8.25,cast_bf16_f32_bias_act,cast_quant,0.0092,1
8.25,cast_f32_bf16,cast_quant,6.446,6
8.25,fa_dc90_fwd_d128,attention,2.1632,1
8.25,fill_f,layout_copy,2.446,2
8.25,fvf_h3_gate_res_norm_mod,norm_elementwise,2.3858,1
8.25,fvf_split_heads_rows,layout_copy,2.4854,2
8.25,h3_qk_norm_rope,norm_elementwise,12.2972,2
8.25,h3_res_gate_norm_mod,norm_elementwise,2.4889,1
8.25,index_select_rows,layout_copy,0.0154,1
8.25,memcpy HtoD,copies_memset,0.0042,1
8.25,memset,copies_memset,0.0606,69
8.25,mx_binary,norm_elementwise,0.0419,2
8.25,mx_block_copy,layout_copy,4.1929,20
8.25,mx_merge_heads,layout_copy,3.6332,1
8.25,mx_swiglu,norm_elementwise,6.4743,10
8.25,nvjet_sm90_qqtst_128x160_128x5_1x2_h_bz_coopA_algo2_TNT,gemm,16.1491,4
8.25,nvjet_sm90_qqtst_128x160_128x5_2x1_v_bz_coopA_algo2_TNT,gemm,8.4155,10
8.25,nvjet_sm90_qqtst_144x128_128x6_1x2_h_bz_coopA_algo2_TNN,gemm,15.6015,9
8.25,nvjet_sm90_qqtst_192x96_128x5_2x1_v_bz_coopB_algo2_TNT,gemm,0.2672,1
8.25,nvjet_sm90_tst_256x160_64x4_1x2_h_bz_coopA_TNT,gemm,7.0609,1
8.25,sm80_xmma_gemm_f32f32_f32f32_f32_nn_n_tilesize64x128x8_stage3_warpsize1x4x1_ffma_aligna4_alignc4_execute_kernel__5x_cublas,gemm,0.7904,1
8.25,sm80_xmma_gemm_f32f32_f32f32_f32_tn_n_tilesize128x128x8_stage3_warpsize2x2x1_ffma_aligna4_alignc4_execute_kernel__5x_cublas,gemm,0.9151,1
8.25,softmax_last,attention,0.5878,1
8.25,vsa_combine,attention,4.8214,1
8.25,vsa_mma_attn_tma2,attention,97.049,1
8.25,vsa_tile_mean,attention,2.6131,3
8.25,vsa_tile_qkv,attention,11.7705,3
8.25,vsa_topk2,attention,1.3337,1
8.25,w8a8_quantize,cast_quant,15.0941,22
8.5,amax_abs_mixed,cast_quant,2.0479,22
8.5,bcast_binary,norm_elementwise,0.514,1
8.5,block_copy,layout_copy,0.0461,3
8.5,cast_bf16_f32_bias_act,cast_quant,0.0092,1
8.5,cast_f32_bf16,cast_quant,6.4502,6
8.5,fa_dc90_fwd_d128,attention,2.1663,1
8.5,fill_f,layout_copy,2.2517,2
8.5,fvf_h3_gate_res_norm_mod,norm_elementwise,2.3149,1
8.5,fvf_split_heads_rows,layout_copy,2.4847,2
8.5,h3_qk_norm_rope,norm_elementwise,13.0185,2
8.5,h3_res_gate_norm_mod,norm_elementwise,2.408,1
8.5,index_select_rows,layout_copy,0.0156,1
8.5,memcpy HtoD,copies_memset,0.0042,1
8.5,memset,copies_memset,0.0635,69
8.5,mx_binary,norm_elementwise,0.042,2
8.5,mx_block_copy,layout_copy,4.0946,20
8.5,mx_merge_heads,layout_copy,3.5079,1
8.5,mx_swiglu,norm_elementwise,6.2943,10
8.5,nvjet_sm90_qqtst_128x160_128x5_1x2_h_bz_coopA_algo2_TNT,gemm,16.128,4
8.5,nvjet_sm90_qqtst_128x160_128x5_2x1_v_bz_coopA_algo2_TNT,gemm,8.3084,10
8.5,nvjet_sm90_qqtst_144x128_128x6_1x2_h_bz_coopA_algo2_TNN,gemm,15.723,9
8.5,nvjet_sm90_qqtst_192x96_128x5_2x1_v_bz_coopB_algo2_TNT,gemm,0.2618,1
8.5,nvjet_sm90_tst_256x160_64x4_1x2_h_bz_coopA_TNT,gemm,7.071,1
8.5,sm80_xmma_gemm_f32f32_f32f32_f32_nn_n_tilesize64x128x8_stage3_warpsize1x4x1_ffma_aligna4_alignc4_execute_kernel__5x_cublas,gemm,0.6941,1
8.5,sm80_xmma_gemm_f32f32_f32f32_f32_tn_n_tilesize128x128x8_stage3_warpsize2x2x1_ffma_aligna4_alignc4_execute_kernel__5x_cublas,gemm,0.7869,1
8.5,softmax_last,attention,0.5627,1
8.5,vsa_combine,attention,4.8205,1
8.5,vsa_mma_attn_tma2,attention,96.0853,1
8.5,vsa_tile_mean,attention,2.4142,3
8.5,vsa_tile_qkv,attention,11.6972,3
8.5,vsa_topk2,attention,1.173,1
8.5,w8a8_quantize,cast_quant,14.5847,22
8.75,amax_abs_mixed,cast_quant,2.0525,22
8.75,bcast_binary,norm_elementwise,0.5513,1
8.75,block_copy,layout_copy,0.0458,3
8.75,cast_bf16_f32_bias_act,cast_quant,0.009,1
8.75,cast_f32_bf16,cast_quant,6.3527,6
8.75,fa_dc90_fwd_d128,attention,2.1237,1
8.75,fill_f,layout_copy,2.4051,2
8.75,fvf_h3_gate_res_norm_mod,norm_elementwise,2.3553,1
8.75,fvf_split_heads_rows,layout_copy,2.5234,2
8.75,h3_qk_norm_rope,norm_elementwise,13.4174,2
8.75,h3_res_gate_norm_mod,norm_elementwise,2.4107,1
8.75,index_select_rows,layout_copy,0.0153,1
8.75,memcpy HtoD,copies_memset,0.0042,1
8.75,memset,copies_memset,0.0566,69
8.75,mx_binary,norm_elementwise,0.0406,2
8.75,mx_block_copy,layout_copy,4.1364,20
8.75,mx_merge_heads,layout_copy,3.5137,1
8.75,mx_swiglu,norm_elementwise,6.3094,10
8.75,nvjet_sm90_qqtst_128x160_128x5_1x2_h_bz_coopA_algo2_TNT,gemm,16.1801,4
8.75,nvjet_sm90_qqtst_128x160_128x5_2x1_v_bz_coopA_algo2_TNT,gemm,8.3882,10
8.75,nvjet_sm90_qqtst_144x128_128x6_1x2_h_bz_coopA_algo2_TNN,gemm,15.6586,9
8.75,nvjet_sm90_qqtst_192x96_128x5_2x1_v_bz_coopB_algo2_TNT,gemm,0.266,1
8.75,nvjet_sm90_tst_256x160_64x4_1x2_h_bz_coopA_TNT,gemm,7.0644,1
8.75,sm80_xmma_gemm_f32f32_f32f32_f32_nn_n_tilesize64x128x8_stage3_warpsize1x4x1_ffma_aligna4_alignc4_execute_kernel__5x_cublas,gemm,0.7716,1
8.75,sm80_xmma_gemm_f32f32_f32f32_f32_tn_n_tilesize128x128x8_stage3_warpsize2x2x1_ffma_aligna4_alignc4_execute_kernel__5x_cublas,gemm,0.8933,1
8.75,softmax_last,attention,0.5787,1
8.75,vsa_combine,attention,4.7324,1
8.75,vsa_mma_attn_tma2,attention,97.3324,1
8.75,vsa_tile_mean,attention,2.5661,3
8.75,vsa_tile_qkv,attention,11.7489,3
8.75,vsa_topk2,attention,1.2972,1
8.75,w8a8_quantize,cast_quant,14.7078,22
9.0,amax_abs_mixed,cast_quant,2.0616,22
9.0,bcast_binary,norm_elementwise,0.514,1
9.0,block_copy,layout_copy,0.0463,3
9.0,cast_bf16_f32_bias_act,cast_quant,0.0092,1
9.0,cast_f32_bf16,cast_quant,6.4436,6
9.0,fa_dc90_fwd_d128,attention,2.1575,1
9.0,fill_f,layout_copy,2.3187,2
9.0,fvf_h3_gate_res_norm_mod,norm_elementwise,2.4294,1
9.0,fvf_split_heads_rows,layout_copy,2.493,2
9.0,h3_qk_norm_rope,norm_elementwise,13.3559,2
9.0,h3_res_gate_norm_mod,norm_elementwise,2.4809,1
9.0,index_select_rows,layout_copy,0.0156,1
9.0,memcpy HtoD,copies_memset,0.0042,1
9.0,memset,copies_memset,0.0571,69
9.0,mx_binary,norm_elementwise,0.0416,2
9.0,mx_block_copy,layout_copy,4.1825,20
9.0,mx_merge_heads,layout_copy,3.6265,1
9.0,mx_swiglu,norm_elementwise,6.4342,10
9.0,nvjet_sm90_qqtst_128x160_128x5_1x2_h_bz_coopA_algo2_TNT,gemm,16.142,4
9.0,nvjet_sm90_qqtst_128x160_128x5_2x1_v_bz_coopA_algo2_TNT,gemm,8.394,10
9.0,nvjet_sm90_qqtst_144x128_128x6_1x2_h_bz_coopA_algo2_TNN,gemm,15.6234,9
9.0,nvjet_sm90_qqtst_192x96_128x5_2x1_v_bz_coopB_algo2_TNT,gemm,0.2672,1
9.0,nvjet_sm90_tst_256x160_64x4_1x2_h_bz_coopA_TNT,gemm,7.1878,1
9.0,sm80_xmma_gemm_f32f32_f32f32_f32_nn_n_tilesize64x128x8_stage3_warpsize1x4x1_ffma_aligna4_alignc4_execute_kernel__5x_cublas,gemm,0.6954,1
9.0,sm80_xmma_gemm_f32f32_f32f32_f32_tn_n_tilesize128x128x8_stage3_warpsize2x2x1_ffma_aligna4_alignc4_execute_kernel__5x_cublas,gemm,0.8132,1
9.0,softmax_last,attention,0.5612,1
9.0,vsa_combine,attention,4.8198,1
9.0,vsa_mma_attn_tma2,attention,96.8582,1
9.0,vsa_tile_mean,attention,2.446,3
9.0,vsa_tile_qkv,attention,11.6911,3
9.0,vsa_topk2,attention,1.1722,1
9.0,w8a8_quantize,cast_quant,15.0887,22
9.25,amax_abs_mixed,cast_quant,2.0505,22
9.25,bcast_binary,norm_elementwise,0.5392,1
9.25,block_copy,layout_copy,0.0632,4
9.25,cast_bf16_f32_bias_act,cast_quant,0.0092,1
9.25,cast_f32_bf16,cast_quant,8.5651,8
9.25,fa_dc90_fwd_d128,attention,2.163,1
9.25,fill_f,layout_copy,2.3894,2
9.25,fvf_h3_gate_res_norm_mod,norm_elementwise,2.3572,1
9.25,fvf_split_heads_rows,layout_copy,2.5204,2
9.25,h3_qk_norm_rope,norm_elementwise,13.479,2
9.25,h3_res_gate_norm_mod,norm_elementwise,2.4204,1
9.25,index_select_rows,layout_copy,0.0158,1
9.25,memcpy HtoD,copies_memset,0.0042,1
9.25,memset,copies_memset,0.0611,69
9.25,mx_binary,norm_elementwise,0.0421,2
9.25,mx_block_copy,layout_copy,4.1297,20
9.25,mx_merge_heads,layout_copy,3.6329,1
9.25,mx_swiglu,norm_elementwise,6.3184,10
9.25,nvjet_sm90_qqtst_128x160_128x5_1x2_h_bz_coopA_algo2_TNT,gemm,16.1482,4
9.25,nvjet_sm90_qqtst_128x160_128x5_2x1_v_bz_coopA_algo2_TNT,gemm,8.372,10
9.25,nvjet_sm90_qqtst_144x128_128x6_1x2_h_bz_coopA_algo2_TNN,gemm,15.6525,9
9.25,nvjet_sm90_qqtst_192x96_128x5_2x1_v_bz_coopB_algo2_TNT,gemm,0.2642,1
9.25,nvjet_sm90_tst_256x160_64x4_1x2_h_bz_coopA_TNT,gemm,7.0686,1
9.25,sm80_xmma_gemm_f32f32_f32f32_f32_nn_n_tilesize64x128x8_stage3_warpsize1x4x1_ffma_aligna4_alignc4_execute_kernel__5x_cublas,gemm,0.7403,1
9.25,sm80_xmma_gemm_f32f32_f32f32_f32_tn_n_tilesize128x128x8_stage3_warpsize2x2x1_ffma_aligna4_alignc4_execute_kernel__5x_cublas,gemm,0.8609,1
9.25,softmax_last,attention,0.5853,1
9.25,vsa_combine,attention,9.5518,2
9.25,vsa_mma_attn_tma2,attention,98.9762,1
9.25,vsa_tile_mean,attention,2.5183,3
9.25,vsa_tile_qkv,attention,11.643,3
9.25,vsa_topk2,attention,1.248,1
9.25,w8a8_quantize,cast_quant,14.8119,22
9.5,amax_abs_mixed,cast_quant,2.5101,24
9.5,bcast_binary,norm_elementwise,0.5116,1
9.5,block_copy,layout_copy,0.0748,5
9.5,cast_bf16_f32_bias_act,cast_quant,0.018,2
9.5,cast_f32_bf16,cast_quant,10.6037,10
9.5,fa_dc90_fwd_d128,attention,4.2129,2
9.5,fill_f,layout_copy,2.2222,2
9.5,fvf_h3_gate_res_norm_mod,norm_elementwise,2.3396,1
9.5,fvf_split_heads_rows,layout_copy,2.491,2
9.5,h3_qk_norm_rope,norm_elementwise,13.3404,2
9.5,h3_res_gate_norm_mod,norm_elementwise,4.8419,2
9.5,index_select_rows,layout_copy,0.0303,2
9.5,memcpy HtoD,copies_memset,0.0084,2
9.5,memset,copies_memset,0.066,75
9.5,mx_binary,norm_elementwise,0.0815,4
9.5,mx_block_copy,layout_copy,4.3242,21
9.5,mx_merge_heads,layout_copy,7.0486,2
9.5,mx_swiglu,norm_elementwise,6.2352,10
9.5,nvjet_sm90_qqtst_128x160_128x5_1x2_h_bz_coopA_algo2_TNT,gemm,20.0879,5
9.5,nvjet_sm90_qqtst_128x160_128x5_2x1_v_bz_coopA_algo2_TNT,gemm,8.4193,10
9.5,nvjet_sm90_qqtst_144x128_128x6_1x2_h_bz_coopA_algo2_TNN,gemm,17.4269,10
9.5,nvjet_sm90_qqtst_192x96_128x5_2x1_v_bz_coopB_algo2_TNT,gemm,0.2667,1
9.5,nvjet_sm90_tst_256x160_64x4_1x2_h_bz_coopA_TNT,gemm,7.188,1
9.5,sm80_xmma_gemm_f32f32_f32f32_f32_nn_n_tilesize64x128x8_stage3_warpsize1x4x1_ffma_aligna4_alignc4_execute_kernel__5x_cublas,gemm,0.6887,1
9.5,sm80_xmma_gemm_f32f32_f32f32_f32_tn_n_tilesize128x128x8_stage3_warpsize2x2x1_ffma_aligna4_alignc4_execute_kernel__5x_cublas,gemm,0.8057,1
9.5,softmax_last,attention,0.559,1
9.5,vsa_combine,attention,4.7487,1
9.5,vsa_mma_attn_tma2,attention,95.4999,1
9.5,vsa_tile_mean,attention,2.438,3
9.5,vsa_tile_qkv,attention,11.545,3
9.5,vsa_topk2,attention,1.1623,1
9.5,w8a8_quantize,cast_quant,18.0152,24
9.75,amax_abs_mixed,cast_quant,2.6218,30
9.75,bcast_binary,norm_elementwise,0.5545,1
9.75,block_copy,layout_copy,0.0466,3
9.75,cast_bf16_f32_bias_act,cast_quant,0.0092,1
9.75,cast_f32_bf16,cast_quant,6.4474,6
9.75,fa_dc90_fwd_d128,attention,2.142,1
9.75,fill_f,layout_copy,2.4147,2
9.75,fvf_h3_gate_res_norm_mod,norm_elementwise,2.3979,1
9.75,fvf_split_heads_rows,layout_copy,2.5268,2
9.75,h3_qk_norm_rope,norm_elementwise,14.2373,2
9.75,h3_res_gate_norm_mod,norm_elementwise,2.4746,1
9.75,index_select_rows,layout_copy,0.0156,1
9.75,memcpy HtoD,copies_memset,0.0042,1
9.75,memset,copies_memset,0.0829,93
9.75,mx_binary,norm_elementwise,0.0415,2
9.75,mx_block_copy,layout_copy,5.0639,24
9.75,mx_merge_heads,layout_copy,3.6317,1
9.75,mx_swiglu,norm_elementwise,9.1008,14
9.75,nvjet_sm90_qqtst_128x160_128x5_1x2_h_bz_coopA_algo2_TNT,gemm,16.1684,4
9.75,nvjet_sm90_qqtst_128x160_128x5_2x1_v_bz_coopA_algo2_TNT,gemm,11.9125,14
9.75,nvjet_sm90_qqtst_144x128_128x6_1x2_h_bz_coopA_algo2_TNN,gemm,22.6985,13
9.75,nvjet_sm90_qqtst_192x96_128x5_2x1_v_bz_coopB_algo2_TNT,gemm,0.2697,1
9.75,nvjet_sm90_tst_256x160_64x4_1x2_h_bz_coopA_TNT,gemm,7.0781,1
9.75,sm80_xmma_gemm_f32f32_f32f32_f32_nn_n_tilesize64x128x8_stage3_warpsize1x4x1_ffma_aligna4_alignc4_execute_kernel__5x_cublas,gemm,0.7771,1
9.75,sm80_xmma_gemm_f32f32_f32f32_f32_tn_n_tilesize128x128x8_stage3_warpsize2x2x1_ffma_aligna4_alignc4_execute_kernel__5x_cublas,gemm,0.9028,1
9.75,softmax_last,attention,0.5801,1
9.75,vsa_combine,attention,4.8211,1
9.75,vsa_mma_attn_tma2,attention,96.4989,1
9.75,vsa_tile_mean,attention,2.5816,3
9.75,vsa_tile_qkv,attention,12.1014,3
9.75,vsa_topk2,attention,1.3078,1
9.75,w8a8_quantize,cast_quant,18.8813,30
10.0,amax_abs_mixed,cast_quant,2.7177,31
10.0,bcast_binary,norm_elementwise,0.5063,1
10.0,block_copy,layout_copy,0.0465,3
10.0,cast_bf16_f32_bias_act,cast_quant,0.0092,1
10.0,cast_f32_bf16,cast_quant,6.4404,6
10.0,fa_dc90_fwd_d128,attention,2.1207,1
10.0,fill_f,layout_copy,2.199,2
10.0,fvf_h3_gate_res_norm_mod,norm_elementwise,2.4314,1
10.0,fvf_split_heads_rows,layout_copy,2.4885,2
10.0,h3_qk_norm_rope,norm_elementwise,12.7033,2
10.0,h3_res_gate_norm_mod,norm_elementwise,2.4778,1
10.0,index_select_rows,layout_copy,0.0157,1
10.0,memcpy HtoD,copies_memset,0.0042,1
10.0,memset,copies_memset,0.0844,95
10.0,mx_binary,norm_elementwise,0.0415,2
10.0,mx_block_copy,layout_copy,5.1006,24
10.0,mx_merge_heads,layout_copy,3.6275,1
10.0,mx_swiglu,norm_elementwise,9.8756,15
10.0,nvjet_sm90_qqtst_128x160_128x5_1x2_h_bz_coopA_algo2_TNT,gemm,16.1127,4
10.0,nvjet_sm90_qqtst_128x160_128x5_2x1_v_bz_coopA_algo2_TNT,gemm,11.849,14
10.0,nvjet_sm90_qqtst_144x128_128x6_1x2_h_bz_coopA_algo2_TNN,gemm,22.799,13
10.0,nvjet_sm90_qqtst_192x96_128x5_2x1_v_bz_coopB_algo2_TNT,gemm,0.27,1
10.0,nvjet_sm90_tst_256x160_64x4_1x2_h_bz_coopA_TNT,gemm,7.0838,1
10.0,sm80_xmma_gemm_f32f32_f32f32_f32_nn_n_tilesize64x128x8_stage3_warpsize1x4x1_ffma_aligna4_alignc4_execute_kernel__5x_cublas,gemm,0.6786,1
10.0,sm80_xmma_gemm_f32f32_f32f32_f32_tn_n_tilesize128x128x8_stage3_warpsize2x2x1_ffma_aligna4_alignc4_execute_kernel__5x_cublas,gemm,0.7985,1
10.0,softmax_last,attention,0.5557,1
10.0,vsa_combine,attention,4.8208,1
10.0,vsa_mma_attn_tma2,attention,95.6693,1
10.0,vsa_tile_mean,attention,2.4244,3
10.0,vsa_tile_qkv,attention,11.4574,3
10.0,vsa_topk2,attention,1.1428,1
10.0,w8a8_quantize,cast_quant,19.7747,31
10.25,amax_abs_mixed,cast_quant,2.4194,25
10.25,bcast_binary,norm_elementwise,0.547,1
10.25,block_copy,layout_copy,0.0456,3
10.25,cast_bf16_f32_bias_act,cast_quant,0.009,1
10.25,cast_f32_bf16,cast_quant,6.3689,6
10.25,fa_dc90_fwd_d128,attention,2.1193,1
10.25,fill_f,layout_copy,2.2423,2
10.25,fvf_h3_gate_res_norm_mod,norm_elementwise,4.7964,2
10.25,fvf_split_heads_rows,layout_copy,2.516,2
10.25,h3_qk_norm_rope,norm_elementwise,14.1033,2
10.25,h3_res_gate_norm_mod,norm_elementwise,2.4316,1
10.25,index_select_rows,layout_copy,0.0151,1
10.25,memcpy HtoD,copies_memset,0.0042,1
10.25,memset,copies_memset,0.0716,81
10.25,mx_binary,norm_elementwise,0.041,2
10.25,mx_block_copy,layout_copy,6.3205,31
10.25,mx_merge_heads,layout_copy,3.5352,1
10.25,mx_swiglu,norm_elementwise,6.4971,11
10.25,nvjet_sm90_qqtst_128x160_128x5_1x2_h_bz_coopA_algo2_TNT,gemm,28.1656,7
10.25,nvjet_sm90_qqtst_128x160_128x5_2x1_v_bz_coopA_algo2_TNT,gemm,9.62,12
10.25,nvjet_sm90_qqtst_144x128_128x6_1x2_h_bz_coopA_algo2_TNN,gemm,15.614,9
10.25,nvjet_sm90_qqtst_192x96_128x5_2x1_v_bz_coopB_algo2_TNT,gemm,0.5245,2
10.25,nvjet_sm90_tst_256x160_64x4_1x2_h_bz_coopA_TNT,gemm,7.0681,1
10.25,sm80_xmma_gemm_f32f32_f32f32_f32_nn_n_tilesize64x128x8_stage3_warpsize1x4x1_ffma_aligna4_alignc4_execute_kernel__5x_cublas,gemm,0.7611,1
10.25,sm80_xmma_gemm_f32f32_f32f32_f32_tn_n_tilesize128x128x8_stage3_warpsize2x2x1_ffma_aligna4_alignc4_execute_kernel__5x_cublas,gemm,0.8877,1
10.25,softmax_last,attention,0.5789,1
10.25,vsa_combine,attention,4.7481,1
10.25,vsa_mma_attn_tma2,attention,95.614,1
10.25,vsa_tile_mean,attention,2.5495,3
10.25,vsa_tile_qkv,attention,11.4945,3
10.25,vsa_topk2,attention,1.1808,1
10.25,w8a8_quantize,cast_quant,17.6406,25
10.5,amax_abs_mixed,cast_quant,2.0634,22
10.5,bcast_binary,norm_elementwise,0.5016,1
10.5,block_copy,layout_copy,0.0469,3
10.5,cast_bf16_f32_bias_act,cast_quant,0.0092,1
10.5,cast_f32_bf16,cast_quant,6.4431,6
10.5,fa_dc90_fwd_d128,attention,2.1552,1
10.5,fill_f,layout_copy,2.2241,2
10.5,fvf_h3_gate_res_norm_mod,norm_elementwise,2.3879,1
10.5,fvf_split_heads_rows,layout_copy,3.7239,3
10.5,h3_qk_norm_rope,norm_elementwise,25.4518,4
10.5,h3_res_gate_norm_mod,norm_elementwise,2.4732,1
10.5,index_select_rows,layout_copy,0.0157,1
10.5,memcpy HtoD,copies_memset,0.0043,1
10.5,memset,copies_memset,0.0604,70
10.5,mx_binary,norm_elementwise,0.042,2
10.5,mx_block_copy,layout_copy,4.1898,20
10.5,mx_merge_heads,layout_copy,3.6274,1
10.5,mx_swiglu,norm_elementwise,6.4675,10
10.5,nvjet_sm90_qqtst_128x160_128x5_1x2_h_bz_coopA_algo2_TNT,gemm,16.001,4
10.5,nvjet_sm90_qqtst_128x160_128x5_2x1_v_bz_coopA_algo2_TNT,gemm,8.3103,10
10.5,nvjet_sm90_qqtst_144x128_128x6_1x2_h_bz_coopA_algo2_TNN,gemm,15.6643,9
10.5,nvjet_sm90_qqtst_192x96_128x5_2x1_v_bz_coopB_algo2_TNT,gemm,0.2658,1
10.5,nvjet_sm90_tst_256x160_64x4_1x2_h_bz_coopA_TNT,gemm,14.131,2
10.5,sm80_xmma_gemm_f32f32_f32f32_f32_nn_n_tilesize64x128x8_stage3_warpsize1x4x1_ffma_aligna4_alignc4_execute_kernel__5x_cublas,gemm,0.6667,1
10.5,sm80_xmma_gemm_f32f32_f32f32_f32_tn_n_tilesize128x128x8_stage3_warpsize2x2x1_ffma_aligna4_alignc4_execute_kernel__5x_cublas,gemm,0.783,1
10.5,softmax_last,attention,0.5543,1
10.5,vsa_combine,attention,4.8176,1
10.5,vsa_mma_attn_tma2,attention,95.6067,1
10.5,vsa_tile_mean,attention,2.4146,3
10.5,vsa_tile_qkv,attention,11.4459,3
10.5,vsa_topk2,attention,1.1242,1
10.5,w8a8_quantize,cast_quant,15.0852,22
10.75,amax_abs_mixed,cast_quant,2.057,22
10.75,bcast_binary,norm_elementwise,1.0618,2
10.75,block_copy,layout_copy,0.0465,3
10.75,cast_bf16_f32_bias_act,cast_quant,0.0092,1
10.75,cast_f32_bf16,cast_quant,6.4474,6
10.75,fa_dc90_fwd_d128,attention,2.1688,1
10.75,fill_f,layout_copy,3.4814,3
10.75,fvf_h3_gate_res_norm_mod,norm_elementwise,2.3383,1
10.75,fvf_split_heads_rows,layout_copy,3.7492,3
10.75,h3_qk_norm_rope,norm_elementwise,13.0184,2
10.75,h3_res_gate_norm_mod,norm_elementwise,2.4747,1
10.75,index_select_rows,layout_copy,0.0158,1
10.75,memcpy HtoD,copies_memset,0.0042,1
10.75,memset,copies_memset,0.0624,69
10.75,mx_binary,norm_elementwise,0.0417,2
10.75,mx_block_copy,layout_copy,4.1497,20
10.75,mx_merge_heads,layout_copy,3.6291,1
10.75,mx_swiglu,norm_elementwise,6.4305,10
10.75,nvjet_sm90_qqtst_128x160_128x5_1x2_h_bz_coopA_algo2_TNT,gemm,15.9729,4
10.75,nvjet_sm90_qqtst_128x160_128x5_2x1_v_bz_coopA_algo2_TNT,gemm,8.3035,10
10.75,nvjet_sm90_qqtst_144x128_128x6_1x2_h_bz_coopA_algo2_TNN,gemm,15.6988,9
10.75,nvjet_sm90_qqtst_192x96_128x5_2x1_v_bz_coopB_algo2_TNT,gemm,0.263,1
10.75,nvjet_sm90_tst_256x160_64x4_1x2_h_bz_coopA_TNT,gemm,7.0368,1
10.75,sm80_xmma_gemm_f32f32_f32f32_f32_nn_n_tilesize64x128x8_stage3_warpsize1x4x1_ffma_aligna4_alignc4_execute_kernel__5x_cublas,gemm,1.4577,2
10.75,sm80_xmma_gemm_f32f32_f32f32_f32_tn_n_tilesize128x128x8_stage3_warpsize2x2x1_ffma_aligna4_alignc4_execute_kernel__5x_cublas,gemm,1.7013,2
10.75,softmax_last,attention,1.1415,2
10.75,vsa_combine,attention,4.8214,1
10.75,vsa_mma_attn_tma2,attention,97.0816,1
10.75,vsa_tile_mean,attention,5.0144,6
10.75,vsa_tile_qkv,attention,23.2165,6
10.75,vsa_topk2,attention,2.4528,2
10.75,w8a8_quantize,cast_quant,14.9746,22
11.0,amax_abs_mixed,cast_quant,2.0483,22
11.0,bcast_binary,norm_elementwise,0.5473,1
11.0,block_copy,layout_copy,0.0458,3
11.0,cast_bf16_f32_bias_act,cast_quant,0.009,1
11.0,cast_f32_bf16,cast_quant,6.3531,6
11.0,fa_dc90_fwd_d128,attention,2.139,1
11.0,fill_f,layout_copy,3.5225,3
11.0,fvf_h3_gate_res_norm_mod,norm_elementwise,2.3711,1
11.0,fvf_split_heads_rows,layout_copy,2.5175,2
11.0,h3_qk_norm_rope,norm_elementwise,13.6157,2
11.0,h3_res_gate_norm_mod,norm_elementwise,2.4211,1
11.0,index_select_rows,layout_copy,0.0154,1
11.0,memcpy HtoD,copies_memset,0.0042,1
11.0,memset,copies_memset,0.0607,69
11.0,mx_binary,norm_elementwise,0.0407,2
11.0,mx_block_copy,layout_copy,4.1498,20
11.0,mx_merge_heads,layout_copy,3.5138,1
11.0,mx_swiglu,norm_elementwise,6.3265,10
11.0,nvjet_sm90_qqtst_128x160_128x5_1x2_h_bz_coopA_algo2_TNT,gemm,15.9928,4
11.0,nvjet_sm90_qqtst_128x160_128x5_2x1_v_bz_coopA_algo2_TNT,gemm,8.2952,10
11.0,nvjet_sm90_qqtst_144x128_128x6_1x2_h_bz_coopA_algo2_TNN,gemm,15.806,9
11.0,nvjet_sm90_qqtst_192x96_128x5_2x1_v_bz_coopB_algo2_TNT,gemm,0.2649,1
11.0,nvjet_sm90_tst_256x160_64x4_1x2_h_bz_coopA_TNT,gemm,7.0402,1
11.0,sm80_xmma_gemm_f32f32_f32f32_f32_nn_n_tilesize64x128x8_stage3_warpsize1x4x1_ffma_aligna4_alignc4_execute_kernel__5x_cublas,gemm,0.7665,1
11.0,sm80_xmma_gemm_f32f32_f32f32_f32_tn_n_tilesize128x128x8_stage3_warpsize2x2x1_ffma_aligna4_alignc4_execute_kernel__5x_cublas,gemm,0.8931,1
11.0,softmax_last,attention,0.5763,1
11.0,vsa_combine,attention,4.7326,1
11.0,vsa_mma_attn_tma2,attention,192.6192,2
11.0,vsa_tile_mean,attention,2.555,3
11.0,vsa_tile_qkv,attention,11.6644,3
11.0,vsa_topk2,attention,1.2861,1
11.0,w8a8_quantize,cast_quant,14.7357,22
11.25,amax_abs_mixed,cast_quant,2.0617,22
11.25,bcast_binary,norm_elementwise,0.5148,1
11.25,block_copy,layout_copy,0.0468,3
11.25,cast_bf16_f32_bias_act,cast_quant,0.0092,1
11.25,cast_f32_bf16,cast_quant,6.4476,6
11.25,fa_dc90_fwd_d128,attention,2.1987,1
11.25,fill_f,layout_copy,2.2153,2
11.25,fvf_h3_gate_res_norm_mod,norm_elementwise,2.3988,1
11.25,fvf_split_heads_rows,layout_copy,2.4932,2
11.25,h3_qk_norm_rope,norm_elementwise,13.3561,2
11.25,h3_res_gate_norm_mod,norm_elementwise,2.4731,1
11.25,index_select_rows,layout_copy,0.0155,1
11.25,memcpy HtoD,copies_memset,0.0042,1
11.25,memset,copies_memset,0.0585,69
11.25,mx_binary,norm_elementwise,0.0418,2
11.25,mx_block_copy,layout_copy,4.1966,20
11.25,mx_merge_heads,layout_copy,3.6331,1
11.25,mx_swiglu,norm_elementwise,6.4815,10
11.25,nvjet_sm90_qqtst_128x160_128x5_1x2_h_bz_coopA_algo2_TNT,gemm,16.0527,4
11.25,nvjet_sm90_qqtst_128x160_128x5_2x1_v_bz_coopA_algo2_TNT,gemm,8.2933,10
11.25,nvjet_sm90_qqtst_144x128_128x6_1x2_h_bz_coopA_algo2_TNN,gemm,15.7234,9
11.25,nvjet_sm90_qqtst_192x96_128x5_2x1_v_bz_coopB_algo2_TNT,gemm,0.2629,1
11.25,nvjet_sm90_tst_256x160_64x4_1x2_h_bz_coopA_TNT,gemm,7.1874,1
11.25,sm80_xmma_gemm_f32f32_f32f32_f32_nn_n_tilesize64x128x8_stage3_warpsize1x4x1_ffma_aligna4_alignc4_execute_kernel__5x_cublas,gemm,0.6955,1
11.25,sm80_xmma_gemm_f32f32_f32f32_f32_tn_n_tilesize128x128x8_stage3_warpsize2x2x1_ffma_aligna4_alignc4_execute_kernel__5x_cublas,gemm,0.8149,1
11.25,softmax_last,attention,0.5612,1
11.25,vsa_combine,attention,4.8214,1
11.25,vsa_mma_attn_tma2,attention,94.9683,1
11.25,vsa_tile_mean,attention,2.4445,3
11.25,vsa_tile_qkv,attention,11.4303,3
11.25,vsa_topk2,attention,1.1723,1
11.25,w8a8_quantize,cast_quant,15.1385,22
11.5,amax_abs_mixed,cast_quant,2.054,22
11.5,bcast_binary,norm_elementwise,0.4749,1
11.5,block_copy,layout_copy,0.0544,7
11.5,cast_bf16_f32_bias_act,cast_quant,3.6467,7
11.5,cast_f32_bf16,cast_quant,8.1179,14
11.5,fa_dc90_fwd_d128,attention,2.1258,1
11.5,fill_f,layout_copy,2.0299,2
11.5,fvf_split_heads_rows,layout_copy,2.4675,2
11.5,h3_gate_residual,norm_elementwise,2.8746,1
11.5,h3_norm_mod,norm_elementwise,1.6335,1
11.5,h3_qk_norm_rope,norm_elementwise,11.7516,2
11.5,h3_res_gate_norm_mod,norm_elementwise,2.446,1
11.5,index_select_rows,layout_copy,0.0154,1
11.5,lincomb3,norm_elementwise,0.08,4
11.5,memcpy HtoD,copies_memset,3.3018,2
11.5,memset,copies_memset,0.0636,71
11.5,mx_binary,norm_elementwise,4.9714,6
11.5,mx_block_copy,layout_copy,8.3944,25
11.5,mx_merge_heads,layout_copy,3.6279,1
11.5,mx_rms_norm,norm_elementwise,1.2438,2
11.5,mx_swiglu,norm_elementwise,6.3278,10
11.5,nvjet_sm90_qqtst_128x160_128x5_1x2_h_bz_coopA_algo2_TNT,gemm,15.7777,4
11.5,nvjet_sm90_qqtst_128x160_128x5_2x1_v_bz_coopA_algo2_TNT,gemm,8.2812,10
11.5,nvjet_sm90_qqtst_144x128_128x6_1x2_h_bz_coopA_algo2_TNN,gemm,15.7785,9
11.5,nvjet_sm90_qqtst_192x96_128x5_2x1_v_bz_coopB_algo2_TNT,gemm,0.262,1
11.5,nvjet_sm90_tst_128x144_64x6_2x1_v_bz_TNT,gemm,0.0053,1
11.5,nvjet_sm90_tst_192x192_64x4_2x1_v_bz_coopB_TNN,gemm,0.2954,1
11.5,nvjet_sm90_tst_256x160_64x4_1x2_h_bz_coopA_TNT,gemm,6.7998,1
11.5,nvjet_sm90_tst_32x64_64x16_1x4_h_bz_splitK_TNN,gemm,0.005,1
11.5,nvjet_sm90_tst_96x192_64x5_1x2_h_bz_TNN,gemm,0.294,1
11.5,sm80_xmma_gemm_f32f32_f32f32_f32_nn_n_tilesize64x128x8_stage3_warpsize1x4x1_ffma_aligna4_alignc4_execute_kernel__5x_cublas,gemm,0.6079,1
11.5,sm80_xmma_gemm_f32f32_f32f32_f32_tn_n_tilesize128x128x8_stage3_warpsize2x2x1_ffma_aligna4_alignc4_execute_kernel__5x_cublas,gemm,0.7246,1
11.5,softmax_last,attention,0.5423,1
11.5,"cublasLt::splitKreduce_kernel<(int)32, (int)16, int, float, __nv_bfloat16, float, __nv_bfloat16, (bool)0, float, __nv_bfloat16, __nv_bfloat16, (bool)1, (bool)0,…",gemm,0.0018,1
11.5,vsa_combine,attention,4.8191,1
11.5,vsa_mma_attn_tma2,attention,93.5281,1
11.5,vsa_tile_mean,attention,2.3718,3
11.5,vsa_tile_qkv,attention,10.9443,3
11.5,vsa_topk2,attention,1.0213,1
11.5,w8a8_quantize,cast_quant,14.7284,22
11.75,amax_abs_mixed,cast_quant,2.0602,22
11.75,bcast_binary,norm_elementwise,0.5029,1
11.75,block_copy,layout_copy,0.0463,3
11.75,cast_bf16_f32_bias_act,cast_quant,0.0091,1
11.75,cast_f32_bf16,cast_quant,6.4451,6
11.75,fa_dc90_fwd_d128,attention,2.118,1
11.75,fill_f,layout_copy,2.2427,2
11.75,fvf_h3_gate_res_norm_mod,norm_elementwise,2.3852,1
11.75,fvf_split_heads_rows,layout_copy,2.486,2
11.75,h3_qk_norm_rope,norm_elementwise,12.9098,2
11.75,h3_res_gate_norm_mod,norm_elementwise,2.4711,1
11.75,index_select_rows,layout_copy,0.0153,1
11.75,memcpy HtoD,copies_memset,0.0049,1
11.75,memset,copies_memset,0.0633,69
11.75,mx_binary,norm_elementwise,0.0417,2
11.75,mx_block_copy,layout_copy,4.1709,20
11.75,mx_merge_heads,layout_copy,3.6277,1
11.75,mx_swiglu,norm_elementwise,6.3867,10
11.75,nvjet_sm90_qqtst_128x160_128x5_1x2_h_bz_coopA_algo2_TNT,gemm,15.8619,4
11.75,nvjet_sm90_qqtst_128x160_128x5_2x1_v_bz_coopA_algo2_TNT,gemm,8.3213,10
11.75,nvjet_sm90_qqtst_144x128_128x6_1x2_h_bz_coopA_algo2_TNN,gemm,15.8315,9
11.75,nvjet_sm90_qqtst_192x96_128x5_2x1_v_bz_coopB_algo2_TNT,gemm,0.2668,1
11.75,nvjet_sm90_tst_256x160_64x4_1x2_h_bz_coopA_TNT,gemm,6.9431,1
11.75,sm80_xmma_gemm_f32f32_f32f32_f32_nn_n_tilesize64x128x8_stage3_warpsize1x4x1_ffma_aligna4_alignc4_execute_kernel__5x_cublas,gemm,0.6727,1
11.75,sm80_xmma_gemm_f32f32_f32f32_f32_tn_n_tilesize128x128x8_stage3_warpsize2x2x1_ffma_aligna4_alignc4_execute_kernel__5x_cublas,gemm,0.7894,1
11.75,softmax_last,attention,0.5558,1
11.75,vsa_combine,attention,4.8197,1
11.75,vsa_mma_attn_tma2,attention,95.7334,1
11.75,vsa_tile_mean,attention,2.4211,3
11.75,vsa_tile_qkv,attention,11.4913,3
11.75,vsa_topk2,attention,1.1299,1
11.75,w8a8_quantize,cast_quant,14.9378,22
12.0,amax_abs_mixed,cast_quant,2.0603,22
12.0,bcast_binary,norm_elementwise,0.5285,1
12.0,block_copy,layout_copy,0.0464,3
12.0,cast_bf16_f32_bias_act,cast_quant,0.0092,1
12.0,cast_f32_bf16,cast_quant,6.443,6
12.0,fa_dc90_fwd_d128,attention,2.1469,1
12.0,fill_f,layout_copy,2.3481,2
12.0,fvf_h3_gate_res_norm_mod,norm_elementwise,2.4002,1
12.0,fvf_split_heads_rows,layout_copy,2.5086,2
12.0,h3_qk_norm_rope,norm_elementwise,12.9771,2
12.0,h3_res_gate_norm_mod,norm_elementwise,2.4231,1
12.0,index_select_rows,layout_copy,0.0155,1
12.0,memcpy HtoD,copies_memset,0.005,1
12.0,memset,copies_memset,0.0606,69
12.0,mx_binary,norm_elementwise,0.0419,2
12.0,mx_block_copy,layout_copy,4.1653,20
12.0,mx_merge_heads,layout_copy,3.6292,1
12.0,mx_swiglu,norm_elementwise,6.3556,10
12.0,nvjet_sm90_qqtst_128x160_128x5_1x2_h_bz_coopA_algo2_TNT,gemm,15.7533,4
12.0,nvjet_sm90_qqtst_128x160_128x5_2x1_v_bz_coopA_algo2_TNT,gemm,8.3239,10
12.0,nvjet_sm90_qqtst_144x128_128x6_1x2_h_bz_coopA_algo2_TNN,gemm,15.643,9
12.0,nvjet_sm90_qqtst_192x96_128x5_2x1_v_bz_coopB_algo2_TNT,gemm,0.2657,1
12.0,nvjet_sm90_tst_256x160_64x4_1x2_h_bz_coopA_TNT,gemm,6.8046,1
12.0,sm80_xmma_gemm_f32f32_f32f32_f32_nn_n_tilesize64x128x8_stage3_warpsize1x4x1_ffma_aligna4_alignc4_execute_kernel__5x_cublas,gemm,0.7203,1
12.0,sm80_xmma_gemm_f32f32_f32f32_f32_tn_n_tilesize128x128x8_stage3_warpsize2x2x1_ffma_aligna4_alignc4_execute_kernel__5x_cublas,gemm,0.8415,1
12.0,softmax_last,attention,0.5734,1
12.0,vsa_combine,attention,4.8189,1
12.0,vsa_mma_attn_tma2,attention,99.5039,1
12.0,vsa_tile_mean,attention,2.4828,3
12.0,vsa_tile_qkv,attention,11.6581,3
12.0,vsa_topk2,attention,1.2098,1
12.0,w8a8_quantize,cast_quant,14.8964,22
12.25,amax_abs_mixed,cast_quant,2.0494,22
12.25,bcast_binary,norm_elementwise,0.5025,1
12.25,block_copy,layout_copy,0.0451,3
12.25,cast_bf16_f32_bias_act,cast_quant,0.009,1
12.25,cast_f32_bf16,cast_quant,6.3358,6
12.25,fa_dc90_fwd_d128,attention,2.109,1
12.25,fill_f,layout_copy,2.1791,2
12.25,fvf_h3_gate_res_norm_mod,norm_elementwise,2.3409,1
12.25,fvf_split_heads_rows,layout_copy,2.489,2
12.25,h3_qk_norm_rope,norm_elementwise,13.8356,2
12.25,h3_res_gate_norm_mod,norm_elementwise,2.409,1
12.25,index_select_rows,layout_copy,0.0156,1
12.25,memcpy HtoD,copies_memset,0.0049,1
12.25,memset,copies_memset,0.0597,69
12.25,mx_binary,norm_elementwise,0.0406,2
12.25,mx_block_copy,layout_copy,4.0723,20
12.25,mx_merge_heads,layout_copy,3.4915,1
12.25,mx_swiglu,norm_elementwise,6.1796,10
12.25,nvjet_sm90_qqtst_128x160_128x5_1x2_h_bz_coopA_algo2_TNT,gemm,15.8271,4
12.25,nvjet_sm90_qqtst_128x160_128x5_2x1_v_bz_coopA_algo2_TNT,gemm,8.3024,10
12.25,nvjet_sm90_qqtst_144x128_128x6_1x2_h_bz_coopA_algo2_TNN,gemm,15.641,9
12.25,nvjet_sm90_qqtst_192x96_128x5_2x1_v_bz_coopB_algo2_TNT,gemm,0.2594,1
12.25,nvjet_sm90_tst_256x160_64x4_1x2_h_bz_coopA_TNT,gemm,7.1438,1
12.25,sm80_xmma_gemm_f32f32_f32f32_f32_nn_n_tilesize64x128x8_stage3_warpsize1x4x1_ffma_aligna4_alignc4_execute_kernel__5x_cublas,gemm,0.6718,1
12.25,sm80_xmma_gemm_f32f32_f32f32_f32_tn_n_tilesize128x128x8_stage3_warpsize2x2x1_ffma_aligna4_alignc4_execute_kernel__5x_cublas,gemm,0.7888,1
12.25,softmax_last,attention,0.5533,1
12.25,vsa_combine,attention,4.7175,1
12.25,vsa_mma_attn_tma2,attention,94.8213,1
12.25,vsa_tile_mean,attention,2.4196,3
12.25,vsa_tile_qkv,attention,11.4765,3
12.25,vsa_topk2,attention,1.1316,1
12.25,w8a8_quantize,cast_quant,14.4272,22
12.5,amax_abs_mixed,cast_quant,2.065,22
12.5,bcast_binary,norm_elementwise,0.5367,1
12.5,block_copy,layout_copy,0.0455,3
12.5,cast_bf16_f32_bias_act,cast_quant,0.009,1
12.5,cast_f32_bf16,cast_quant,6.372,6
12.5,fa_dc90_fwd_d128,attention,2.1118,1
12.5,fill_f,layout_copy,2.3551,2
12.5,fvf_h3_gate_res_norm_mod,norm_elementwise,2.4627,1
12.5,fvf_split_heads_rows,layout_copy,2.5099,2
12.5,h3_qk_norm_rope,norm_elementwise,13.2667,2
12.5,h3_res_gate_norm_mod,norm_elementwise,2.4309,1
12.5,index_select_rows,layout_copy,0.0153,1
12.5,memcpy HtoD,copies_memset,0.0048,1
12.5,memset,copies_memset,0.0592,69
12.5,mx_binary,norm_elementwise,0.0412,2
12.5,mx_block_copy,layout_copy,4.2422,20
12.5,mx_merge_heads,layout_copy,3.5363,1
12.5,mx_swiglu,norm_elementwise,6.4391,10
12.5,nvjet_sm90_qqtst_128x160_128x5_1x2_h_bz_coopA_algo2_TNT,gemm,15.7558,4
12.5,nvjet_sm90_qqtst_128x160_128x5_2x1_v_bz_coopA_algo2_TNT,gemm,8.3626,10
12.5,nvjet_sm90_qqtst_144x128_128x6_1x2_h_bz_coopA_algo2_TNN,gemm,15.5865,9
12.5,nvjet_sm90_qqtst_192x96_128x5_2x1_v_bz_coopB_algo2_TNT,gemm,0.2718,1
12.5,nvjet_sm90_tst_256x160_64x4_1x2_h_bz_coopA_TNT,gemm,6.7997,1
12.5,sm80_xmma_gemm_f32f32_f32f32_f32_nn_n_tilesize64x128x8_stage3_warpsize1x4x1_ffma_aligna4_alignc4_execute_kernel__5x_cublas,gemm,0.7393,1
12.5,sm80_xmma_gemm_f32f32_f32f32_f32_tn_n_tilesize128x128x8_stage3_warpsize2x2x1_ffma_aligna4_alignc4_execute_kernel__5x_cublas,gemm,0.8625,1
12.5,softmax_last,attention,0.5736,1
12.5,vsa_combine,attention,9.5735,2
12.5,vsa_mma_attn_tma2,attention,96.4544,1
12.5,vsa_tile_mean,attention,2.5101,3
12.5,vsa_tile_qkv,attention,12.0804,3
12.5,vsa_topk2,attention,1.2436,1
12.5,w8a8_quantize,cast_quant,15.0481,22
12.75,amax_abs_mixed,cast_quant,2.4722,23
12.75,bcast_binary,norm_elementwise,0.4964,1
12.75,block_copy,layout_copy,0.0921,6
12.75,cast_bf16_f32_bias_act,cast_quant,0.0181,2
12.75,cast_f32_bf16,cast_quant,12.8509,12
12.75,fa_dc90_fwd_d128,attention,4.2358,2
12.75,fill_f,layout_copy,2.1885,2
12.75,fvf_h3_gate_res_norm_mod,norm_elementwise,2.3777,1
12.75,fvf_split_heads_rows,layout_copy,2.4806,2
12.75,h3_qk_norm_rope,norm_elementwise,12.5957,2
12.75,h3_res_gate_norm_mod,norm_elementwise,4.8986,2
12.75,index_select_rows,layout_copy,0.0301,2
12.75,memcpy HtoD,copies_memset,0.0098,2
12.75,memset,copies_memset,0.0619,72
12.75,mx_binary,norm_elementwise,0.0828,4
12.75,mx_block_copy,layout_copy,4.1646,20
12.75,mx_merge_heads,layout_copy,7.1259,2
12.75,mx_swiglu,norm_elementwise,6.4208,10
12.75,nvjet_sm90_qqtst_128x160_128x5_1x2_h_bz_coopA_algo2_TNT,gemm,19.7697,5
12.75,nvjet_sm90_qqtst_128x160_128x5_2x1_v_bz_coopA_algo2_TNT,gemm,8.3129,10
12.75,nvjet_sm90_qqtst_144x128_128x6_1x2_h_bz_coopA_algo2_TNN,gemm,15.569,9
12.75,nvjet_sm90_qqtst_192x96_128x5_2x1_v_bz_coopB_algo2_TNT,gemm,0.2638,1
12.75,nvjet_sm90_tst_256x160_64x4_1x2_h_bz_coopA_TNT,gemm,6.8131,1
12.75,sm80_xmma_gemm_f32f32_f32f32_f32_nn_n_tilesize64x128x8_stage3_warpsize1x4x1_ffma_aligna4_alignc4_execute_kernel__5x_cublas,gemm,0.6565,1
12.75,sm80_xmma_gemm_f32f32_f32f32_f32_tn_n_tilesize128x128x8_stage3_warpsize2x2x1_ffma_aligna4_alignc4_execute_kernel__5x_cublas,gemm,0.7739,1
12.75,softmax_last,attention,0.5514,1
12.75,vsa_combine,attention,4.821,1
12.75,vsa_mma_attn_tma2,attention,95.3342,1
12.75,vsa_tile_mean,attention,2.4048,3
12.75,vsa_tile_qkv,attention,11.3524,3
12.75,vsa_topk2,attention,1.1026,1
12.75,w8a8_quantize,cast_quant,18.1509,23
13.0,amax_abs_mixed,cast_quant,2.659,31
13.0,bcast_binary,norm_elementwise,0.5178,1
13.0,block_copy,layout_copy,0.0452,3
13.0,cast_bf16_f32_bias_act,cast_quant,0.0091,1
13.0,cast_f32_bf16,cast_quant,6.3513,6
13.0,fa_dc90_fwd_d128,attention,2.1173,1
13.0,fill_f,layout_copy,2.2497,2
13.0,fvf_h3_gate_res_norm_mod,norm_elementwise,2.2941,1
13.0,fvf_split_heads_rows,layout_copy,2.4942,2
13.0,h3_qk_norm_rope,norm_elementwise,12.341,2
13.0,h3_res_gate_norm_mod,norm_elementwise,2.4057,1
13.0,index_select_rows,layout_copy,0.0149,1
13.0,memcpy HtoD,copies_memset,0.0048,1
13.0,memset,copies_memset,0.088,96
13.0,mx_binary,norm_elementwise,0.0407,2
13.0,mx_block_copy,layout_copy,5.1475,25
13.0,mx_merge_heads,layout_copy,3.513,1
13.0,mx_swiglu,norm_elementwise,9.6105,15
13.0,nvjet_sm90_qqtst_128x160_128x5_1x2_h_bz_coopA_algo2_TNT,gemm,15.8788,4
13.0,nvjet_sm90_qqtst_128x160_128x5_2x1_v_bz_coopA_algo2_TNT,gemm,11.8009,14
13.0,nvjet_sm90_qqtst_144x128_128x6_1x2_h_bz_coopA_algo2_TNN,gemm,24.2434,14
13.0,nvjet_sm90_qqtst_192x96_128x5_2x1_v_bz_coopB_algo2_TNT,gemm,0.2598,1
13.0,nvjet_sm90_tst_256x160_64x4_1x2_h_bz_coopA_TNT,gemm,6.8288,1
13.0,sm80_xmma_gemm_f32f32_f32f32_f32_nn_n_tilesize64x128x8_stage3_warpsize1x4x1_ffma_aligna4_alignc4_execute_kernel__5x_cublas,gemm,0.7008,1
13.0,sm80_xmma_gemm_f32f32_f32f32_f32_tn_n_tilesize128x128x8_stage3_warpsize2x2x1_ffma_aligna4_alignc4_execute_kernel__5x_cublas,gemm,0.8205,1
13.0,softmax_last,attention,0.5636,1
13.0,vsa_combine,attention,4.7319,1
13.0,vsa_mma_attn_tma2,attention,95.8205,1
13.0,vsa_tile_mean,attention,2.4527,3
13.0,vsa_tile_qkv,attention,11.617,3
13.0,vsa_topk2,attention,1.1784,1
13.0,w8a8_quantize,cast_quant,18.6091,31
13.25,amax_abs_mixed,cast_quant,2.6234,30
13.25,bcast_binary,norm_elementwise,0.5438,1
13.25,block_copy,layout_copy,0.046,3
13.25,cast_bf16_f32_bias_act,cast_quant,0.0091,1
13.25,cast_f32_bf16,cast_quant,6.4422,6
13.25,fa_dc90_fwd_d128,attention,2.1445,1
13.25,fill_f,layout_copy,2.2965,2
13.25,fvf_h3_gate_res_norm_mod,norm_elementwise,2.3552,1
13.25,fvf_split_heads_rows,layout_copy,2.5155,2
13.25,h3_qk_norm_rope,norm_elementwise,13.9807,2
13.25,h3_res_gate_norm_mod,norm_elementwise,2.4838,1
13.25,index_select_rows,layout_copy,0.0153,1
13.25,memcpy HtoD,copies_memset,0.0049,1
13.25,memset,copies_memset,0.082,93
13.25,mx_binary,norm_elementwise,0.0418,2
13.25,mx_block_copy,layout_copy,5.0362,24
13.25,mx_merge_heads,layout_copy,3.6282,1
13.25,mx_swiglu,norm_elementwise,8.4992,13
13.25,nvjet_sm90_qqtst_128x160_128x5_1x2_h_bz_coopA_algo2_TNT,gemm,15.8396,4
13.25,nvjet_sm90_qqtst_128x160_128x5_2x1_v_bz_coopA_algo2_TNT,gemm,11.8009,14
13.25,nvjet_sm90_qqtst_144x128_128x6_1x2_h_bz_coopA_algo2_TNN,gemm,22.5045,13
13.25,nvjet_sm90_qqtst_192x96_128x5_2x1_v_bz_coopB_algo2_TNT,gemm,0.2647,1
13.25,nvjet_sm90_tst_256x160_64x4_1x2_h_bz_coopA_TNT,gemm,6.8031,1
13.25,sm80_xmma_gemm_f32f32_f32f32_f32_nn_n_tilesize64x128x8_stage3_warpsize1x4x1_ffma_aligna4_alignc4_execute_kernel__5x_cublas,gemm,0.7531,1
13.25,sm80_xmma_gemm_f32f32_f32f32_f32_tn_n_tilesize128x128x8_stage3_warpsize2x2x1_ffma_aligna4_alignc4_execute_kernel__5x_cublas,gemm,0.876,1
13.25,softmax_last,attention,0.5755,1
13.25,vsa_combine,attention,4.8184,1
13.25,vsa_mma_attn_tma2,attention,98.7584,1
13.25,vsa_tile_mean,attention,2.5343,3
13.25,vsa_tile_qkv,attention,11.4951,3
13.25,vsa_topk2,attention,1.2667,1
13.25,w8a8_quantize,cast_quant,18.8593,30
13.5,amax_abs_mixed,cast_quant,2.5112,26
13.5,bcast_binary,norm_elementwise,0.493,1
13.5,block_copy,layout_copy,0.0468,3
13.5,cast_bf16_f32_bias_act,cast_quant,0.0092,1
13.5,cast_f32_bf16,cast_quant,6.4428,6
13.5,fa_dc90_fwd_d128,attention,2.1852,1
13.5,fill_f,layout_copy,2.1775,2
13.5,fvf_h3_gate_res_norm_mod,norm_elementwise,4.724,2
13.5,fvf_split_heads_rows,layout_copy,2.4788,2
13.5,h3_qk_norm_rope,norm_elementwise,12.4942,2
13.5,h3_res_gate_norm_mod,norm_elementwise,2.4106,1
13.5,index_select_rows,layout_copy,0.0154,1
13.5,memcpy HtoD,copies_memset,0.005,1
13.5,memset,copies_memset,0.0709,83
13.5,mx_binary,norm_elementwise,0.0421,2
13.5,mx_block_copy,layout_copy,6.3116,31
13.5,mx_merge_heads,layout_copy,3.6271,1
13.5,mx_swiglu,norm_elementwise,7.1914,12
13.5,nvjet_sm90_qqtst_128x160_128x5_1x2_h_bz_coopA_algo2_TNT,gemm,27.8459,7
13.5,nvjet_sm90_qqtst_128x160_128x5_2x1_v_bz_coopA_algo2_TNT,gemm,9.6537,12
13.5,nvjet_sm90_qqtst_144x128_128x6_1x2_h_bz_coopA_algo2_TNN,gemm,15.5949,9
13.5,nvjet_sm90_qqtst_192x96_128x5_2x1_v_bz_coopB_algo2_TNT,gemm,0.5279,2
13.5,nvjet_sm90_tst_256x160_64x4_1x2_h_bz_coopA_TNT,gemm,6.8119,1
13.5,sm80_xmma_gemm_f32f32_f32f32_f32_nn_n_tilesize64x128x8_stage3_warpsize1x4x1_ffma_aligna4_alignc4_execute_kernel__5x_cublas,gemm,0.6507,1
13.5,sm80_xmma_gemm_f32f32_f32f32_f32_tn_n_tilesize128x128x8_stage3_warpsize2x2x1_ffma_aligna4_alignc4_execute_kernel__5x_cublas,gemm,0.7675,1
13.5,softmax_last,attention,0.5505,1
13.5,vsa_combine,attention,4.8185,1
13.5,vsa_mma_attn_tma2,attention,95.1908,1
13.5,vsa_tile_mean,attention,2.3998,3
13.5,vsa_tile_qkv,attention,11.4236,3
13.5,vsa_topk2,attention,1.1223,1
13.5,w8a8_quantize,cast_quant,18.3371,26
13.75,amax_abs_mixed,cast_quant,2.0507,22
13.75,bcast_binary,norm_elementwise,0.4898,1
13.75,block_copy,layout_copy,0.0459,3
13.75,cast_bf16_f32_bias_act,cast_quant,0.009,1
13.75,cast_f32_bf16,cast_quant,6.3524,6
13.75,fa_dc90_fwd_d128,attention,2.1514,1
13.75,fill_f,layout_copy,2.1115,2
13.75,fvf_h3_gate_res_norm_mod,norm_elementwise,2.3299,1
13.75,fvf_split_heads_rows,layout_copy,4.9946,4
13.75,h3_qk_norm_rope,norm_elementwise,26.6262,4
13.75,h3_res_gate_norm_mod,norm_elementwise,2.4208,1
13.75,index_select_rows,layout_copy,0.0154,1
13.75,memcpy HtoD,copies_memset,0.0051,1
13.75,memset,copies_memset,0.0601,70
13.75,mx_binary,norm_elementwise,0.0405,2
13.75,mx_block_copy,layout_copy,4.0786,20
13.75,mx_merge_heads,layout_copy,3.5136,1
13.75,mx_swiglu,norm_elementwise,6.2029,10
13.75,nvjet_sm90_qqtst_128x160_128x5_1x2_h_bz_coopA_algo2_TNT,gemm,15.9039,4
13.75,nvjet_sm90_qqtst_128x160_128x5_2x1_v_bz_coopA_algo2_TNT,gemm,8.2606,10
13.75,nvjet_sm90_qqtst_144x128_128x6_1x2_h_bz_coopA_algo2_TNN,gemm,15.5956,9
13.75,nvjet_sm90_qqtst_192x96_128x5_2x1_v_bz_coopB_algo2_TNT,gemm,0.2607,1
13.75,nvjet_sm90_tst_256x160_64x4_1x2_h_bz_coopA_TNT,gemm,13.6519,2
13.75,sm80_xmma_gemm_f32f32_f32f32_f32_nn_n_tilesize64x128x8_stage3_warpsize1x4x1_ffma_aligna4_alignc4_execute_kernel__5x_cublas,gemm,0.6405,1
13.75,sm80_xmma_gemm_f32f32_f32f32_f32_tn_n_tilesize128x128x8_stage3_warpsize2x2x1_ffma_aligna4_alignc4_execute_kernel__5x_cublas,gemm,1.6451,2
13.75,softmax_last,attention,0.5488,1
13.75,vsa_combine,attention,4.7322,1
13.75,vsa_mma_attn_tma2,attention,94.4932,1
13.75,vsa_tile_mean,attention,4.0881,5
13.75,vsa_tile_qkv,attention,11.1515,3
13.75,vsa_topk2,attention,1.0773,1
13.75,w8a8_quantize,cast_quant,14.4635,22
14.0,amax_abs_mixed,cast_quant,2.0572,22
14.0,bcast_binary,norm_elementwise,1.0101,2
14.0,block_copy,layout_copy,0.0461,3
14.0,cast_bf16_f32_bias_act,cast_quant,0.009,1
14.0,cast_f32_bf16,cast_quant,6.3718,6
14.0,fa_dc90_fwd_d128,attention,2.1334,1
14.0,fill_f,layout_copy,4.5047,4
14.0,fvf_h3_gate_res_norm_mod,norm_elementwise,2.4472,1
14.0,fvf_split_heads_rows,layout_copy,2.487,2
14.0,h3_qk_norm_rope,norm_elementwise,12.9206,2
14.0,h3_res_gate_norm_mod,norm_elementwise,2.4174,1
14.0,index_select_rows,layout_copy,0.0153,1
14.0,memcpy HtoD,copies_memset,0.0049,1
14.0,memset,copies_memset,0.0612,69
14.0,mx_binary,norm_elementwise,0.041,2
14.0,mx_block_copy,layout_copy,4.1924,20
14.0,mx_merge_heads,layout_copy,3.537,1
14.0,mx_swiglu,norm_elementwise,6.326,10
14.0,nvjet_sm90_qqtst_128x160_128x5_1x2_h_bz_coopA_algo2_TNT,gemm,15.7856,4
14.0,nvjet_sm90_qqtst_128x160_128x5_2x1_v_bz_coopA_algo2_TNT,gemm,8.3095,10
14.0,nvjet_sm90_qqtst_144x128_128x6_1x2_h_bz_coopA_algo2_TNN,gemm,15.5675,9
14.0,nvjet_sm90_qqtst_192x96_128x5_2x1_v_bz_coopB_algo2_TNT,gemm,0.2643,1
14.0,nvjet_sm90_tst_256x160_64x4_1x2_h_bz_coopA_TNT,gemm,6.9678,1
14.0,sm80_xmma_gemm_f32f32_f32f32_f32_nn_n_tilesize64x128x8_stage3_warpsize1x4x1_ffma_aligna4_alignc4_execute_kernel__5x_cublas,gemm,1.35,2
14.0,sm80_xmma_gemm_f32f32_f32f32_f32_tn_n_tilesize128x128x8_stage3_warpsize2x2x1_ffma_aligna4_alignc4_execute_kernel__5x_cublas,gemm,0.796,1
14.0,softmax_last,attention,1.1196,2
14.0,vsa_combine,attention,4.7489,1
14.0,vsa_mma_attn_tma2,attention,193.9094,2
14.0,vsa_tile_mean,attention,3.2775,4
14.0,vsa_tile_qkv,attention,23.0379,6
14.0,vsa_topk2,attention,2.2713,2
14.0,w8a8_quantize,cast_quant,14.8694,22
14.25,amax_abs_mixed,cast_quant,2.063,22
14.25,bcast_binary,norm_elementwise,0.5113,1
14.25,block_copy,layout_copy,0.0467,3
14.25,cast_bf16_f32_bias_act,cast_quant,0.0092,1
14.25,cast_f32_bf16,cast_quant,6.4425,6
14.25,fa_dc90_fwd_d128,attention,2.1346,1
14.25,fill_f,layout_copy,2.2069,2
14.25,fvf_h3_gate_res_norm_mod,norm_elementwise,2.4035,1
14.25,fvf_split_heads_rows,layout_copy,2.5081,2
14.25,h3_qk_norm_rope,norm_elementwise,12.9534,2
14.25,h3_res_gate_norm_mod,norm_elementwise,2.4822,1
14.25,index_select_rows,layout_copy,0.0156,1
14.25,memcpy HtoD,copies_memset,0.0049,1
14.25,memset,copies_memset,0.0626,69
14.25,mx_binary,norm_elementwise,0.0416,2
14.25,mx_block_copy,layout_copy,4.2011,20
14.25,mx_merge_heads,layout_copy,3.6276,1
14.25,mx_swiglu,norm_elementwise,6.4661,10
14.25,nvjet_sm90_qqtst_128x160_128x5_1x2_h_bz_coopA_algo2_TNT,gemm,15.8157,4
14.25,nvjet_sm90_qqtst_128x160_128x5_2x1_v_bz_coopA_algo2_TNT,gemm,8.3484,10
14.25,nvjet_sm90_qqtst_144x128_128x6_1x2_h_bz_coopA_algo2_TNN,gemm,15.6415,9
14.25,nvjet_sm90_qqtst_192x96_128x5_2x1_v_bz_coopB_algo2_TNT,gemm,0.2677,1
14.25,nvjet_sm90_tst_256x160_64x4_1x2_h_bz_coopA_TNT,gemm,6.8469,1
14.25,sm80_xmma_gemm_f32f32_f32f32_f32_nn_n_tilesize64x128x8_stage3_warpsize1x4x1_ffma_aligna4_alignc4_execute_kernel__5x_cublas,gemm,0.7345,1
14.25,sm80_xmma_gemm_f32f32_f32f32_f32_tn_n_tilesize128x128x8_stage3_warpsize2x2x1_ffma_aligna4_alignc4_execute_kernel__5x_cublas,gemm,0.8554,1
14.25,softmax_last,attention,0.5676,1
14.25,vsa_combine,attention,4.82,1
14.25,vsa_mma_attn_tma2,attention,95.6107,1
14.25,vsa_tile_mean,attention,2.5004,3
14.25,vsa_tile_qkv,attention,11.4025,3
14.25,vsa_topk2,attention,1.1124,1
14.25,w8a8_quantize,cast_quant,15.0779,22
14.5,amax_abs_mixed,cast_quant,2.0504,22
14.5,bcast_binary,norm_elementwise,0.4948,1
14.5,block_copy,layout_copy,0.0466,3
14.5,cast_bf16_f32_bias_act,cast_quant,0.0092,1
14.5,cast_f32_bf16,cast_quant,6.4202,6
14.5,fa_dc90_fwd_d128,attention,2.1605,1
14.5,fill_f,layout_copy,2.1615,2
14.5,fvf_h3_gate_res_norm_mod,norm_elementwise,2.2932,1
14.5,fvf_split_heads_rows,layout_copy,2.4801,2
14.5,h3_qk_norm_rope,norm_elementwise,12.4939,2
14.5,h3_res_gate_norm_mod,norm_elementwise,2.4228,1
14.5,index_select_rows,layout_copy,0.0154,1
14.5,memcpy HtoD,copies_memset,0.0051,1
14.5,memset,copies_memset,0.059,69
14.5,mx_binary,norm_elementwise,0.0421,2
14.5,mx_block_copy,layout_copy,4.0765,20
14.5,mx_merge_heads,layout_copy,3.5142,1
14.5,mx_swiglu,norm_elementwise,6.2751,10
14.5,nvjet_sm90_qqtst_128x160_128x5_1x2_h_bz_coopA_algo2_TNT,gemm,15.8148,4
14.5,nvjet_sm90_qqtst_128x160_128x5_2x1_v_bz_coopA_algo2_TNT,gemm,8.3194,10
14.5,nvjet_sm90_qqtst_144x128_128x6_1x2_h_bz_coopA_algo2_TNN,gemm,15.5965,9
14.5,nvjet_sm90_qqtst_192x96_128x5_2x1_v_bz_coopB_algo2_TNT,gemm,0.2587,1
14.5,nvjet_sm90_tst_256x160_64x4_1x2_h_bz_coopA_TNT,gemm,6.8162,1
14.5,sm80_xmma_gemm_f32f32_f32f32_f32_nn_n_tilesize64x128x8_stage3_warpsize1x4x1_ffma_aligna4_alignc4_execute_kernel__5x_cublas,gemm,0.6512,1
14.5,sm80_xmma_gemm_f32f32_f32f32_f32_tn_n_tilesize128x128x8_stage3_warpsize2x2x1_ffma_aligna4_alignc4_execute_kernel__5x_cublas,gemm,0.7658,1
14.5,softmax_last,attention,0.5514,1
14.5,vsa_combine,attention,4.8227,1
14.5,vsa_mma_attn_tma2,attention,95.7468,1
14.5,vsa_tile_mean,attention,2.4004,3
14.5,vsa_tile_qkv,attention,11.5267,3
14.5,vsa_topk2,attention,1.0952,1
14.5,w8a8_quantize,cast_quant,14.5473,22
14.75,amax_abs_mixed,cast_quant,2.0566,22
14.75,bcast_binary,norm_elementwise,0.5389,1
14.75,block_copy,layout_copy,0.046,3
14.75,cast_bf16_f32_bias_act,cast_quant,0.0092,1
14.75,cast_f32_bf16,cast_quant,6.405,6
14.75,fa_dc90_fwd_d128,attention,2.1336,1
14.75,fill_f,layout_copy,2.3475,2
14.75,fvf_h3_gate_res_norm_mod,norm_elementwise,2.3667,1
14.75,fvf_split_heads_rows,layout_copy,2.513,2
14.75,h3_qk_norm_rope,norm_elementwise,13.4185,2
14.75,h3_res_gate_norm_mod,norm_elementwise,2.4176,1
14.75,index_select_rows,layout_copy,0.0153,1
14.75,memcpy HtoD,copies_memset,0.0049,1
14.75,memset,copies_memset,0.0625,69
14.75,mx_binary,norm_elementwise,0.0414,2
14.75,mx_block_copy,layout_copy,4.1398,20
14.75,mx_merge_heads,layout_copy,3.5813,1
14.75,mx_swiglu,norm_elementwise,6.3023,10
14.75,nvjet_sm90_qqtst_128x160_128x5_1x2_h_bz_coopA_algo2_TNT,gemm,15.8303,4
14.75,nvjet_sm90_qqtst_128x160_128x5_2x1_v_bz_coopA_algo2_TNT,gemm,8.2723,10
14.75,nvjet_sm90_qqtst_144x128_128x6_1x2_h_bz_coopA_algo2_TNN,gemm,15.791,9
14.75,nvjet_sm90_qqtst_192x96_128x5_2x1_v_bz_coopB_algo2_TNT,gemm,0.2655,1
14.75,nvjet_sm90_tst_256x160_64x4_1x2_h_bz_coopA_TNT,gemm,6.8264,1
14.75,sm80_xmma_gemm_f32f32_f32f32_f32_nn_n_tilesize64x128x8_stage3_warpsize1x4x1_ffma_aligna4_alignc4_execute_kernel__5x_cublas,gemm,0.7462,1
14.75,sm80_xmma_gemm_f32f32_f32f32_f32_tn_n_tilesize128x128x8_stage3_warpsize2x2x1_ffma_aligna4_alignc4_execute_kernel__5x_cublas,gemm,0.8717,1
14.75,softmax_last,attention,0.574,1
14.75,vsa_combine,attention,4.7494,1
14.75,vsa_mma_attn_tma2,attention,96.9044,1
14.75,vsa_tile_mean,attention,2.5225,3
14.75,vsa_tile_qkv,attention,11.6028,3
14.75,vsa_topk2,attention,1.2557,1
14.75,w8a8_quantize,cast_quant,14.765,22
15.0,amax_abs_mixed,cast_quant,2.0619,22
15.0,bcast_binary,norm_elementwise,0.5141,1
15.0,block_copy,layout_copy,0.0464,3
15.0,cast_bf16_f32_bias_act,cast_quant,0.0093,1
15.0,cast_f32_bf16,cast_quant,6.4496,6
15.0,fa_dc90_fwd_d128,attention,2.1576,1
15.0,fill_f,layout_copy,2.2414,2
15.0,fvf_h3_gate_res_norm_mod,norm_elementwise,2.4442,1
15.0,fvf_split_heads_rows,layout_copy,2.4944,2
15.0,h3_qk_norm_rope,norm_elementwise,13.3563,2
15.0,h3_res_gate_norm_mod,norm_elementwise,2.4917,1
15.0,index_select_rows,layout_copy,0.0152,1
15.0,memcpy HtoD,copies_memset,0.0048,1
15.0,memset,copies_memset,0.0624,69
15.0,mx_binary,norm_elementwise,0.0424,2
15.0,mx_block_copy,layout_copy,4.1879,20
15.0,mx_merge_heads,layout_copy,3.6338,1
15.0,mx_swiglu,norm_elementwise,6.4608,10
15.0,nvjet_sm90_qqtst_128x160_128x5_1x2_h_bz_coopA_algo2_TNT,gemm,15.8058,4
15.0,nvjet_sm90_qqtst_128x160_128x5_2x1_v_bz_coopA_algo2_TNT,gemm,8.3564,10
15.0,nvjet_sm90_qqtst_144x128_128x6_1x2_h_bz_coopA_algo2_TNN,gemm,15.6488,9
15.0,nvjet_sm90_qqtst_192x96_128x5_2x1_v_bz_coopB_algo2_TNT,gemm,0.2626,1
15.0,nvjet_sm90_tst_256x160_64x4_1x2_h_bz_coopA_TNT,gemm,7.1563,1
15.0,sm80_xmma_gemm_f32f32_f32f32_f32_nn_n_tilesize64x128x8_stage3_warpsize1x4x1_ffma_aligna4_alignc4_execute_kernel__5x_cublas,gemm,0.6952,1
15.0,sm80_xmma_gemm_f32f32_f32f32_f32_tn_n_tilesize128x128x8_stage3_warpsize2x2x1_ffma_aligna4_alignc4_execute_kernel__5x_cublas,gemm,0.8148,1
15.0,softmax_last,attention,0.5597,1
15.0,vsa_combine,attention,4.8228,1
15.0,vsa_mma_attn_tma2,attention,95.0222,1
15.0,vsa_tile_mean,attention,2.4457,3
15.0,vsa_tile_qkv,attention,11.3889,3
15.0,vsa_topk2,attention,1.1695,1
15.0,w8a8_quantize,cast_quant,15.1745,22
15.25,amax_abs_mixed,cast_quant,2.0629,22
15.25,bcast_binary,norm_elementwise,0.5274,1
15.25,block_copy,layout_copy,0.0916,6
15.25,cast_bf16_f32_bias_act,cast_quant,0.0183,2
15.25,cast_f32_bf16,cast_quant,12.8027,12
15.25,fa_dc90_fwd_d128,attention,4.2779,2
15.25,fill_f,layout_copy,2.2882,2
15.25,fvf_h3_gate_res_norm_mod,norm_elementwise,2.3893,1
15.25,fvf_split_heads_rows,layout_copy,2.5039,2
15.25,h3_qk_norm_rope,norm_elementwise,12.7839,2
15.25,h3_res_gate_norm_mod,norm_elementwise,2.4825,1
15.25,index_select_rows,layout_copy,0.0307,2
15.25,memcpy HtoD,copies_memset,0.0091,2
15.25,memset,copies_memset,0.0594,69
15.25,mx_binary,norm_elementwise,0.0827,4
15.25,mx_block_copy,layout_copy,4.1999,20
15.25,mx_merge_heads,layout_copy,7.1456,2
15.25,mx_swiglu,norm_elementwise,6.4629,10
15.25,nvjet_sm90_qqtst_128x160_128x5_1x2_h_bz_coopA_algo2_TNT,gemm,15.8638,4
15.25,nvjet_sm90_qqtst_128x160_128x5_2x1_v_bz_coopA_algo2_TNT,gemm,8.3181,10
15.25,nvjet_sm90_qqtst_144x128_128x6_1x2_h_bz_coopA_algo2_TNN,gemm,15.657,9
15.25,nvjet_sm90_qqtst_192x96_128x5_2x1_v_bz_coopB_algo2_TNT,gemm,0.265,1
15.25,nvjet_sm90_tst_256x160_64x4_1x2_h_bz_coopA_TNT,gemm,6.8316,1
15.25,sm80_xmma_gemm_f32f32_f32f32_f32_nn_n_tilesize64x128x8_stage3_warpsize1x4x1_ffma_aligna4_alignc4_execute_kernel__5x_cublas,gemm,0.7208,1
15.25,sm80_xmma_gemm_f32f32_f32f32_f32_tn_n_tilesize128x128x8_stage3_warpsize2x2x1_ffma_aligna4_alignc4_execute_kernel__5x_cublas,gemm,0.8431,1
15.25,softmax_last,attention,0.5665,1
15.25,vsa_combine,attention,9.5539,2
15.25,vsa_mma_attn_tma2,attention,95.925,1
15.25,vsa_tile_mean,attention,2.4771,3
15.25,vsa_tile_qkv,attention,11.5728,3
15.25,vsa_topk2,attention,1.2117,1
15.25,w8a8_quantize,cast_quant,15.1081,22
15.5,amax_abs_mixed,cast_quant,2.7464,27
15.5,bcast_binary,norm_elementwise,0.503,1
15.5,block_copy,layout_copy,0.0455,3
15.5,cast_bf16_f32_bias_act,cast_quant,0.009,1
15.5,cast_f32_bf16,cast_quant,6.3727,6
15.5,fa_dc90_fwd_d128,attention,2.1411,1
15.5,fill_f,layout_copy,2.2422,2
15.5,fvf_h3_gate_res_norm_mod,norm_elementwise,2.3405,1
15.5,fvf_split_heads_rows,layout_copy,2.5182,2
15.5,h3_qk_norm_rope,norm_elementwise,14.4028,2
15.5,h3_res_gate_norm_mod,norm_elementwise,4.8572,2
15.5,index_select_rows,layout_copy,0.0152,1
15.5,memcpy HtoD,copies_memset,0.0042,1
15.5,memset,copies_memset,0.0713,84
15.5,mx_binary,norm_elementwise,0.0413,2
15.5,mx_block_copy,layout_copy,4.522,22
15.5,mx_merge_heads,layout_copy,3.5358,1
15.5,mx_swiglu,norm_elementwise,7.5492,12
15.5,nvjet_sm90_qqtst_128x160_128x5_1x2_h_bz_coopA_algo2_TNT,gemm,19.741,5
15.5,nvjet_sm90_qqtst_128x160_128x5_2x1_v_bz_coopA_algo2_TNT,gemm,10.0064,12
15.5,nvjet_sm90_qqtst_144x128_128x6_1x2_h_bz_coopA_algo2_TNN,gemm,19.1266,11
15.5,nvjet_sm90_qqtst_192x96_128x5_2x1_v_bz_coopB_algo2_TNT,gemm,0.2643,1
15.5,nvjet_sm90_tst_256x160_64x4_1x2_h_bz_coopA_TNT,gemm,6.834,1
15.5,sm80_xmma_gemm_f32f32_f32f32_f32_nn_n_tilesize64x128x8_stage3_warpsize1x4x1_ffma_aligna4_alignc4_execute_kernel__5x_cublas,gemm,0.6726,1
15.5,sm80_xmma_gemm_f32f32_f32f32_f32_tn_n_tilesize128x128x8_stage3_warpsize2x2x1_ffma_aligna4_alignc4_execute_kernel__5x_cublas,gemm,0.8881,1
15.5,softmax_last,attention,0.5544,1
15.5,vsa_combine,attention,4.7504,1
15.5,vsa_mma_attn_tma2,attention,95.3157,1
15.5,vsa_tile_mean,attention,2.529,3
15.5,vsa_tile_qkv,attention,11.4924,3
15.5,vsa_topk2,attention,1.131,1
15.5,w8a8_quantize,cast_quant,19.5489,27
15.75,amax_abs_mixed,cast_quant,2.768,32
15.75,bcast_binary,norm_elementwise,0.5004,1
15.75,block_copy,layout_copy,0.0475,3
15.75,cast_bf16_f32_bias_act,cast_quant,0.0094,1
15.75,cast_f32_bf16,cast_quant,6.4489,6
15.75,fa_dc90_fwd_d128,attention,2.1765,1
15.75,fill_f,layout_copy,2.2241,2
15.75,fvf_h3_gate_res_norm_mod,norm_elementwise,2.4441,1
15.75,fvf_split_heads_rows,layout_copy,2.4848,2
15.75,h3_qk_norm_rope,norm_elementwise,12.7118,2
15.75,h3_res_gate_norm_mod,norm_elementwise,2.4792,1
15.75,index_select_rows,layout_copy,0.0157,1
15.75,memcpy HtoD,copies_memset,0.0042,1
15.75,memset,copies_memset,0.0864,98
15.75,mx_binary,norm_elementwise,0.042,2
15.75,mx_block_copy,layout_copy,5.3169,25
15.75,mx_merge_heads,layout_copy,3.6333,1
15.75,mx_swiglu,norm_elementwise,9.8508,15
15.75,nvjet_sm90_qqtst_128x160_128x5_1x2_h_bz_coopA_algo2_TNT,gemm,15.8967,4
15.75,nvjet_sm90_qqtst_128x160_128x5_2x1_v_bz_coopA_algo2_TNT,gemm,11.6947,14
15.75,nvjet_sm90_qqtst_144x128_128x6_1x2_h_bz_coopA_algo2_TNN,gemm,24.3168,14
15.75,nvjet_sm90_qqtst_192x96_128x5_2x1_v_bz_coopB_algo2_TNT,gemm,0.2654,1
15.75,nvjet_sm90_tst_256x160_64x4_1x2_h_bz_coopA_TNT,gemm,6.8357,1
15.75,sm80_xmma_gemm_f32f32_f32f32_f32_nn_n_tilesize64x128x8_stage3_warpsize1x4x1_ffma_aligna4_alignc4_execute_kernel__5x_cublas,gemm,0.6654,1
15.75,sm80_xmma_gemm_f32f32_f32f32_f32_tn_n_tilesize128x128x8_stage3_warpsize2x2x1_ffma_aligna4_alignc4_execute_kernel__5x_cublas,gemm,0.7824,1
15.75,softmax_last,attention,0.5542,1
15.75,vsa_combine,attention,4.8224,1
15.75,vsa_mma_attn_tma2,attention,95.5511,1
15.75,vsa_tile_mean,attention,2.4148,3
15.75,vsa_tile_qkv,attention,11.4428,3
15.75,vsa_topk2,attention,1.1227,1
15.75,w8a8_quantize,cast_quant,20.0149,32
16.0,amax_abs_mixed,cast_quant,2.7077,29
16.0,bcast_binary,norm_elementwise,0.5434,1
16.0,block_copy,layout_copy,0.0466,3
16.0,cast_bf16_f32_bias_act,cast_quant,0.0092,1
16.0,cast_f32_bf16,cast_quant,6.442,6
16.0,fa_dc90_fwd_d128,attention,2.1743,1
16.0,fill_f,layout_copy,2.3681,2
16.0,fvf_h3_gate_res_norm_mod,norm_elementwise,4.7154,2
16.0,fvf_split_heads_rows,layout_copy,2.5155,2
16.0,h3_qk_norm_rope,norm_elementwise,12.2005,2
16.0,h3_res_gate_norm_mod,norm_elementwise,2.4143,1
16.0,index_select_rows,layout_copy,0.0154,1
16.0,memcpy HtoD,copies_memset,0.0042,1
16.0,memset,copies_memset,0.0804,91
16.0,mx_binary,norm_elementwise,0.0418,2
16.0,mx_block_copy,layout_copy,6.757,33
16.0,mx_merge_heads,layout_copy,3.5324,1
16.0,mx_swiglu,norm_elementwise,7.9596,13
16.0,nvjet_sm90_qqtst_128x160_128x5_1x2_h_bz_coopA_algo2_TNT,gemm,19.8612,5
16.0,nvjet_sm90_qqtst_128x160_128x5_2x1_v_bz_coopA_algo2_TNT,gemm,11.3219,14
16.0,nvjet_sm90_qqtst_144x128_128x6_1x2_h_bz_coopA_algo2_TNN,gemm,19.0878,11
16.0,nvjet_sm90_qqtst_192x96_128x5_2x1_v_bz_coopB_algo2_TNT,gemm,0.526,2
16.0,nvjet_sm90_tst_256x160_64x4_1x2_h_bz_coopA_TNT,gemm,6.8353,1
16.0,sm80_xmma_gemm_f32f32_f32f32_f32_nn_n_tilesize64x128x8_stage3_warpsize1x4x1_ffma_aligna4_alignc4_execute_kernel__5x_cublas,gemm,0.7544,1
16.0,sm80_xmma_gemm_f32f32_f32f32_f32_tn_n_tilesize128x128x8_stage3_warpsize2x2x1_ffma_aligna4_alignc4_execute_kernel__5x_cublas,gemm,0.8785,1
16.0,softmax_last,attention,0.5756,1
16.0,vsa_combine,attention,4.8157,1
16.0,vsa_mma_attn_tma2,attention,96.2472,1
16.0,vsa_tile_mean,attention,2.5344,3
16.0,vsa_tile_qkv,attention,11.5452,3
16.0,vsa_topk2,attention,1.2671,1
16.0,w8a8_quantize,cast_quant,19.6135,29
16.25,amax_abs_mixed,cast_quant,2.054,22
16.25,bcast_binary,norm_elementwise,0.5074,1
16.25,block_copy,layout_copy,0.0454,3
16.25,cast_bf16_f32_bias_act,cast_quant,0.009,1
16.25,cast_f32_bf16,cast_quant,6.3391,6
16.25,fa_dc90_fwd_d128,attention,2.134,1
16.25,fill_f,layout_copy,2.28,2
16.25,fvf_h3_gate_res_norm_mod,norm_elementwise,2.3723,1
16.25,fvf_split_heads_rows,layout_copy,2.4898,2
16.25,h3_qk_norm_rope,norm_elementwise,26.2538,4
16.25,h3_res_gate_norm_mod,norm_elementwise,2.4141,1
16.25,index_select_rows,layout_copy,0.0151,1
16.25,memcpy HtoD,copies_memset,0.0043,1
16.25,memset,copies_memset,0.0642,72
16.25,mx_binary,norm_elementwise,0.0406,2
16.25,mx_block_copy,layout_copy,4.1374,20
16.25,mx_merge_heads,layout_copy,3.4928,1
16.25,mx_swiglu,norm_elementwise,6.2766,10
16.25,nvjet_sm90_qqtst_128x160_128x5_1x2_h_bz_coopA_algo2_TNT,gemm,23.8725,6
16.25,nvjet_sm90_qqtst_128x160_128x5_2x1_v_bz_coopA_algo2_TNT,gemm,8.2841,10
16.25,nvjet_sm90_qqtst_144x128_128x6_1x2_h_bz_coopA_algo2_TNN,gemm,15.6067,9
16.25,nvjet_sm90_qqtst_192x96_128x5_2x1_v_bz_coopB_algo2_TNT,gemm,0.2651,1
16.25,nvjet_sm90_tst_256x160_64x4_1x2_h_bz_coopA_TNT,gemm,13.9129,2
16.25,sm80_xmma_gemm_f32f32_f32f32_f32_nn_n_tilesize64x128x8_stage3_warpsize1x4x1_ffma_aligna4_alignc4_execute_kernel__5x_cublas,gemm,0.6834,1
16.25,sm80_xmma_gemm_f32f32_f32f32_f32_tn_n_tilesize128x128x8_stage3_warpsize2x2x1_ffma_aligna4_alignc4_execute_kernel__5x_cublas,gemm,0.8006,1
16.25,softmax_last,attention,0.5602,1
16.25,vsa_combine,attention,4.716,1
16.25,vsa_mma_attn_tma2,attention,95.1606,1
16.25,vsa_tile_mean,attention,2.4303,3
16.25,vsa_tile_qkv,attention,11.5932,3
16.25,vsa_topk2,attention,1.1499,1
16.25,w8a8_quantize,cast_quant,14.6332,22
16.5,amax_abs_mixed,cast_quant,2.0587,22
16.5,bcast_binary,norm_elementwise,1.0557,2
16.5,block_copy,layout_copy,0.0462,3
16.5,cast_bf16_f32_bias_act,cast_quant,0.009,1
16.5,cast_f32_bf16,cast_quant,6.3688,6
16.5,fa_dc90_fwd_d128,attention,2.1283,1
16.5,fill_f,layout_copy,3.4209,3
16.5,fvf_h3_gate_res_norm_mod,norm_elementwise,2.4454,1
16.5,fvf_split_heads_rows,layout_copy,5.0097,4
16.5,h3_qk_norm_rope,norm_elementwise,14.0837,2
16.5,h3_res_gate_norm_mod,norm_elementwise,2.4282,1
16.5,index_select_rows,layout_copy,0.0149,1
16.5,memcpy HtoD,copies_memset,0.0042,1
16.5,memset,copies_memset,0.0592,69
16.5,mx_binary,norm_elementwise,0.0409,2
16.5,mx_block_copy,layout_copy,4.216,20
16.5,mx_merge_heads,layout_copy,3.5358,1
16.5,mx_swiglu,norm_elementwise,6.3887,10
16.5,nvjet_sm90_qqtst_128x160_128x5_1x2_h_bz_coopA_algo2_TNT,gemm,15.8773,4
16.5,nvjet_sm90_qqtst_128x160_128x5_2x1_v_bz_coopA_algo2_TNT,gemm,8.3097,10
16.5,nvjet_sm90_qqtst_144x128_128x6_1x2_h_bz_coopA_algo2_TNN,gemm,15.6728,9
16.5,nvjet_sm90_qqtst_192x96_128x5_2x1_v_bz_coopB_algo2_TNT,gemm,0.2704,1
16.5,nvjet_sm90_tst_256x160_64x4_1x2_h_bz_coopA_TNT,gemm,6.8421,1
16.5,sm80_xmma_gemm_f32f32_f32f32_f32_nn_n_tilesize64x128x8_stage3_warpsize1x4x1_ffma_aligna4_alignc4_execute_kernel__5x_cublas,gemm,1.4467,2
16.5,sm80_xmma_gemm_f32f32_f32f32_f32_tn_n_tilesize128x128x8_stage3_warpsize2x2x1_ffma_aligna4_alignc4_execute_kernel__5x_cublas,gemm,1.6856,2
16.5,softmax_last,attention,1.1352,2
16.5,vsa_combine,attention,4.7476,1
16.5,vsa_mma_attn_tma2,attention,95.6724,1
16.5,vsa_tile_mean,attention,4.9686,6
16.5,vsa_tile_qkv,attention,19.4318,5
16.5,vsa_topk2,attention,2.434,2
16.5,w8a8_quantize,cast_quant,14.9238,22
16.75,amax_abs_mixed,cast_quant,2.0544,22
16.75,bcast_binary,norm_elementwise,0.5141,1
16.75,block_copy,layout_copy,0.0472,3
16.75,cast_bf16_f32_bias_act,cast_quant,0.0092,1
16.75,cast_f32_bf16,cast_quant,6.443,6
16.75,fa_dc90_fwd_d128,attention,2.1574,1
16.75,fill_f,layout_copy,3.4119,3
16.75,fvf_h3_gate_res_norm_mod,norm_elementwise,2.2564,1
16.75,fvf_split_heads_rows,layout_copy,2.494,2
16.75,h3_qk_norm_rope,norm_elementwise,12.6359,2
16.75,h3_res_gate_norm_mod,norm_elementwise,2.4831,1
16.75,index_select_rows,layout_copy,0.0155,1
16.75,memcpy HtoD,copies_memset,0.0042,1
16.75,memset,copies_memset,0.0585,69
16.75,mx_binary,norm_elementwise,0.0419,2
16.75,mx_block_copy,layout_copy,4.0593,20
16.75,mx_merge_heads,layout_copy,3.6286,1
16.75,mx_swiglu,norm_elementwise,6.3187,10
16.75,nvjet_sm90_qqtst_128x160_128x5_1x2_h_bz_coopA_algo2_TNT,gemm,15.9668,4
16.75,nvjet_sm90_qqtst_128x160_128x5_2x1_v_bz_coopA_algo2_TNT,gemm,8.2807,10
16.75,nvjet_sm90_qqtst_144x128_128x6_1x2_h_bz_coopA_algo2_TNN,gemm,15.6491,9
16.75,nvjet_sm90_qqtst_192x96_128x5_2x1_v_bz_coopB_algo2_TNT,gemm,0.2588,1
16.75,nvjet_sm90_tst_256x160_64x4_1x2_h_bz_coopA_TNT,gemm,6.9053,1
16.75,sm80_xmma_gemm_f32f32_f32f32_f32_nn_n_tilesize64x128x8_stage3_warpsize1x4x1_ffma_aligna4_alignc4_execute_kernel__5x_cublas,gemm,0.6955,1
16.75,sm80_xmma_gemm_f32f32_f32f32_f32_tn_n_tilesize128x128x8_stage3_warpsize2x2x1_ffma_aligna4_alignc4_execute_kernel__5x_cublas,gemm,0.8156,1
16.75,softmax_last,attention,0.5605,1
16.75,vsa_combine,attention,4.8197,1
16.75,vsa_mma_attn_tma2,attention,192.6532,2
16.75,vsa_tile_mean,attention,2.4451,3
16.75,vsa_tile_qkv,attention,15.3259,4
16.75,vsa_topk2,attention,1.1708,1
16.75,w8a8_quantize,cast_quant,14.8024,22
17.0,amax_abs_mixed,cast_quant,2.0462,22
17.0,bcast_binary,norm_elementwise,0.4829,1
17.0,block_copy,layout_copy,0.0451,3
17.0,cast_bf16_f32_bias_act,cast_quant,0.0089,1
17.0,cast_f32_bf16,cast_quant,6.3376,6
17.0,fa_dc90_fwd_d128,attention,2.1209,1
17.0,fill_f,layout_copy,2.2012,2
17.0,fvf_h3_gate_res_norm_mod,norm_elementwise,2.3586,1
17.0,fvf_split_heads_rows,layout_copy,2.4731,2
17.0,h3_qk_norm_rope,norm_elementwise,12.0222,2
17.0,h3_res_gate_norm_mod,norm_elementwise,2.4097,1
17.0,index_select_rows,layout_copy,0.0153,1
17.0,memcpy HtoD,copies_memset,0.0042,1
17.0,memset,copies_memset,0.0608,69
17.0,mx_binary,norm_elementwise,0.0406,2
17.0,mx_block_copy,layout_copy,4.0984,20
17.0,mx_merge_heads,layout_copy,3.493,1
17.0,mx_swiglu,norm_elementwise,6.1631,10
17.0,nvjet_sm90_qqtst_128x160_128x5_1x2_h_bz_coopA_algo2_TNT,gemm,16.0209,4
17.0,nvjet_sm90_qqtst_128x160_128x5_2x1_v_bz_coopA_algo2_TNT,gemm,8.3303,10
17.0,nvjet_sm90_qqtst_144x128_128x6_1x2_h_bz_coopA_algo2_TNN,gemm,15.6897,9
17.0,nvjet_sm90_qqtst_192x96_128x5_2x1_v_bz_coopB_algo2_TNT,gemm,0.2695,1
17.0,nvjet_sm90_tst_256x160_64x4_1x2_h_bz_coopA_TNT,gemm,6.8979,1
17.0,sm80_xmma_gemm_f32f32_f32f32_f32_nn_n_tilesize64x128x8_stage3_warpsize1x4x1_ffma_aligna4_alignc4_execute_kernel__5x_cublas,gemm,0.6262,1
17.0,sm80_xmma_gemm_f32f32_f32f32_f32_tn_n_tilesize128x128x8_stage3_warpsize2x2x1_ffma_aligna4_alignc4_execute_kernel__5x_cublas,gemm,0.7407,1
17.0,softmax_last,attention,0.5468,1
17.0,vsa_combine,attention,4.7365,1
17.0,vsa_mma_attn_tma2,attention,97.19,1
17.0,vsa_tile_mean,attention,2.3823,3
17.0,vsa_tile_qkv,attention,11.1151,3
17.0,vsa_topk2,attention,1.0538,1
17.0,w8a8_quantize,cast_quant,14.4359,22
17.25,amax_abs_mixed,cast_quant,2.0543,22
17.25,bcast_binary,norm_elementwise,0.5011,1
17.25,block_copy,layout_copy,0.0451,3
17.25,cast_bf16_f32_bias_act,cast_quant,0.0091,1
17.25,cast_f32_bf16,cast_quant,6.3492,6
17.25,fa_dc90_fwd_d128,attention,2.142,1
17.25,fill_f,layout_copy,2.2244,2
17.25,fvf_h3_gate_res_norm_mod,norm_elementwise,2.4091,1
17.25,fvf_split_heads_rows,layout_copy,2.4913,2
17.25,h3_qk_norm_rope,norm_elementwise,13.5931,2
17.25,h3_res_gate_norm_mod,norm_elementwise,2.4004,1
17.25,index_select_rows,layout_copy,0.0149,1
17.25,memcpy HtoD,copies_memset,0.0042,1
17.25,memset,copies_memset,0.0588,69
17.25,mx_binary,norm_elementwise,0.0407,2
17.25,mx_block_copy,layout_copy,4.1276,20
17.25,mx_merge_heads,layout_copy,3.4914,1
17.25,mx_swiglu,norm_elementwise,6.3268,10
17.25,nvjet_sm90_qqtst_128x160_128x5_1x2_h_bz_coopA_algo2_TNT,gemm,15.918,4
17.25,nvjet_sm90_qqtst_128x160_128x5_2x1_v_bz_coopA_algo2_TNT,gemm,8.259,10
17.25,nvjet_sm90_qqtst_144x128_128x6_1x2_h_bz_coopA_algo2_TNN,gemm,15.6939,9
17.25,nvjet_sm90_qqtst_192x96_128x5_2x1_v_bz_coopB_algo2_TNT,gemm,0.2608,1
17.25,nvjet_sm90_tst_256x160_64x4_1x2_h_bz_coopA_TNT,gemm,7.3926,1
17.25,sm80_xmma_gemm_f32f32_f32f32_f32_nn_n_tilesize64x128x8_stage3_warpsize1x4x1_ffma_aligna4_alignc4_execute_kernel__5x_cublas,gemm,0.667,1
17.25,sm80_xmma_gemm_f32f32_f32f32_f32_tn_n_tilesize128x128x8_stage3_warpsize2x2x1_ffma_aligna4_alignc4_execute_kernel__5x_cublas,gemm,0.7841,1
17.25,softmax_last,attention,0.5518,1
17.25,vsa_combine,attention,4.7355,1
17.25,vsa_mma_attn_tma2,attention,95.7354,1
17.25,vsa_tile_mean,attention,2.4129,3
17.25,vsa_tile_qkv,attention,11.4484,3
17.25,vsa_topk2,attention,1.1221,1
17.25,w8a8_quantize,cast_quant,14.8724,22
17.5,amax_abs_mixed,cast_quant,2.0615,22
17.5,bcast_binary,norm_elementwise,0.5473,1
17.5,block_copy,layout_copy,0.0464,3
17.5,cast_bf16_f32_bias_act,cast_quant,0.0092,1
17.5,cast_f32_bf16,cast_quant,6.4485,6
17.5,fa_dc90_fwd_d128,attention,2.221,1
17.5,fill_f,layout_copy,2.3792,2
17.5,fvf_h3_gate_res_norm_mod,norm_elementwise,2.3702,1
17.5,fvf_split_heads_rows,layout_copy,2.4721,2
17.5,h3_qk_norm_rope,norm_elementwise,12.0161,2
17.5,h3_res_gate_norm_mod,norm_elementwise,2.4985,1
17.5,index_select_rows,layout_copy,0.0156,1
17.5,memcpy HtoD,copies_memset,0.0042,1
17.5,memset,copies_memset,0.0615,69
17.5,mx_binary,norm_elementwise,0.0423,2
17.5,mx_block_copy,layout_copy,4.1795,20
17.5,mx_merge_heads,layout_copy,3.6326,1
17.5,mx_swiglu,norm_elementwise,6.4436,10
17.5,nvjet_sm90_qqtst_128x160_128x5_1x2_h_bz_coopA_algo2_TNT,gemm,16.0016,4
17.5,nvjet_sm90_qqtst_128x160_128x5_2x1_v_bz_coopA_algo2_TNT,gemm,8.3277,10
17.5,nvjet_sm90_qqtst_144x128_128x6_1x2_h_bz_coopA_algo2_TNN,gemm,15.6057,9
17.5,nvjet_sm90_qqtst_192x96_128x5_2x1_v_bz_coopB_algo2_TNT,gemm,0.2642,1
17.5,nvjet_sm90_tst_256x160_64x4_1x2_h_bz_coopA_TNT,gemm,6.9043,1
17.5,sm80_xmma_gemm_f32f32_f32f32_f32_nn_n_tilesize64x128x8_stage3_warpsize1x4x1_ffma_aligna4_alignc4_execute_kernel__5x_cublas,gemm,0.761,1
17.5,sm80_xmma_gemm_f32f32_f32f32_f32_tn_n_tilesize128x128x8_stage3_warpsize2x2x1_ffma_aligna4_alignc4_execute_kernel__5x_cublas,gemm,0.8871,1
17.5,softmax_last,attention,0.5729,1
17.5,vsa_combine,attention,4.822,1
17.5,vsa_mma_attn_tma2,attention,98.3717,1
17.5,vsa_tile_mean,attention,2.5242,3
17.5,vsa_tile_qkv,attention,11.7012,3
17.5,vsa_topk2,attention,1.2803,1
17.5,w8a8_quantize,cast_quant,15.0581,22
17.75,amax_abs_mixed,cast_quant,2.059,22
17.75,bcast_binary,norm_elementwise,0.4964,1
17.75,block_copy,layout_copy,0.0465,3
17.75,cast_bf16_f32_bias_act,cast_quant,0.0092,1
17.75,cast_f32_bf16,cast_quant,6.4585,6
17.75,fa_dc90_fwd_d128,attention,2.1428,1
17.75,fill_f,layout_copy,2.1653,2
17.75,fvf_h3_gate_res_norm_mod,norm_elementwise,2.3695,1
17.75,fvf_split_heads_rows,layout_copy,2.4871,2
17.75,h3_qk_norm_rope,norm_elementwise,13.1289,2
17.75,h3_res_gate_norm_mod,norm_elementwise,2.4708,1
17.75,index_select_rows,layout_copy,0.0156,1
17.75,memcpy HtoD,copies_memset,0.0043,1
17.75,memset,copies_memset,0.0628,69
17.75,mx_binary,norm_elementwise,0.0421,2
17.75,mx_block_copy,layout_copy,4.1779,20
17.75,mx_merge_heads,layout_copy,3.6315,1
17.75,mx_swiglu,norm_elementwise,6.4628,10
17.75,nvjet_sm90_qqtst_128x160_128x5_1x2_h_bz_coopA_algo2_TNT,gemm,16.01,4
17.75,nvjet_sm90_qqtst_128x160_128x5_2x1_v_bz_coopA_algo2_TNT,gemm,8.3638,10
17.75,nvjet_sm90_qqtst_144x128_128x6_1x2_h_bz_coopA_algo2_TNN,gemm,15.6013,9
17.75,nvjet_sm90_qqtst_192x96_128x5_2x1_v_bz_coopB_algo2_TNT,gemm,0.2636,1
17.75,nvjet_sm90_tst_256x160_64x4_1x2_h_bz_coopA_TNT,gemm,7.0496,1
17.75,sm80_xmma_gemm_f32f32_f32f32_f32_nn_n_tilesize64x128x8_stage3_warpsize1x4x1_ffma_aligna4_alignc4_execute_kernel__5x_cublas,gemm,0.6557,1
17.75,sm80_xmma_gemm_f32f32_f32f32_f32_tn_n_tilesize128x128x8_stage3_warpsize2x2x1_ffma_aligna4_alignc4_execute_kernel__5x_cublas,gemm,0.7717,1
17.75,softmax_last,attention,0.5524,1
17.75,vsa_combine,attention,9.5624,2
17.75,vsa_mma_attn_tma2,attention,95.0775,1
17.75,vsa_tile_mean,attention,2.4038,3
17.75,vsa_tile_qkv,attention,11.3693,3
17.75,vsa_topk2,attention,1.1085,1
17.75,w8a8_quantize,cast_quant,15.0587,22
18.0,amax_abs_mixed,cast_quant,2.4692,23
18.0,bcast_binary,norm_elementwise,0.4992,1
18.0,block_copy,layout_copy,0.0921,6
18.0,cast_bf16_f32_bias_act,cast_quant,0.0182,2
18.0,cast_f32_bf16,cast_quant,12.7954,12
18.0,fa_dc90_fwd_d128,attention,4.2836,2
18.0,fill_f,layout_copy,2.135,2
18.0,fvf_h3_gate_res_norm_mod,norm_elementwise,2.3702,1
18.0,fvf_split_heads_rows,layout_copy,2.484,2
18.0,h3_qk_norm_rope,norm_elementwise,12.701,2
18.0,h3_res_gate_norm_mod,norm_elementwise,4.887,2
18.0,index_select_rows,layout_copy,0.0309,2
18.0,memcpy HtoD,copies_memset,0.0083,2
18.0,memset,copies_memset,0.0617,72
18.0,mx_binary,norm_elementwise,0.0828,4
18.0,mx_block_copy,layout_copy,4.1386,20
18.0,mx_merge_heads,layout_copy,7.1423,2
18.0,mx_swiglu,norm_elementwise,6.2943,10
18.0,nvjet_sm90_qqtst_128x160_128x5_1x2_h_bz_coopA_algo2_TNT,gemm,19.8857,5
18.0,nvjet_sm90_qqtst_128x160_128x5_2x1_v_bz_coopA_algo2_TNT,gemm,8.3037,10
18.0,nvjet_sm90_qqtst_144x128_128x6_1x2_h_bz_coopA_algo2_TNN,gemm,15.5595,9
18.0,nvjet_sm90_qqtst_192x96_128x5_2x1_v_bz_coopB_algo2_TNT,gemm,0.266,1
18.0,nvjet_sm90_tst_256x160_64x4_1x2_h_bz_coopA_TNT,gemm,6.9334,1
18.0,sm80_xmma_gemm_f32f32_f32f32_f32_nn_n_tilesize64x128x8_stage3_warpsize1x4x1_ffma_aligna4_alignc4_execute_kernel__5x_cublas,gemm,0.6613,1
18.0,sm80_xmma_gemm_f32f32_f32f32_f32_tn_n_tilesize128x128x8_stage3_warpsize2x2x1_ffma_aligna4_alignc4_execute_kernel__5x_cublas,gemm,0.7766,1
18.0,softmax_last,attention,0.5545,1
18.0,vsa_combine,attention,4.8189,1
18.0,vsa_mma_attn_tma2,attention,94.2286,1
18.0,vsa_tile_mean,attention,2.4084,3
18.0,vsa_tile_qkv,attention,11.3436,3
18.0,vsa_topk2,attention,1.1144,1
18.0,w8a8_quantize,cast_quant,17.9321,23
18.25,amax_abs_mixed,cast_quant,2.6789,31
18.25,bcast_binary,norm_elementwise,0.5435,1
18.25,block_copy,layout_copy,0.0468,3
18.25,cast_bf16_f32_bias_act,cast_quant,0.0092,1
18.25,cast_f32_bf16,cast_quant,6.443,6
18.25,fa_dc90_fwd_d128,attention,2.1177,1
18.25,fill_f,layout_copy,2.3681,2
18.25,fvf_h3_gate_res_norm_mod,norm_elementwise,2.3829,1
18.25,fvf_split_heads_rows,layout_copy,2.5153,2
18.25,h3_qk_norm_rope,norm_elementwise,14.2817,2
18.25,h3_res_gate_norm_mod,norm_elementwise,2.4736,1
18.25,index_select_rows,layout_copy,0.0156,1
18.25,memcpy HtoD,copies_memset,0.0042,1
18.25,memset,copies_memset,0.0824,95
18.25,mx_binary,norm_elementwise,0.0416,2
18.25,mx_block_copy,layout_copy,5.2907,25
18.25,mx_merge_heads,layout_copy,3.6282,1
18.25,mx_swiglu,norm_elementwise,9.1668,14
18.25,nvjet_sm90_qqtst_128x160_128x5_1x2_h_bz_coopA_algo2_TNT,gemm,15.9812,4
18.25,nvjet_sm90_qqtst_128x160_128x5_2x1_v_bz_coopA_algo2_TNT,gemm,11.8791,14
18.25,nvjet_sm90_qqtst_144x128_128x6_1x2_h_bz_coopA_algo2_TNN,gemm,22.5646,13
18.25,nvjet_sm90_qqtst_192x96_128x5_2x1_v_bz_coopB_algo2_TNT,gemm,0.2659,1
18.25,nvjet_sm90_tst_256x160_64x4_1x2_h_bz_coopA_TNT,gemm,6.9684,1
18.25,sm80_xmma_gemm_f32f32_f32f32_f32_nn_n_tilesize64x128x8_stage3_warpsize1x4x1_ffma_aligna4_alignc4_execute_kernel__5x_cublas,gemm,0.7536,1
18.25,sm80_xmma_gemm_f32f32_f32f32_f32_tn_n_tilesize128x128x8_stage3_warpsize2x2x1_ffma_aligna4_alignc4_execute_kernel__5x_cublas,gemm,0.8785,1
18.25,softmax_last,attention,0.5756,1
18.25,vsa_combine,attention,4.8196,1
18.25,vsa_mma_attn_tma2,attention,95.6466,1
18.25,vsa_tile_mean,attention,2.5348,3
18.25,vsa_tile_qkv,attention,11.8405,3
18.25,vsa_topk2,attention,1.2697,1
18.25,w8a8_quantize,cast_quant,19.2232,31
18.5,amax_abs_mixed,cast_quant,2.7225,31
18.5,bcast_binary,norm_elementwise,0.5113,1
18.5,block_copy,layout_copy,0.0454,3
18.5,cast_bf16_f32_bias_act,cast_quant,0.0089,1
18.5,cast_f32_bf16,cast_quant,6.3355,6
18.5,fa_dc90_fwd_d128,attention,2.0971,1
18.5,fill_f,layout_copy,2.2243,2
18.5,fvf_h3_gate_res_norm_mod,norm_elementwise,2.4127,1
18.5,fvf_split_heads_rows,layout_copy,2.4921,2
18.5,h3_qk_norm_rope,norm_elementwise,12.7366,2
18.5,h3_res_gate_norm_mod,norm_elementwise,2.4122,1
18.5,index_select_rows,layout_copy,0.015,1
18.5,memcpy HtoD,copies_memset,0.0042,1
18.5,memset,copies_memset,0.0808,96
18.5,mx_binary,norm_elementwise,0.0404,2
18.5,mx_block_copy,layout_copy,5.0741,24
18.5,mx_merge_heads,layout_copy,3.4924,1
18.5,mx_swiglu,norm_elementwise,9.8144,15
18.5,nvjet_sm90_qqtst_128x160_128x5_1x2_h_bz_coopA_algo2_TNT,gemm,16.0542,4
18.5,nvjet_sm90_qqtst_128x160_128x5_2x1_v_bz_coopA_algo2_TNT,gemm,11.8584,14
18.5,nvjet_sm90_qqtst_144x128_128x6_1x2_h_bz_coopA_algo2_TNN,gemm,24.3131,14
18.5,nvjet_sm90_qqtst_192x96_128x5_2x1_v_bz_coopB_algo2_TNT,gemm,0.2686,1
18.5,nvjet_sm90_tst_256x160_64x4_1x2_h_bz_coopA_TNT,gemm,6.9875,1
18.5,sm80_xmma_gemm_f32f32_f32f32_f32_nn_n_tilesize64x128x8_stage3_warpsize1x4x1_ffma_aligna4_alignc4_execute_kernel__5x_cublas,gemm,0.6889,1
18.5,sm80_xmma_gemm_f32f32_f32f32_f32_tn_n_tilesize128x128x8_stage3_warpsize2x2x1_ffma_aligna4_alignc4_execute_kernel__5x_cublas,gemm,0.8105,1
18.5,softmax_last,attention,0.5586,1
18.5,vsa_combine,attention,4.7546,1
18.5,vsa_mma_attn_tma2,attention,95.8147,1
18.5,vsa_tile_mean,attention,2.4383,3
18.5,vsa_tile_qkv,attention,11.5436,3
18.5,vsa_topk2,attention,1.1613,1
18.5,w8a8_quantize,cast_quant,19.5371,31
18.75,amax_abs_mixed,cast_quant,2.4229,25
18.75,bcast_binary,norm_elementwise,0.5756,1
18.75,block_copy,layout_copy,0.0456,3
18.75,cast_bf16_f32_bias_act,cast_quant,0.0091,1
18.75,cast_f32_bf16,cast_quant,6.3704,6
18.75,fa_dc90_fwd_d128,attention,2.133,1
18.75,fill_f,layout_copy,2.3189,2
18.75,fvf_h3_gate_res_norm_mod,norm_elementwise,4.7994,2
18.75,fvf_split_heads_rows,layout_copy,2.549,2
18.75,h3_qk_norm_rope,norm_elementwise,14.296,2
18.75,h3_res_gate_norm_mod,norm_elementwise,2.4249,1
18.75,index_select_rows,layout_copy,0.0152,1
18.75,memcpy HtoD,copies_memset,0.0042,1
18.75,memset,copies_memset,0.0726,81
18.75,mx_binary,norm_elementwise,0.0415,2
18.75,mx_block_copy,layout_copy,6.3606,31
18.75,mx_merge_heads,layout_copy,3.5366,1
18.75,mx_swiglu,norm_elementwise,6.539,11
18.75,nvjet_sm90_qqtst_128x160_128x5_1x2_h_bz_coopA_algo2_TNT,gemm,28.1194,7
18.75,nvjet_sm90_qqtst_128x160_128x5_2x1_v_bz_coopA_algo2_TNT,gemm,9.7249,12
18.75,nvjet_sm90_qqtst_144x128_128x6_1x2_h_bz_coopA_algo2_TNN,gemm,15.5991,9
18.75,nvjet_sm90_qqtst_192x96_128x5_2x1_v_bz_coopB_algo2_TNT,gemm,0.5345,2
18.75,nvjet_sm90_tst_256x160_64x4_1x2_h_bz_coopA_TNT,gemm,7.0079,1
18.75,sm80_xmma_gemm_f32f32_f32f32_f32_nn_n_tilesize64x128x8_stage3_warpsize1x4x1_ffma_aligna4_alignc4_execute_kernel__5x_cublas,gemm,0.8151,1
18.75,sm80_xmma_gemm_f32f32_f32f32_f32_tn_n_tilesize128x128x8_stage3_warpsize2x2x1_ffma_aligna4_alignc4_execute_kernel__5x_cublas,gemm,0.9418,1
18.75,softmax_last,attention,0.5976,1
18.75,vsa_combine,attention,4.7502,1
18.75,vsa_mma_attn_tma2,attention,96.4372,1
18.75,vsa_tile_mean,attention,2.6747,3
18.75,vsa_tile_qkv,attention,11.6927,3
18.75,vsa_topk2,attention,1.347,1
18.75,w8a8_quantize,cast_quant,17.7296,25
19.0,amax_abs_mixed,cast_quant,2.0631,22
19.0,bcast_binary,norm_elementwise,0.5033,1
19.0,block_copy,layout_copy,0.0463,3
19.0,cast_bf16_f32_bias_act,cast_quant,0.0092,1
19.0,cast_f32_bf16,cast_quant,6.443,6
19.0,fa_dc90_fwd_d128,attention,2.162,1
19.0,fill_f,layout_copy,2.2424,2
19.0,fvf_h3_gate_res_norm_mod,norm_elementwise,2.3761,1
19.0,fvf_split_heads_rows,layout_copy,2.4859,2
19.0,h3_qk_norm_rope,norm_elementwise,25.155,4
19.0,h3_res_gate_norm_mod,norm_elementwise,2.4789,1
19.0,index_select_rows,layout_copy,0.0156,1
19.0,memcpy HtoD,copies_memset,0.0043,1
19.0,memset,copies_memset,0.0602,70
19.0,mx_binary,norm_elementwise,0.042,2
19.0,mx_block_copy,layout_copy,4.1783,20
19.0,mx_merge_heads,layout_copy,3.6288,1
19.0,mx_swiglu,norm_elementwise,6.4402,10
19.0,nvjet_sm90_qqtst_128x160_128x5_1x2_h_bz_coopA_algo2_TNT,gemm,16.0525,4
19.0,nvjet_sm90_qqtst_128x160_128x5_2x1_v_bz_coopA_algo2_TNT,gemm,8.4147,10
19.0,nvjet_sm90_qqtst_144x128_128x6_1x2_h_bz_coopA_algo2_TNN,gemm,15.7301,9
19.0,nvjet_sm90_qqtst_192x96_128x5_2x1_v_bz_coopB_algo2_TNT,gemm,0.2675,1
19.0,nvjet_sm90_tst_256x160_64x4_1x2_h_bz_coopA_TNT,gemm,14.065,2
19.0,sm80_xmma_gemm_f32f32_f32f32_f32_nn_n_tilesize64x128x8_stage3_warpsize1x4x1_ffma_aligna4_alignc4_execute_kernel__5x_cublas,gemm,0.6723,1
19.0,sm80_xmma_gemm_f32f32_f32f32_f32_tn_n_tilesize128x128x8_stage3_warpsize2x2x1_ffma_aligna4_alignc4_execute_kernel__5x_cublas,gemm,0.7907,1
19.0,softmax_last,attention,0.5571,1
19.0,vsa_combine,attention,4.8178,1
19.0,vsa_mma_attn_tma2,attention,95.3825,1
19.0,vsa_tile_mean,attention,2.4194,3
19.0,vsa_tile_qkv,attention,11.4935,3
19.0,vsa_topk2,attention,1.1334,1
19.0,w8a8_quantize,cast_quant,15.0265,22
19.25,amax_abs_mixed,cast_quant,2.0508,22
19.25,bcast_binary,norm_elementwise,1.059,2
19.25,block_copy,layout_copy,0.0467,3
19.25,cast_bf16_f32_bias_act,cast_quant,0.0092,1
19.25,cast_f32_bf16,cast_quant,6.4442,6
19.25,fa_dc90_fwd_d128,attention,2.2191,1
19.25,fill_f,layout_copy,3.4605,3
19.25,fvf_h3_gate_res_norm_mod,norm_elementwise,2.3194,1
19.25,fvf_split_heads_rows,layout_copy,4.9709,4
19.25,h3_qk_norm_rope,norm_elementwise,12.8039,2
19.25,h3_res_gate_norm_mod,norm_elementwise,2.4075,1
19.25,index_select_rows,layout_copy,0.0153,1
19.25,memcpy HtoD,copies_memset,0.0042,1
19.25,memset,copies_memset,0.0614,69
19.25,mx_binary,norm_elementwise,0.0418,2
19.25,mx_block_copy,layout_copy,4.1079,20
19.25,mx_merge_heads,layout_copy,3.5337,1
19.25,mx_swiglu,norm_elementwise,6.3153,10
19.25,nvjet_sm90_qqtst_128x160_128x5_1x2_h_bz_coopA_algo2_TNT,gemm,16.0591,4
19.25,nvjet_sm90_qqtst_128x160_128x5_2x1_v_bz_coopA_algo2_TNT,gemm,8.3747,10
19.25,nvjet_sm90_qqtst_144x128_128x6_1x2_h_bz_coopA_algo2_TNN,gemm,15.6654,9
19.25,nvjet_sm90_qqtst_192x96_128x5_2x1_v_bz_coopB_algo2_TNT,gemm,0.2647,1
19.25,nvjet_sm90_tst_256x160_64x4_1x2_h_bz_coopA_TNT,gemm,7.0446,1
19.25,sm80_xmma_gemm_f32f32_f32f32_f32_nn_n_tilesize64x128x8_stage3_warpsize1x4x1_ffma_aligna4_alignc4_execute_kernel__5x_cublas,gemm,1.4577,2
19.25,sm80_xmma_gemm_f32f32_f32f32_f32_tn_n_tilesize128x128x8_stage3_warpsize2x2x1_ffma_aligna4_alignc4_execute_kernel__5x_cublas,gemm,1.6696,2
19.25,softmax_last,attention,1.1398,2
19.25,vsa_combine,attention,4.8197,1
19.25,vsa_mma_attn_tma2,attention,96.1995,1
19.25,vsa_tile_mean,attention,4.9797,6
19.25,vsa_tile_qkv,attention,23.1416,6
19.25,vsa_topk2,attention,2.4507,2
19.25,w8a8_quantize,cast_quant,14.6429,22
19.5,amax_abs_mixed,cast_quant,2.0567,22
19.5,bcast_binary,norm_elementwise,0.5398,1
19.5,block_copy,layout_copy,0.0454,3
19.5,cast_bf16_f32_bias_act,cast_quant,0.009,1
19.5,cast_f32_bf16,cast_quant,6.3694,6
19.5,fa_dc90_fwd_d128,attention,2.1046,1
19.5,fill_f,layout_copy,3.5355,3
19.5,fvf_h3_gate_res_norm_mod,norm_elementwise,2.3676,1
19.5,fvf_split_heads_rows,layout_copy,2.5123,2
19.5,h3_qk_norm_rope,norm_elementwise,13.2423,2
19.5,h3_res_gate_norm_mod,norm_elementwise,2.4357,1
19.5,index_select_rows,layout_copy,0.015,1
19.5,memcpy HtoD,copies_memset,0.0042,1
19.5,memset,copies_memset,0.0607,69
19.5,mx_binary,norm_elementwise,0.0411,2
19.5,mx_block_copy,layout_copy,4.1491,20
19.5,mx_merge_heads,layout_copy,3.535,1
19.5,mx_swiglu,norm_elementwise,6.3188,10
19.5,nvjet_sm90_qqtst_128x160_128x5_1x2_h_bz_coopA_algo2_TNT,gemm,16.084,4
19.5,nvjet_sm90_qqtst_128x160_128x5_2x1_v_bz_coopA_algo2_TNT,gemm,8.3858,10
19.5,nvjet_sm90_qqtst_144x128_128x6_1x2_h_bz_coopA_algo2_TNN,gemm,15.6569,9
19.5,nvjet_sm90_qqtst_192x96_128x5_2x1_v_bz_coopB_algo2_TNT,gemm,0.2665,1
19.5,nvjet_sm90_tst_256x160_64x4_1x2_h_bz_coopA_TNT,gemm,7.0475,1
19.5,sm80_xmma_gemm_f32f32_f32f32_f32_nn_n_tilesize64x128x8_stage3_warpsize1x4x1_ffma_aligna4_alignc4_execute_kernel__5x_cublas,gemm,0.747,1
19.5,sm80_xmma_gemm_f32f32_f32f32_f32_tn_n_tilesize128x128x8_stage3_warpsize2x2x1_ffma_aligna4_alignc4_execute_kernel__5x_cublas,gemm,0.8693,1
19.5,softmax_last,attention,0.5727,1
19.5,vsa_combine,attention,4.7475,1
19.5,vsa_mma_attn_tma2,attention,192.1294,2
19.5,vsa_tile_mean,attention,2.5224,3
19.5,vsa_tile_qkv,attention,11.6753,3
19.5,vsa_topk2,attention,1.2582,1
19.5,w8a8_quantize,cast_quant,14.7756,22
19.75,amax_abs_mixed,cast_quant,2.0633,22
19.75,bcast_binary,norm_elementwise,0.5204,1
19.75,block_copy,layout_copy,0.0465,3
19.75,cast_bf16_f32_bias_act,cast_quant,0.0092,1
19.75,cast_f32_bf16,cast_quant,6.4507,6
19.75,fa_dc90_fwd_d128,attention,2.1516,1
19.75,fill_f,layout_copy,2.2876,2
19.75,fvf_h3_gate_res_norm_mod,norm_elementwise,2.3989,1
19.75,fvf_split_heads_rows,layout_copy,2.4982,2
19.75,h3_qk_norm_rope,norm_elementwise,13.5938,2
19.75,h3_res_gate_norm_mod,norm_elementwise,2.4761,1
19.75,index_select_rows,layout_copy,0.0157,1
19.75,memcpy HtoD,copies_memset,0.0042,1
19.75,memset,copies_memset,0.06,69
19.75,mx_binary,norm_elementwise,0.0423,2
19.75,mx_block_copy,layout_copy,4.1824,20
19.75,mx_merge_heads,layout_copy,3.6332,1
19.75,mx_swiglu,norm_elementwise,6.4533,10
19.75,nvjet_sm90_qqtst_128x160_128x5_1x2_h_bz_coopA_algo2_TNT,gemm,16.0694,4
19.75,nvjet_sm90_qqtst_128x160_128x5_2x1_v_bz_coopA_algo2_TNT,gemm,8.3726,10
19.75,nvjet_sm90_qqtst_144x128_128x6_1x2_h_bz_coopA_algo2_TNN,gemm,15.6304,9
19.75,nvjet_sm90_qqtst_192x96_128x5_2x1_v_bz_coopB_algo2_TNT,gemm,0.2663,1
19.75,nvjet_sm90_tst_256x160_64x4_1x2_h_bz_coopA_TNT,gemm,7.2513,1
19.75,sm80_xmma_gemm_f32f32_f32f32_f32_nn_n_tilesize64x128x8_stage3_warpsize1x4x1_ffma_aligna4_alignc4_execute_kernel__5x_cublas,gemm,0.7079,1
19.75,sm80_xmma_gemm_f32f32_f32f32_f32_tn_n_tilesize128x128x8_stage3_warpsize2x2x1_ffma_aligna4_alignc4_execute_kernel__5x_cublas,gemm,0.8289,1
19.75,softmax_last,attention,0.5636,1
19.75,vsa_combine,attention,4.8212,1
19.75,vsa_mma_attn_tma2,attention,95.2753,1
19.75,vsa_tile_mean,attention,2.4602,3
19.75,vsa_tile_qkv,attention,11.4986,3
19.75,vsa_topk2,attention,1.1927,1
19.75,w8a8_quantize,cast_quant,15.1075,22
20.0,amax_abs_mixed,cast_quant,2.062,22
20.0,bcast_binary,norm_elementwise,0.5351,1
20.0,block_copy,layout_copy,0.0471,3
20.0,cast_bf16_f32_bias_act,cast_quant,0.0093,1
20.0,cast_f32_bf16,cast_quant,6.4414,6
20.0,fa_dc90_fwd_d128,attention,2.1674,1
20.0,fill_f,layout_copy,2.3374,2
20.0,fvf_h3_gate_res_norm_mod,norm_elementwise,2.3713,1
20.0,fvf_split_heads_rows,layout_copy,2.5103,2
20.0,h3_qk_norm_rope,norm_elementwise,12.9938,2
20.0,h3_res_gate_norm_mod,norm_elementwise,2.4754,1
20.0,index_select_rows,layout_copy,0.0154,1
20.0,memcpy HtoD,copies_memset,0.0042,1
20.0,memset,copies_memset,0.0609,69
20.0,mx_binary,norm_elementwise,0.0416,2
20.0,mx_block_copy,layout_copy,4.1878,20
20.0,mx_merge_heads,layout_copy,3.6274,1
20.0,mx_swiglu,norm_elementwise,6.4725,10
20.0,nvjet_sm90_qqtst_128x160_128x5_1x2_h_bz_coopA_algo2_TNT,gemm,16.0529,4
20.0,nvjet_sm90_qqtst_128x160_128x5_2x1_v_bz_coopA_algo2_TNT,gemm,8.3243,10
20.0,nvjet_sm90_qqtst_144x128_128x6_1x2_h_bz_coopA_algo2_TNN,gemm,15.736,9
20.0,nvjet_sm90_qqtst_192x96_128x5_2x1_v_bz_coopB_algo2_TNT,gemm,0.2684,1
20.0,nvjet_sm90_tst_256x160_64x4_1x2_h_bz_coopA_TNT,gemm,7.0456,1
20.0,sm80_xmma_gemm_f32f32_f32f32_f32_nn_n_tilesize64x128x8_stage3_warpsize1x4x1_ffma_aligna4_alignc4_execute_kernel__5x_cublas,gemm,0.7399,1
20.0,sm80_xmma_gemm_f32f32_f32f32_f32_tn_n_tilesize128x128x8_stage3_warpsize2x2x1_ffma_aligna4_alignc4_execute_kernel__5x_cublas,gemm,0.8614,1
20.0,softmax_last,attention,0.5718,1
20.0,vsa_combine,attention,4.8173,1
20.0,vsa_mma_attn_tma2,attention,97.9779,1
20.0,vsa_tile_mean,attention,2.5101,3
20.0,vsa_tile_qkv,attention,11.6651,3
20.0,vsa_topk2,attention,1.247,1
20.0,w8a8_quantize,cast_quant,15.0992,22
20.25,amax_abs_mixed,cast_quant,2.0467,22
20.25,bcast_binary,norm_elementwise,0.5115,1
20.25,block_copy,layout_copy,0.0464,3
20.25,cast_bf16_f32_bias_act,cast_quant,0.0089,1
20.25,cast_f32_bf16,cast_quant,6.3346,6
20.25,fa_dc90_fwd_d128,attention,2.122,1
20.25,fill_f,layout_copy,2.2574,2
20.25,fvf_h3_gate_res_norm_mod,norm_elementwise,2.3475,1
20.25,fvf_split_heads_rows,layout_copy,2.5134,2
20.25,h3_qk_norm_rope,norm_elementwise,14.6249,2
20.25,h3_res_gate_norm_mod,norm_elementwise,2.4016,1
20.25,index_select_rows,layout_copy,0.0151,1
20.25,memcpy HtoD,copies_memset,0.0042,1
20.25,memset,copies_memset,0.0602,69
20.25,mx_binary,norm_elementwise,0.0404,2
20.25,mx_block_copy,layout_copy,4.0972,20
20.25,mx_merge_heads,layout_copy,3.4933,1
20.25,mx_swiglu,norm_elementwise,6.1826,10
20.25,nvjet_sm90_qqtst_128x160_128x5_1x2_h_bz_coopA_algo2_TNT,gemm,16.1108,4
20.25,nvjet_sm90_qqtst_128x160_128x5_2x1_v_bz_coopA_algo2_TNT,gemm,8.3133,10
20.25,nvjet_sm90_qqtst_144x128_128x6_1x2_h_bz_coopA_algo2_TNN,gemm,15.7143,9
20.25,nvjet_sm90_qqtst_192x96_128x5_2x1_v_bz_coopB_algo2_TNT,gemm,0.2648,1
20.25,nvjet_sm90_tst_256x160_64x4_1x2_h_bz_coopA_TNT,gemm,7.2244,1
20.25,sm80_xmma_gemm_f32f32_f32f32_f32_nn_n_tilesize64x128x8_stage3_warpsize1x4x1_ffma_aligna4_alignc4_execute_kernel__5x_cublas,gemm,0.6894,1
20.25,sm80_xmma_gemm_f32f32_f32f32_f32_tn_n_tilesize128x128x8_stage3_warpsize2x2x1_ffma_aligna4_alignc4_execute_kernel__5x_cublas,gemm,0.8081,1
20.25,softmax_last,attention,0.5586,1
20.25,vsa_combine,attention,4.716,1
20.25,vsa_mma_attn_tma2,attention,95.9707,1
20.25,vsa_tile_mean,attention,2.4392,3
20.25,vsa_tile_qkv,attention,11.6438,3
20.25,vsa_topk2,attention,1.1617,1
20.25,w8a8_quantize,cast_quant,14.5195,22
20.5,amax_abs_mixed,cast_quant,2.062,22
20.5,bcast_binary,norm_elementwise,0.4935,1
20.5,block_copy,layout_copy,0.0455,3
20.5,cast_bf16_f32_bias_act,cast_quant,0.0092,1
20.5,cast_f32_bf16,cast_quant,6.3697,6
20.5,fa_dc90_fwd_d128,attention,2.1306,1
20.5,fill_f,layout_copy,2.1716,2
20.5,fvf_h3_gate_res_norm_mod,norm_elementwise,2.4849,1
20.5,fvf_split_heads_rows,layout_copy,2.4794,2
20.5,h3_qk_norm_rope,norm_elementwise,12.4948,2
20.5,h3_res_gate_norm_mod,norm_elementwise,2.4358,1
20.5,index_select_rows,layout_copy,0.0151,1
20.5,memcpy HtoD,copies_memset,0.0042,1
20.5,memset,copies_memset,0.0597,69
20.5,mx_binary,norm_elementwise,0.0408,2
20.5,mx_block_copy,layout_copy,4.2569,20
20.5,mx_merge_heads,layout_copy,3.5351,1
20.5,mx_swiglu,norm_elementwise,6.4519,10
20.5,nvjet_sm90_qqtst_128x160_128x5_1x2_h_bz_coopA_algo2_TNT,gemm,16.044,4
20.5,nvjet_sm90_qqtst_128x160_128x5_2x1_v_bz_coopA_algo2_TNT,gemm,8.4058,10
20.5,nvjet_sm90_qqtst_144x128_128x6_1x2_h_bz_coopA_algo2_TNN,gemm,15.6429,9
20.5,nvjet_sm90_qqtst_192x96_128x5_2x1_v_bz_coopB_algo2_TNT,gemm,0.274,1
20.5,nvjet_sm90_tst_256x160_64x4_1x2_h_bz_coopA_TNT,gemm,7.0794,1
20.5,sm80_xmma_gemm_f32f32_f32f32_f32_nn_n_tilesize64x128x8_stage3_warpsize1x4x1_ffma_aligna4_alignc4_execute_kernel__5x_cublas,gemm,0.6504,1
20.5,sm80_xmma_gemm_f32f32_f32f32_f32_tn_n_tilesize128x128x8_stage3_warpsize2x2x1_ffma_aligna4_alignc4_execute_kernel__5x_cublas,gemm,0.7664,1
20.5,softmax_last,attention,0.5511,1
20.5,vsa_combine,attention,9.5665,2
20.5,vsa_mma_attn_tma2,attention,95.0711,1
20.5,vsa_tile_mean,attention,2.3996,3
20.5,vsa_tile_qkv,attention,11.3119,3
20.5,vsa_topk2,attention,1.0966,1
20.5,w8a8_quantize,cast_quant,15.1088,22
20.75,amax_abs_mixed,cast_quant,2.4714,23
20.75,bcast_binary,norm_elementwise,0.4983,1
20.75,block_copy,layout_copy,0.0923,6
20.75,cast_bf16_f32_bias_act,cast_quant,0.0181,2
20.75,cast_f32_bf16,cast_quant,12.8524,12
20.75,fa_dc90_fwd_d128,attention,4.2468,2
20.75,fill_f,layout_copy,2.206,2
20.75,fvf_h3_gate_res_norm_mod,norm_elementwise,2.3444,1
20.75,fvf_split_heads_rows,layout_copy,2.5073,2
20.75,h3_qk_norm_rope,norm_elementwise,13.1568,2
20.75,h3_res_gate_norm_mod,norm_elementwise,4.887,2
20.75,index_select_rows,layout_copy,0.0305,2
20.75,memcpy HtoD,copies_memset,0.0084,2
20.75,memset,copies_memset,0.0646,72
20.75,mx_binary,norm_elementwise,0.0823,4
20.75,mx_block_copy,layout_copy,4.1446,20
20.75,mx_merge_heads,layout_copy,7.1212,2
20.75,mx_swiglu,norm_elementwise,6.4087,10
20.75,nvjet_sm90_qqtst_128x160_128x5_1x2_h_bz_coopA_algo2_TNT,gemm,20.1072,5
20.75,nvjet_sm90_qqtst_128x160_128x5_2x1_v_bz_coopA_algo2_TNT,gemm,8.3857,10
20.75,nvjet_sm90_qqtst_144x128_128x6_1x2_h_bz_coopA_algo2_TNN,gemm,15.7127,9
20.75,nvjet_sm90_qqtst_192x96_128x5_2x1_v_bz_coopB_algo2_TNT,gemm,0.2648,1
20.75,nvjet_sm90_tst_256x160_64x4_1x2_h_bz_coopA_TNT,gemm,7.0706,1
20.75,sm80_xmma_gemm_f32f32_f32f32_f32_nn_n_tilesize64x128x8_stage3_warpsize1x4x1_ffma_aligna4_alignc4_execute_kernel__5x_cublas,gemm,0.6609,1
20.75,sm80_xmma_gemm_f32f32_f32f32_f32_tn_n_tilesize128x128x8_stage3_warpsize2x2x1_ffma_aligna4_alignc4_execute_kernel__5x_cublas,gemm,0.8545,1
20.75,softmax_last,attention,0.5543,1
20.75,vsa_combine,attention,4.8219,1
20.75,vsa_mma_attn_tma2,attention,95.6086,1
20.75,vsa_tile_mean,attention,2.485,3
20.75,vsa_tile_qkv,attention,11.3996,3
20.75,vsa_topk2,attention,1.1146,1
20.75,w8a8_quantize,cast_quant,18.1055,23
21.0,amax_abs_mixed,cast_quant,2.6136,30
21.0,bcast_binary,norm_elementwise,0.5294,1
21.0,block_copy,layout_copy,0.0457,3
21.0,cast_bf16_f32_bias_act,cast_quant,0.009,1
21.0,cast_f32_bf16,cast_quant,6.3567,6
21.0,fa_dc90_fwd_d128,attention,2.1151,1
21.0,fill_f,layout_copy,2.4222,2
21.0,fvf_h3_gate_res_norm_mod,norm_elementwise,2.3154,1
21.0,fvf_split_heads_rows,layout_copy,2.4988,2
21.0,h3_qk_norm_rope,norm_elementwise,12.5484,2
21.0,h3_res_gate_norm_mod,norm_elementwise,2.423,1
21.0,index_select_rows,layout_copy,0.0152,1
21.0,memcpy HtoD,copies_memset,0.0042,1
21.0,memset,copies_memset,0.0816,92
21.0,mx_binary,norm_elementwise,0.0414,2
21.0,mx_block_copy,layout_copy,4.9582,24
21.0,mx_merge_heads,layout_copy,3.5178,1
21.0,mx_swiglu,norm_elementwise,8.9944,14
21.0,nvjet_sm90_qqtst_128x160_128x5_1x2_h_bz_coopA_algo2_TNT,gemm,16.1123,4
21.0,nvjet_sm90_qqtst_128x160_128x5_2x1_v_bz_coopA_algo2_TNT,gemm,11.0109,13
21.0,nvjet_sm90_qqtst_144x128_128x6_1x2_h_bz_coopA_algo2_TNN,gemm,22.7398,13
21.0,nvjet_sm90_qqtst_192x96_128x5_2x1_v_bz_coopB_algo2_TNT,gemm,0.2625,1
21.0,nvjet_sm90_tst_256x160_64x4_1x2_h_bz_coopA_TNT,gemm,7.0793,1
21.0,sm80_xmma_gemm_f32f32_f32f32_f32_nn_n_tilesize64x128x8_stage3_warpsize1x4x1_ffma_aligna4_alignc4_execute_kernel__5x_cublas,gemm,0.7267,1
21.0,sm80_xmma_gemm_f32f32_f32f32_f32_tn_n_tilesize128x128x8_stage3_warpsize2x2x1_ffma_aligna4_alignc4_execute_kernel__5x_cublas,gemm,0.8497,1
21.0,softmax_last,attention,0.5642,1
21.0,vsa_combine,attention,4.7348,1
21.0,vsa_mma_attn_tma2,attention,98.9573,1
21.0,vsa_tile_mean,attention,2.4876,3
21.0,vsa_tile_qkv,attention,11.9673,3
21.0,vsa_topk2,attention,1.224,1
21.0,w8a8_quantize,cast_quant,18.4904,30
21.25,amax_abs_mixed,cast_quant,2.6269,30
21.25,bcast_binary,norm_elementwise,0.5007,1
21.25,block_copy,layout_copy,0.0463,3
21.25,cast_bf16_f32_bias_act,cast_quant,0.0092,1
21.25,cast_f32_bf16,cast_quant,6.4486,6
21.25,fa_dc90_fwd_d128,attention,2.1409,1
21.25,fill_f,layout_copy,2.2241,2
21.25,fvf_h3_gate_res_norm_mod,norm_elementwise,2.3424,1
21.25,fvf_split_heads_rows,layout_copy,2.5078,2
21.25,h3_qk_norm_rope,norm_elementwise,14.0888,2
21.25,h3_res_gate_norm_mod,norm_elementwise,2.472,1
21.25,index_select_rows,layout_copy,0.0154,1
21.25,memcpy HtoD,copies_memset,0.0042,1
21.25,memset,copies_memset,0.0803,94
21.25,mx_binary,norm_elementwise,0.042,2
21.25,mx_block_copy,layout_copy,5.0312,24
21.25,mx_merge_heads,layout_copy,3.6324,1
21.25,mx_swiglu,norm_elementwise,9.1995,14
21.25,nvjet_sm90_qqtst_128x160_128x5_1x2_h_bz_coopA_algo2_TNT,gemm,16.1467,4
21.25,nvjet_sm90_qqtst_128x160_128x5_2x1_v_bz_coopA_algo2_TNT,gemm,12.762,15
21.25,nvjet_sm90_qqtst_144x128_128x6_1x2_h_bz_coopA_algo2_TNN,gemm,22.756,13
21.25,nvjet_sm90_qqtst_192x96_128x5_2x1_v_bz_coopB_algo2_TNT,gemm,0.265,1
21.25,nvjet_sm90_tst_256x160_64x4_1x2_h_bz_coopA_TNT,gemm,7.1579,1
21.25,sm80_xmma_gemm_f32f32_f32f32_f32_nn_n_tilesize64x128x8_stage3_warpsize1x4x1_ffma_aligna4_alignc4_execute_kernel__5x_cublas,gemm,0.6661,1
21.25,sm80_xmma_gemm_f32f32_f32f32_f32_tn_n_tilesize128x128x8_stage3_warpsize2x2x1_ffma_aligna4_alignc4_execute_kernel__5x_cublas,gemm,0.8383,1
21.25,softmax_last,attention,0.554,1
21.25,vsa_combine,attention,4.8211,1
21.25,vsa_mma_attn_tma2,attention,96.1562,1
21.25,vsa_tile_mean,attention,2.4712,3
21.25,vsa_tile_qkv,attention,11.4427,3
21.25,vsa_topk2,attention,1.1232,1
21.25,w8a8_quantize,cast_quant,18.9445,30
21.5,amax_abs_mixed,cast_quant,2.5636,27
21.5,bcast_binary,norm_elementwise,0.527,1
21.5,block_copy,layout_copy,0.0467,3
21.5,cast_bf16_f32_bias_act,cast_quant,0.0092,1
21.5,cast_f32_bf16,cast_quant,6.4491,6
21.5,fa_dc90_fwd_d128,attention,2.1695,1
21.5,fill_f,layout_copy,2.2886,2
21.5,fvf_h3_gate_res_norm_mod,norm_elementwise,4.7722,2
21.5,fvf_split_heads_rows,layout_copy,2.4804,2
21.5,h3_qk_norm_rope,norm_elementwise,12.4939,2
21.5,h3_res_gate_norm_mod,norm_elementwise,2.4294,1
21.5,index_select_rows,layout_copy,0.0155,1
21.5,memcpy HtoD,copies_memset,0.0042,1
21.5,memset,copies_memset,0.0748,85
21.5,mx_binary,norm_elementwise,0.0421,2
21.5,mx_block_copy,layout_copy,6.5722,32
21.5,mx_merge_heads,layout_copy,3.633,1
21.5,mx_swiglu,norm_elementwise,7.2306,12
21.5,nvjet_sm90_qqtst_128x160_128x5_1x2_h_bz_coopA_algo2_TNT,gemm,24.0661,6
21.5,nvjet_sm90_qqtst_128x160_128x5_2x1_v_bz_coopA_algo2_TNT,gemm,9.6289,12
21.5,nvjet_sm90_qqtst_144x128_128x6_1x2_h_bz_coopA_algo2_TNN,gemm,17.5627,10
21.5,nvjet_sm90_qqtst_192x96_128x5_2x1_v_bz_coopB_algo2_TNT,gemm,0.5348,2
21.5,nvjet_sm90_tst_256x160_64x4_1x2_h_bz_coopA_TNT,gemm,7.0805,1
21.5,sm80_xmma_gemm_f32f32_f32f32_f32_nn_n_tilesize64x128x8_stage3_warpsize1x4x1_ffma_aligna4_alignc4_execute_kernel__5x_cublas,gemm,0.7196,1
21.5,sm80_xmma_gemm_f32f32_f32f32_f32_tn_n_tilesize128x128x8_stage3_warpsize2x2x1_ffma_aligna4_alignc4_execute_kernel__5x_cublas,gemm,0.8037,1
21.5,softmax_last,attention,0.5673,1
21.5,vsa_combine,attention,4.8215,1
21.5,vsa_mma_attn_tma2,attention,96.3613,1
21.5,vsa_tile_mean,attention,2.4267,3
21.5,vsa_tile_qkv,attention,11.6192,3
21.5,vsa_topk2,attention,1.2122,1
21.5,w8a8_quantize,cast_quant,18.6557,27
21.75,amax_abs_mixed,cast_quant,2.0511,22
21.75,bcast_binary,norm_elementwise,0.4932,1
21.75,block_copy,layout_copy,0.0453,3
21.75,cast_bf16_f32_bias_act,cast_quant,0.0089,1
21.75,cast_f32_bf16,cast_quant,6.3532,6
21.75,fa_dc90_fwd_d128,attention,2.1153,1
21.75,fill_f,layout_copy,2.3168,2
21.75,fvf_h3_gate_res_norm_mod,norm_elementwise,2.3539,1
21.75,fvf_split_heads_rows,layout_copy,2.5024,2
21.75,h3_qk_norm_rope,norm_elementwise,26.7567,4
21.75,h3_res_gate_norm_mod,norm_elementwise,2.4181,1
21.75,index_select_rows,layout_copy,0.0152,1
21.75,memcpy HtoD,copies_memset,0.0042,1
21.75,memset,copies_memset,0.0611,71
21.75,mx_binary,norm_elementwise,0.0412,2
21.75,mx_block_copy,layout_copy,4.1134,20
21.75,mx_merge_heads,layout_copy,3.5125,1
21.75,mx_swiglu,norm_elementwise,6.2569,10
21.75,nvjet_sm90_qqtst_128x160_128x5_1x2_h_bz_coopA_algo2_TNT,gemm,20.0559,5
21.75,nvjet_sm90_qqtst_128x160_128x5_2x1_v_bz_coopA_algo2_TNT,gemm,8.2665,10
21.75,nvjet_sm90_qqtst_144x128_128x6_1x2_h_bz_coopA_algo2_TNN,gemm,15.669,9
21.75,nvjet_sm90_qqtst_192x96_128x5_2x1_v_bz_coopB_algo2_TNT,gemm,0.2648,1
21.75,nvjet_sm90_tst_256x160_64x4_1x2_h_bz_coopA_TNT,gemm,14.1566,2
21.75,sm80_xmma_gemm_f32f32_f32f32_f32_nn_n_tilesize64x128x8_stage3_warpsize1x4x1_ffma_aligna4_alignc4_execute_kernel__5x_cublas,gemm,0.6506,1
21.75,sm80_xmma_gemm_f32f32_f32f32_f32_tn_n_tilesize128x128x8_stage3_warpsize2x2x1_ffma_aligna4_alignc4_execute_kernel__5x_cublas,gemm,0.8358,1
21.75,softmax_last,attention,0.5658,1
21.75,vsa_combine,attention,4.732,1
21.75,vsa_mma_attn_tma2,attention,96.8846,1
21.75,vsa_tile_mean,attention,2.4712,3
21.75,vsa_tile_qkv,attention,11.6987,3
21.75,vsa_topk2,attention,1.0961,1
21.75,w8a8_quantize,cast_quant,14.6009,22
22.0,amax_abs_mixed,cast_quant,2.0597,22
22.0,bcast_binary,norm_elementwise,1.0108,2
22.0,block_copy,layout_copy,0.0466,3
22.0,cast_bf16_f32_bias_act,cast_quant,0.0092,1
22.0,cast_f32_bf16,cast_quant,6.4467,6
22.0,fa_dc90_fwd_d128,attention,2.149,1
22.0,fill_f,layout_copy,3.2627,3
22.0,fvf_h3_gate_res_norm_mod,norm_elementwise,2.3563,1
22.0,fvf_split_heads_rows,layout_copy,4.976,4
22.0,h3_qk_norm_rope,norm_elementwise,12.5088,2
22.0,h3_res_gate_norm_mod,norm_elementwise,2.4813,1
22.0,index_select_rows,layout_copy,0.0156,1
22.0,memcpy HtoD,copies_memset,0.0042,1
22.0,memset,copies_memset,0.0578,69
22.0,mx_binary,norm_elementwise,0.0418,2
22.0,mx_block_copy,layout_copy,4.1623,20
22.0,mx_merge_heads,layout_copy,3.6334,1
22.0,mx_swiglu,norm_elementwise,6.4287,10
22.0,nvjet_sm90_qqtst_128x160_128x5_1x2_h_bz_coopA_algo2_TNT,gemm,16.0411,4
22.0,nvjet_sm90_qqtst_128x160_128x5_2x1_v_bz_coopA_algo2_TNT,gemm,8.3163,10
22.0,nvjet_sm90_qqtst_144x128_128x6_1x2_h_bz_coopA_algo2_TNN,gemm,15.6733,9
22.0,nvjet_sm90_qqtst_192x96_128x5_2x1_v_bz_coopB_algo2_TNT,gemm,0.2654,1
22.0,nvjet_sm90_tst_256x160_64x4_1x2_h_bz_coopA_TNT,gemm,7.0687,1
22.0,sm80_xmma_gemm_f32f32_f32f32_f32_nn_n_tilesize64x128x8_stage3_warpsize1x4x1_ffma_aligna4_alignc4_execute_kernel__5x_cublas,gemm,1.3516,2
22.0,sm80_xmma_gemm_f32f32_f32f32_f32_tn_n_tilesize128x128x8_stage3_warpsize2x2x1_ffma_aligna4_alignc4_execute_kernel__5x_cublas,gemm,1.5903,2
22.0,softmax_last,attention,1.1147,2
22.0,vsa_combine,attention,4.821,1
22.0,vsa_mma_attn_tma2,attention,96.6165,1
22.0,vsa_tile_mean,attention,4.8548,6
22.0,vsa_tile_qkv,attention,19.12,5
22.0,vsa_topk2,attention,2.2788,2
22.0,w8a8_quantize,cast_quant,15.0066,22
22.25,amax_abs_mixed,cast_quant,2.062,22
22.25,bcast_binary,norm_elementwise,0.5056,1
22.25,block_copy,layout_copy,0.0465,3
22.25,cast_bf16_f32_bias_act,cast_quant,0.0091,1
22.25,cast_f32_bf16,cast_quant,6.4434,6
22.25,fa_dc90_fwd_d128,attention,2.1467,1
22.25,fill_f,layout_copy,3.3594,3
22.25,fvf_h3_gate_res_norm_mod,norm_elementwise,2.399,1
22.25,fvf_split_heads_rows,layout_copy,2.489,2
22.25,h3_qk_norm_rope,norm_elementwise,12.5974,2
22.25,h3_res_gate_norm_mod,norm_elementwise,2.4716,1
22.25,index_select_rows,layout_copy,0.0156,1
22.25,memcpy HtoD,copies_memset,0.0042,1
22.25,memset,copies_memset,0.06,69
22.25,mx_binary,norm_elementwise,0.0416,2
22.25,mx_block_copy,layout_copy,4.2049,20
22.25,mx_merge_heads,layout_copy,3.6288,1
22.25,mx_swiglu,norm_elementwise,6.4356,10
22.25,nvjet_sm90_qqtst_128x160_128x5_1x2_h_bz_coopA_algo2_TNT,gemm,15.9855,4
22.25,nvjet_sm90_qqtst_128x160_128x5_2x1_v_bz_coopA_algo2_TNT,gemm,8.352,10
22.25,nvjet_sm90_qqtst_144x128_128x6_1x2_h_bz_coopA_algo2_TNN,gemm,15.735,9
22.25,nvjet_sm90_qqtst_192x96_128x5_2x1_v_bz_coopB_algo2_TNT,gemm,0.267,1
22.25,nvjet_sm90_tst_256x160_64x4_1x2_h_bz_coopA_TNT,gemm,7.0695,1
22.25,sm80_xmma_gemm_f32f32_f32f32_f32_nn_n_tilesize64x128x8_stage3_warpsize1x4x1_ffma_aligna4_alignc4_execute_kernel__5x_cublas,gemm,0.6783,1
22.25,sm80_xmma_gemm_f32f32_f32f32_f32_tn_n_tilesize128x128x8_stage3_warpsize2x2x1_ffma_aligna4_alignc4_execute_kernel__5x_cublas,gemm,0.798,1
22.25,softmax_last,attention,0.5571,1
22.25,vsa_combine,attention,4.8177,1
22.25,vsa_mma_attn_tma2,attention,193.1303,2
22.25,vsa_tile_mean,attention,2.4245,3
22.25,vsa_tile_qkv,attention,15.2313,4
22.25,vsa_topk2,attention,1.1433,1
22.25,w8a8_quantize,cast_quant,15.0802,22
22.5,amax_abs_mixed,cast_quant,2.0491,22
22.5,bcast_binary,norm_elementwise,0.5815,1
22.5,block_copy,layout_copy,0.0453,3
22.5,cast_bf16_f32_bias_act,cast_quant,0.009,1
22.5,cast_f32_bf16,cast_quant,6.3386,6
22.5,fa_dc90_fwd_d128,attention,2.1319,1
22.5,fill_f,layout_copy,2.3189,2
22.5,fvf_h3_gate_res_norm_mod,norm_elementwise,2.3688,1
22.5,fvf_split_heads_rows,layout_copy,2.5553,2
22.5,h3_qk_norm_rope,norm_elementwise,14.4203,2
22.5,h3_res_gate_norm_mod,norm_elementwise,2.4102,1
22.5,index_select_rows,layout_copy,0.0153,1
22.5,memcpy HtoD,copies_memset,0.0042,1
22.5,memset,copies_memset,0.0602,69
22.5,mx_binary,norm_elementwise,0.0407,2
22.5,mx_block_copy,layout_copy,4.1286,20
22.5,mx_merge_heads,layout_copy,3.4926,1
22.5,mx_swiglu,norm_elementwise,6.2465,10
22.5,nvjet_sm90_qqtst_128x160_128x5_1x2_h_bz_coopA_algo2_TNT,gemm,15.9954,4
22.5,nvjet_sm90_qqtst_128x160_128x5_2x1_v_bz_coopA_algo2_TNT,gemm,8.3027,10
22.5,nvjet_sm90_qqtst_144x128_128x6_1x2_h_bz_coopA_algo2_TNN,gemm,15.799,9
22.5,nvjet_sm90_qqtst_192x96_128x5_2x1_v_bz_coopB_algo2_TNT,gemm,0.2648,1
22.5,nvjet_sm90_tst_256x160_64x4_1x2_h_bz_coopA_TNT,gemm,7.0783,1
22.5,sm80_xmma_gemm_f32f32_f32f32_f32_nn_n_tilesize64x128x8_stage3_warpsize1x4x1_ffma_aligna4_alignc4_execute_kernel__5x_cublas,gemm,0.8241,1
22.5,sm80_xmma_gemm_f32f32_f32f32_f32_tn_n_tilesize128x128x8_stage3_warpsize2x2x1_ffma_aligna4_alignc4_execute_kernel__5x_cublas,gemm,0.9548,1
22.5,softmax_last,attention,0.6038,1
22.5,vsa_combine,attention,4.7655,1
22.5,vsa_mma_attn_tma2,attention,99.4563,1
22.5,vsa_tile_mean,attention,2.698,3
22.5,vsa_tile_qkv,attention,11.698,3
22.5,vsa_topk2,attention,1.2999,1
22.5,w8a8_quantize,cast_quant,14.5891,22
22.75,amax_abs_mixed,cast_quant,2.0502,22
22.75,bcast_binary,norm_elementwise,0.5235,1
22.75,block_copy,layout_copy,0.0458,3
22.75,cast_bf16_f32_bias_act,cast_quant,0.009,1
22.75,cast_f32_bf16,cast_quant,6.3708,6
22.75,fa_dc90_fwd_d128,attention,2.1257,1
22.75,fill_f,layout_copy,2.3799,2
22.75,fvf_h3_gate_res_norm_mod,norm_elementwise,2.3887,1
22.75,fvf_split_heads_rows,layout_copy,2.5004,2
22.75,h3_qk_norm_rope,norm_elementwise,12.8895,2
22.75,h3_res_gate_norm_mod,norm_elementwise,2.4254,1
22.75,index_select_rows,layout_copy,0.0154,1
22.75,memcpy HtoD,copies_memset,0.0042,1
22.75,memset,copies_memset,0.0611,69
22.75,mx_binary,norm_elementwise,0.0411,2
22.75,mx_block_copy,layout_copy,4.05,20
22.75,mx_merge_heads,layout_copy,3.5361,1
22.75,mx_swiglu,norm_elementwise,6.1996,10
22.75,nvjet_sm90_qqtst_128x160_128x5_1x2_h_bz_coopA_algo2_TNT,gemm,16.1902,4
22.75,nvjet_sm90_qqtst_128x160_128x5_2x1_v_bz_coopA_algo2_TNT,gemm,8.3026,10
22.75,nvjet_sm90_qqtst_144x128_128x6_1x2_h_bz_coopA_algo2_TNN,gemm,15.7553,9
22.75,nvjet_sm90_qqtst_192x96_128x5_2x1_v_bz_coopB_algo2_TNT,gemm,0.2542,1
22.75,nvjet_sm90_tst_256x160_64x4_1x2_h_bz_coopA_TNT,gemm,7.0735,1
22.75,sm80_xmma_gemm_f32f32_f32f32_f32_nn_n_tilesize64x128x8_stage3_warpsize1x4x1_ffma_aligna4_alignc4_execute_kernel__5x_cublas,gemm,0.714,1
22.75,sm80_xmma_gemm_f32f32_f32f32_f32_tn_n_tilesize128x128x8_stage3_warpsize2x2x1_ffma_aligna4_alignc4_execute_kernel__5x_cublas,gemm,0.8362,1
22.75,softmax_last,attention,0.5647,1
22.75,vsa_combine,attention,4.7494,1
22.75,vsa_mma_attn_tma2,attention,96.3237,1
22.75,vsa_tile_mean,attention,2.4689,3
22.75,vsa_tile_qkv,attention,11.851,3
22.75,vsa_topk2,attention,1.2027,1
22.75,w8a8_quantize,cast_quant,14.6159,22
23.0,amax_abs_mixed,cast_quant,2.0608,22
23.0,bcast_binary,norm_elementwise,0.4935,1
23.0,block_copy,layout_copy,0.0538,7
23.0,cast_bf16_f32_bias_act,cast_quant,3.681,7
23.0,cast_f32_bf16,cast_quant,8.1372,14
23.0,fa_dc90_fwd_d128,attention,2.1376,1
23.0,fill_f,layout_copy,2.1456,2
23.0,fvf_split_heads_rows,layout_copy,2.4808,2
23.0,h3_gate_residual,norm_elementwise,2.9146,1
23.0,h3_norm_mod,norm_elementwise,1.6983,1
23.0,h3_qk_norm_rope,norm_elementwise,11.9395,2
23.0,h3_res_gate_norm_mod,norm_elementwise,2.4806,1
23.0,index_select_rows,layout_copy,0.0155,1
23.0,lincomb3,norm_elementwise,0.0796,4
23.0,memcpy HtoD,copies_memset,3.2636,2
23.0,memset,copies_memset,0.0678,71
23.0,mx_binary,norm_elementwise,5.0791,6
23.0,mx_block_copy,layout_copy,8.5039,25
23.0,mx_merge_heads,layout_copy,3.6341,1
23.0,mx_rms_norm,norm_elementwise,1.2624,2
23.0,mx_swiglu,norm_elementwise,6.4547,10
23.0,nvjet_sm90_qqtst_128x160_128x5_1x2_h_bz_coopA_algo2_TNT,gemm,15.7919,4
23.0,nvjet_sm90_qqtst_128x160_128x5_2x1_v_bz_coopA_algo2_TNT,gemm,8.3609,10
23.0,nvjet_sm90_qqtst_144x128_128x6_1x2_h_bz_coopA_algo2_TNN,gemm,15.7961,9
23.0,nvjet_sm90_qqtst_192x96_128x5_2x1_v_bz_coopB_algo2_TNT,gemm,0.2669,1
23.0,nvjet_sm90_tst_128x144_64x6_2x1_v_bz_TNT,gemm,0.0047,1
23.0,nvjet_sm90_tst_192x192_64x4_2x1_v_bz_coopB_TNN,gemm,0.2983,1
23.0,nvjet_sm90_tst_256x160_64x4_1x2_h_bz_coopA_TNT,gemm,6.7824,1
23.0,nvjet_sm90_tst_32x64_64x16_1x4_h_bz_splitK_TNN,gemm,0.0051,1
23.0,nvjet_sm90_tst_96x192_64x5_1x2_h_bz_TNN,gemm,0.2949,1
23.0,sm80_xmma_gemm_f32f32_f32f32_f32_nn_n_tilesize64x128x8_stage3_warpsize1x4x1_ffma_aligna4_alignc4_execute_kernel__5x_cublas,gemm,0.6559,1
23.0,sm80_xmma_gemm_f32f32_f32f32_f32_tn_n_tilesize128x128x8_stage3_warpsize2x2x1_ffma_aligna4_alignc4_execute_kernel__5x_cublas,gemm,0.7749,1
23.0,softmax_last,attention,0.5538,1
23.0,"cublasLt::splitKreduce_kernel<(int)32, (int)16, int, float, __nv_bfloat16, float, __nv_bfloat16, (bool)0, float, __nv_bfloat16, __nv_bfloat16, (bool)1, (bool)0,…",gemm,0.0019,1
23.0,vsa_combine,attention,4.821,1
23.0,vsa_mma_attn_tma2,attention,94.9677,1
23.0,vsa_tile_mean,attention,2.4063,3
23.0,vsa_tile_qkv,attention,11.283,3
23.0,vsa_topk2,attention,1.1026,1
23.0,w8a8_quantize,cast_quant,14.9305,22
23.25,amax_abs_mixed,cast_quant,2.0543,22
23.25,bcast_binary,norm_elementwise,0.5396,1
23.25,block_copy,layout_copy,0.0463,3
23.25,cast_bf16_f32_bias_act,cast_quant,0.0092,1
23.25,cast_f32_bf16,cast_quant,6.4464,6
23.25,fa_dc90_fwd_d128,attention,2.1506,1
23.25,fill_f,layout_copy,2.3478,2
23.25,fvf_h3_gate_res_norm_mod,norm_elementwise,2.3548,1
23.25,fvf_split_heads_rows,layout_copy,2.5114,2
23.25,h3_qk_norm_rope,norm_elementwise,13.7875,2
23.25,h3_res_gate_norm_mod,norm_elementwise,2.4785,1
23.25,index_select_rows,layout_copy,0.0154,1
23.25,memcpy HtoD,copies_memset,0.0049,1
23.25,memset,copies_memset,0.0608,69
23.25,mx_binary,norm_elementwise,0.0417,2
23.25,mx_block_copy,layout_copy,4.1442,20
23.25,mx_merge_heads,layout_copy,3.6284,1
23.25,mx_swiglu,norm_elementwise,6.3803,10
23.25,nvjet_sm90_qqtst_128x160_128x5_1x2_h_bz_coopA_algo2_TNT,gemm,15.7793,4
23.25,nvjet_sm90_qqtst_128x160_128x5_2x1_v_bz_coopA_algo2_TNT,gemm,8.3073,10
23.25,nvjet_sm90_qqtst_144x128_128x6_1x2_h_bz_coopA_algo2_TNN,gemm,15.849,9
23.25,nvjet_sm90_qqtst_192x96_128x5_2x1_v_bz_coopB_algo2_TNT,gemm,0.265,1
23.25,nvjet_sm90_tst_256x160_64x4_1x2_h_bz_coopA_TNT,gemm,6.8171,1
23.25,sm80_xmma_gemm_f32f32_f32f32_f32_nn_n_tilesize64x128x8_stage3_warpsize1x4x1_ffma_aligna4_alignc4_execute_kernel__5x_cublas,gemm,0.7469,1
23.25,sm80_xmma_gemm_f32f32_f32f32_f32_tn_n_tilesize128x128x8_stage3_warpsize2x2x1_ffma_aligna4_alignc4_execute_kernel__5x_cublas,gemm,0.8694,1
23.25,softmax_last,attention,0.5726,1
23.25,vsa_combine,attention,4.8197,1
23.25,vsa_mma_attn_tma2,attention,96.0923,1
23.25,vsa_tile_mean,attention,2.5231,3
23.25,vsa_tile_qkv,attention,11.9356,3
23.25,vsa_topk2,attention,1.2543,1
23.25,w8a8_quantize,cast_quant,14.8769,22
23.5,amax_abs_mixed,cast_quant,2.057,22
23.5,bcast_binary,norm_elementwise,0.4971,1
23.5,block_copy,layout_copy,0.0465,3
23.5,cast_bf16_f32_bias_act,cast_quant,0.0093,1
23.5,cast_f32_bf16,cast_quant,6.4469,6
23.5,fa_dc90_fwd_d128,attention,2.1517,1
23.5,fill_f,layout_copy,2.1511,2
23.5,fvf_h3_gate_res_norm_mod,norm_elementwise,2.374,1
23.5,fvf_split_heads_rows,layout_copy,2.4824,2
23.5,h3_qk_norm_rope,norm_elementwise,12.6683,2
23.5,h3_res_gate_norm_mod,norm_elementwise,2.4811,1
23.5,index_select_rows,layout_copy,0.0154,1
23.5,memcpy HtoD,copies_memset,0.0049,1
23.5,memset,copies_memset,0.0607,69
23.5,mx_binary,norm_elementwise,0.0415,2
23.5,mx_block_copy,layout_copy,4.1741,20
23.5,mx_merge_heads,layout_copy,3.6337,1
23.5,mx_swiglu,norm_elementwise,6.4399,10
23.5,nvjet_sm90_qqtst_128x160_128x5_1x2_h_bz_coopA_algo2_TNT,gemm,15.8486,4
23.5,nvjet_sm90_qqtst_128x160_128x5_2x1_v_bz_coopA_algo2_TNT,gemm,8.3455,10
23.5,nvjet_sm90_qqtst_144x128_128x6_1x2_h_bz_coopA_algo2_TNN,gemm,15.6809,9
23.5,nvjet_sm90_qqtst_192x96_128x5_2x1_v_bz_coopB_algo2_TNT,gemm,0.2671,1
23.5,nvjet_sm90_tst_256x160_64x4_1x2_h_bz_coopA_TNT,gemm,6.794,1
23.5,sm80_xmma_gemm_f32f32_f32f32_f32_nn_n_tilesize64x128x8_stage3_warpsize1x4x1_ffma_aligna4_alignc4_execute_kernel__5x_cublas,gemm,0.6572,1
23.5,sm80_xmma_gemm_f32f32_f32f32_f32_tn_n_tilesize128x128x8_stage3_warpsize2x2x1_ffma_aligna4_alignc4_execute_kernel__5x_cublas,gemm,0.7731,1
23.5,softmax_last,attention,0.5545,1
23.5,vsa_combine,attention,4.8221,1
23.5,vsa_mma_attn_tma2,attention,95.0923,1
23.5,vsa_tile_mean,attention,2.4072,3
23.5,vsa_tile_qkv,attention,11.3589,3
23.5,vsa_topk2,attention,1.1047,1
23.5,w8a8_quantize,cast_quant,14.9908,22
23.75,amax_abs_mixed,cast_quant,2.0468,22
23.75,bcast_binary,norm_elementwise,0.5582,1
23.75,block_copy,layout_copy,0.0452,3
23.75,cast_bf16_f32_bias_act,cast_quant,0.009,1
23.75,cast_f32_bf16,cast_quant,6.3472,6
23.75,fa_dc90_fwd_d128,attention,2.144,1
23.75,fill_f,layout_copy,2.434,2
23.75,fvf_h3_gate_res_norm_mod,norm_elementwise,2.3361,1
23.75,fvf_split_heads_rows,layout_copy,2.5292,2
23.75,h3_qk_norm_rope,norm_elementwise,12.8412,2
23.75,h3_res_gate_norm_mod,norm_elementwise,2.412,1
23.75,index_select_rows,layout_copy,0.0152,1
23.75,memcpy HtoD,copies_memset,0.0051,1
23.75,memset,copies_memset,0.0597,69
23.75,mx_binary,norm_elementwise,0.0404,2
23.75,mx_block_copy,layout_copy,4.0634,20
23.75,mx_merge_heads,layout_copy,3.4918,1
23.75,mx_swiglu,norm_elementwise,6.2728,10
23.75,nvjet_sm90_qqtst_128x160_128x5_1x2_h_bz_coopA_algo2_TNT,gemm,15.8957,4
23.75,nvjet_sm90_qqtst_128x160_128x5_2x1_v_bz_coopA_algo2_TNT,gemm,8.3252,10
23.75,nvjet_sm90_qqtst_144x128_128x6_1x2_h_bz_coopA_algo2_TNN,gemm,15.67,9
23.75,nvjet_sm90_qqtst_192x96_128x5_2x1_v_bz_coopB_algo2_TNT,gemm,0.2591,1
23.75,nvjet_sm90_tst_256x160_64x4_1x2_h_bz_coopA_TNT,gemm,6.809,1
23.75,sm80_xmma_gemm_f32f32_f32f32_f32_nn_n_tilesize64x128x8_stage3_warpsize1x4x1_ffma_aligna4_alignc4_execute_kernel__5x_cublas,gemm,0.7827,1
23.75,sm80_xmma_gemm_f32f32_f32f32_f32_tn_n_tilesize128x128x8_stage3_warpsize2x2x1_ffma_aligna4_alignc4_execute_kernel__5x_cublas,gemm,0.9087,1
23.75,softmax_last,attention,0.5849,1
23.75,vsa_combine,attention,4.8209,1
23.75,vsa_mma_attn_tma2,attention,96.8909,1
23.75,vsa_tile_mean,attention,2.5969,3
23.75,vsa_tile_qkv,attention,11.8752,3
23.75,vsa_topk2,attention,1.317,1
23.75,w8a8_quantize,cast_quant,14.5941,22
24.0,amax_abs_mixed,cast_quant,2.0515,22
24.0,bcast_binary,norm_elementwise,0.4959,1
24.0,block_copy,layout_copy,0.0925,6
24.0,cast_bf16_f32_bias_act,cast_quant,0.0182,2
24.0,cast_f32_bf16,cast_quant,12.8148,12
24.0,fa_dc90_fwd_d128,attention,4.2572,2
24.0,fill_f,layout_copy,2.1902,2
24.0,fvf_h3_gate_res_norm_mod,norm_elementwise,2.3504,1
24.0,fvf_split_heads_rows,layout_copy,2.498,2
24.0,h3_qk_norm_rope,norm_elementwise,13.5914,2
24.0,h3_res_gate_norm_mod,norm_elementwise,2.4225,1
24.0,index_select_rows,layout_copy,0.0309,2
24.0,memcpy HtoD,copies_memset,0.0097,2
24.0,memset,copies_memset,0.0614,69
24.0,mx_binary,norm_elementwise,0.0827,4
24.0,mx_block_copy,layout_copy,4.1256,20
24.0,mx_merge_heads,layout_copy,7.1494,2
24.0,mx_swiglu,norm_elementwise,6.2979,10
24.0,nvjet_sm90_qqtst_128x160_128x5_1x2_h_bz_coopA_algo2_TNT,gemm,15.8546,4
24.0,nvjet_sm90_qqtst_128x160_128x5_2x1_v_bz_coopA_algo2_TNT,gemm,8.3252,10
24.0,nvjet_sm90_qqtst_144x128_128x6_1x2_h_bz_coopA_algo2_TNN,gemm,15.5749,9
24.0,nvjet_sm90_qqtst_192x96_128x5_2x1_v_bz_coopB_algo2_TNT,gemm,0.2646,1
24.0,nvjet_sm90_tst_256x160_64x4_1x2_h_bz_coopA_TNT,gemm,7.2525,1
24.0,sm80_xmma_gemm_f32f32_f32f32_f32_nn_n_tilesize64x128x8_stage3_warpsize1x4x1_ffma_aligna4_alignc4_execute_kernel__5x_cublas,gemm,0.656,1
24.0,sm80_xmma_gemm_f32f32_f32f32_f32_tn_n_tilesize128x128x8_stage3_warpsize2x2x1_ffma_aligna4_alignc4_execute_kernel__5x_cublas,gemm,0.7754,1
24.0,softmax_last,attention,0.5525,1
24.0,vsa_combine,attention,9.5688,2
24.0,vsa_mma_attn_tma2,attention,95.4776,1
24.0,vsa_tile_mean,attention,2.4256,3
24.0,vsa_tile_qkv,attention,11.3588,3
24.0,vsa_topk2,attention,1.104,1
24.0,w8a8_quantize,cast_quant,14.7201,22
24.25,amax_abs_mixed,cast_quant,2.7504,27
24.25,bcast_binary,norm_elementwise,0.5152,1
24.25,block_copy,layout_copy,0.0463,3
24.25,cast_bf16_f32_bias_act,cast_quant,0.0093,1
24.25,cast_f32_bf16,cast_quant,6.4492,6
24.25,fa_dc90_fwd_d128,attention,2.1717,1
24.25,fill_f,layout_copy,2.2494,2
24.25,fvf_h3_gate_res_norm_mod,norm_elementwise,2.3846,1
24.25,fvf_split_heads_rows,layout_copy,2.4743,2
24.25,h3_qk_norm_rope,norm_elementwise,12.2005,2
24.25,h3_res_gate_norm_mod,norm_elementwise,4.901,2
24.25,index_select_rows,layout_copy,0.0155,1
24.25,memcpy HtoD,copies_memset,0.005,1
24.25,memset,copies_memset,0.0772,84
24.25,mx_binary,norm_elementwise,0.0419,2
24.25,mx_block_copy,layout_copy,4.6115,22
24.25,mx_merge_heads,layout_copy,3.6341,1
24.25,mx_swiglu,norm_elementwise,7.7748,12
24.25,nvjet_sm90_qqtst_128x160_128x5_1x2_h_bz_coopA_algo2_TNT,gemm,19.8015,5
24.25,nvjet_sm90_qqtst_128x160_128x5_2x1_v_bz_coopA_algo2_TNT,gemm,10.0463,12
24.25,nvjet_sm90_qqtst_144x128_128x6_1x2_h_bz_coopA_algo2_TNN,gemm,19.0906,11
24.25,nvjet_sm90_qqtst_192x96_128x5_2x1_v_bz_coopB_algo2_TNT,gemm,0.2672,1
24.25,nvjet_sm90_tst_256x160_64x4_1x2_h_bz_coopA_TNT,gemm,6.8242,1
24.25,sm80_xmma_gemm_f32f32_f32f32_f32_nn_n_tilesize64x128x8_stage3_warpsize1x4x1_ffma_aligna4_alignc4_execute_kernel__5x_cublas,gemm,0.7014,1
24.25,sm80_xmma_gemm_f32f32_f32f32_f32_tn_n_tilesize128x128x8_stage3_warpsize2x2x1_ffma_aligna4_alignc4_execute_kernel__5x_cublas,gemm,0.7515,1
24.25,softmax_last,attention,0.5602,1
24.25,vsa_combine,attention,4.8203,1
24.25,vsa_mma_attn_tma2,attention,96.1352,1
24.25,vsa_tile_mean,attention,2.3971,3
24.25,vsa_tile_qkv,attention,11.5632,3
24.25,vsa_topk2,attention,1.1783,1
24.25,w8a8_quantize,cast_quant,20.1431,27
24.5,amax_abs_mixed,cast_quant,2.6581,31
24.5,bcast_binary,norm_elementwise,0.523,1
24.5,block_copy,layout_copy,0.0465,3
24.5,cast_bf16_f32_bias_act,cast_quant,0.009,1
24.5,cast_f32_bf16,cast_quant,6.4138,6
24.5,fa_dc90_fwd_d128,attention,2.1481,1
24.5,fill_f,layout_copy,2.2216,2
24.5,fvf_h3_gate_res_norm_mod,norm_elementwise,2.3439,1
24.5,fvf_split_heads_rows,layout_copy,2.5043,2
24.5,h3_qk_norm_rope,norm_elementwise,13.5081,2
24.5,h3_res_gate_norm_mod,norm_elementwise,2.4204,1
24.5,index_select_rows,layout_copy,0.0153,1
24.5,memcpy HtoD,copies_memset,0.0049,1
24.5,memset,copies_memset,0.0803,95
24.5,mx_binary,norm_elementwise,0.0407,2
24.5,mx_block_copy,layout_copy,5.1806,25
24.5,mx_merge_heads,layout_copy,3.5156,1
24.5,mx_swiglu,norm_elementwise,8.914,14
24.5,nvjet_sm90_qqtst_128x160_128x5_1x2_h_bz_coopA_algo2_TNT,gemm,15.8908,4
24.5,nvjet_sm90_qqtst_128x160_128x5_2x1_v_bz_coopA_algo2_TNT,gemm,11.7908,14
24.5,nvjet_sm90_qqtst_144x128_128x6_1x2_h_bz_coopA_algo2_TNN,gemm,22.5757,13
24.5,nvjet_sm90_qqtst_192x96_128x5_2x1_v_bz_coopB_algo2_TNT,gemm,0.2622,1
24.5,nvjet_sm90_tst_256x160_64x4_1x2_h_bz_coopA_TNT,gemm,6.8204,1
24.5,sm80_xmma_gemm_f32f32_f32f32_f32_nn_n_tilesize64x128x8_stage3_warpsize1x4x1_ffma_aligna4_alignc4_execute_kernel__5x_cublas,gemm,0.714,1
24.5,sm80_xmma_gemm_f32f32_f32f32_f32_tn_n_tilesize128x128x8_stage3_warpsize2x2x1_ffma_aligna4_alignc4_execute_kernel__5x_cublas,gemm,0.8326,1
24.5,softmax_last,attention,0.5671,1
24.5,vsa_combine,attention,4.8213,1
24.5,vsa_mma_attn_tma2,attention,98.5801,1
24.5,vsa_tile_mean,attention,2.4711,3
24.5,vsa_tile_qkv,attention,11.566,3
24.5,vsa_topk2,attention,1.1584,1
24.5,w8a8_quantize,cast_quant,18.617,31
24.75,amax_abs_mixed,cast_quant,2.8023,30
24.75,bcast_binary,norm_elementwise,0.5032,1
24.75,block_copy,layout_copy,0.046,3
24.75,cast_bf16_f32_bias_act,cast_quant,0.009,1
24.75,cast_f32_bf16,cast_quant,6.3706,6
24.75,fa_dc90_fwd_d128,attention,2.1274,1
24.75,fill_f,layout_copy,2.1782,2
24.75,fvf_h3_gate_res_norm_mod,norm_elementwise,4.7738,2
24.75,fvf_split_heads_rows,layout_copy,2.488,2
24.75,h3_qk_norm_rope,norm_elementwise,12.9099,2
24.75,h3_res_gate_norm_mod,norm_elementwise,2.4346,1
24.75,index_select_rows,layout_copy,0.0151,1
24.75,memcpy HtoD,copies_memset,0.0046,1
24.75,memset,copies_memset,0.08,94
24.75,mx_binary,norm_elementwise,0.0408,2
24.75,mx_block_copy,layout_copy,6.8049,33
24.75,mx_merge_heads,layout_copy,3.5358,1
24.75,mx_swiglu,norm_elementwise,8.632,14
24.75,nvjet_sm90_qqtst_128x160_128x5_1x2_h_bz_coopA_algo2_TNT,gemm,19.8626,5
24.75,nvjet_sm90_qqtst_128x160_128x5_2x1_v_bz_coopA_algo2_TNT,gemm,11.3944,14
24.75,nvjet_sm90_qqtst_144x128_128x6_1x2_h_bz_coopA_algo2_TNN,gemm,20.812,12
24.75,nvjet_sm90_qqtst_192x96_128x5_2x1_v_bz_coopB_algo2_TNT,gemm,0.5343,2
24.75,nvjet_sm90_tst_256x160_64x4_1x2_h_bz_coopA_TNT,gemm,6.9635,1
24.75,sm80_xmma_gemm_f32f32_f32f32_f32_nn_n_tilesize64x128x8_stage3_warpsize1x4x1_ffma_aligna4_alignc4_execute_kernel__5x_cublas,gemm,0.6715,1
24.75,sm80_xmma_gemm_f32f32_f32f32_f32_tn_n_tilesize128x128x8_stage3_warpsize2x2x1_ffma_aligna4_alignc4_execute_kernel__5x_cublas,gemm,0.7894,1
24.75,softmax_last,attention,0.5555,1
24.75,vsa_combine,attention,4.7465,1
24.75,vsa_mma_attn_tma2,attention,94.7672,1
24.75,vsa_tile_mean,attention,2.4207,3
24.75,vsa_tile_qkv,attention,11.3974,3
24.75,vsa_topk2,attention,1.1305,1
24.75,w8a8_quantize,cast_quant,20.3775,30
25.0,amax_abs_mixed,cast_quant,2.0547,22
25.0,bcast_binary,norm_elementwise,0.4911,1
25.0,block_copy,layout_copy,0.0464,3
25.0,cast_bf16_f32_bias_act,cast_quant,0.0092,1
25.0,cast_f32_bf16,cast_quant,6.4434,6
25.0,fa_dc90_fwd_d128,attention,2.1395,1
25.0,fill_f,layout_copy,2.1636,2
25.0,fvf_h3_gate_res_norm_mod,norm_elementwise,2.3828,1
25.0,fvf_split_heads_rows,layout_copy,2.477,2
25.0,h3_qk_norm_rope,norm_elementwise,18.7463,3
25.0,h3_res_gate_norm_mod,norm_elementwise,2.469,1
25.0,index_select_rows,layout_copy,0.0155,1
25.0,memcpy HtoD,copies_memset,0.0051,1
25.0,memset,copies_memset,0.0634,72
25.0,mx_binary,norm_elementwise,0.0422,2
25.0,mx_block_copy,layout_copy,4.1575,20
25.0,mx_merge_heads,layout_copy,3.6278,1
25.0,mx_swiglu,norm_elementwise,6.4185,10
25.0,nvjet_sm90_qqtst_128x160_128x5_1x2_h_bz_coopA_algo2_TNT,gemm,23.8869,6
25.0,nvjet_sm90_qqtst_128x160_128x5_2x1_v_bz_coopA_algo2_TNT,gemm,8.3403,10
25.0,nvjet_sm90_qqtst_144x128_128x6_1x2_h_bz_coopA_algo2_TNN,gemm,15.6265,9
25.0,nvjet_sm90_qqtst_192x96_128x5_2x1_v_bz_coopB_algo2_TNT,gemm,0.2636,1
25.0,nvjet_sm90_tst_256x160_64x4_1x2_h_bz_coopA_TNT,gemm,13.7192,2
25.0,sm80_xmma_gemm_f32f32_f32f32_f32_nn_n_tilesize64x128x8_stage3_warpsize1x4x1_ffma_aligna4_alignc4_execute_kernel__5x_cublas,gemm,0.6456,1
25.0,sm80_xmma_gemm_f32f32_f32f32_f32_tn_n_tilesize128x128x8_stage3_warpsize2x2x1_ffma_aligna4_alignc4_execute_kernel__5x_cublas,gemm,0.7613,1
25.0,softmax_last,attention,0.5507,1
25.0,vsa_combine,attention,4.8176,1
25.0,vsa_mma_attn_tma2,attention,96.0563,1
25.0,vsa_tile_mean,attention,2.3962,3
25.0,vsa_tile_qkv,attention,11.3104,3
25.0,vsa_topk2,attention,1.0851,1
25.0,w8a8_quantize,cast_quant,15.0577,22
25.25,amax_abs_mixed,cast_quant,2.0441,22
25.25,bcast_binary,norm_elementwise,1.0148,2
25.25,block_copy,layout_copy,0.0459,3
25.25,cast_bf16_f32_bias_act,cast_quant,0.009,1
25.25,cast_f32_bf16,cast_quant,6.4073,6
25.25,fa_dc90_fwd_d128,attention,2.1446,1
25.25,fill_f,layout_copy,3.286,3
25.25,fvf_h3_gate_res_norm_mod,norm_elementwise,2.2942,1
25.25,fvf_split_heads_rows,layout_copy,4.9909,4
25.25,h3_qk_norm_rope,norm_elementwise,18.9113,3
25.25,h3_res_gate_norm_mod,norm_elementwise,2.4254,1
25.25,index_select_rows,layout_copy,0.0148,1
25.25,memcpy HtoD,copies_memset,0.0049,1
25.25,memset,copies_memset,0.0616,69
25.25,mx_binary,norm_elementwise,0.0409,2
25.25,mx_block_copy,layout_copy,4.078,20
25.25,mx_merge_heads,layout_copy,3.5134,1
25.25,mx_swiglu,norm_elementwise,6.306,10
25.25,nvjet_sm90_qqtst_128x160_128x5_1x2_h_bz_coopA_algo2_TNT,gemm,15.8755,4
25.25,nvjet_sm90_qqtst_128x160_128x5_2x1_v_bz_coopA_algo2_TNT,gemm,8.2892,10
25.25,nvjet_sm90_qqtst_144x128_128x6_1x2_h_bz_coopA_algo2_TNN,gemm,15.6454,9
25.25,nvjet_sm90_qqtst_192x96_128x5_2x1_v_bz_coopB_algo2_TNT,gemm,0.2603,1
25.25,nvjet_sm90_tst_256x160_64x4_1x2_h_bz_coopA_TNT,gemm,6.86,1
25.25,sm80_xmma_gemm_f32f32_f32f32_f32_nn_n_tilesize64x128x8_stage3_warpsize1x4x1_ffma_aligna4_alignc4_execute_kernel__5x_cublas,gemm,1.3596,2
25.25,sm80_xmma_gemm_f32f32_f32f32_f32_tn_n_tilesize128x128x8_stage3_warpsize2x2x1_ffma_aligna4_alignc4_execute_kernel__5x_cublas,gemm,1.5943,2
25.25,softmax_last,attention,1.1139,2
25.25,vsa_combine,attention,4.8178,1
25.25,vsa_mma_attn_tma2,attention,95.0206,1
25.25,vsa_tile_mean,attention,4.878,6
25.25,vsa_tile_qkv,attention,19.2033,5
25.25,vsa_topk2,attention,2.2849,2
25.25,w8a8_quantize,cast_quant,14.6483,22
25.5,amax_abs_mixed,cast_quant,2.0502,22
25.5,bcast_binary,norm_elementwise,0.5071,1
25.5,block_copy,layout_copy,0.0461,3
25.5,cast_bf16_f32_bias_act,cast_quant,0.009,1
25.5,cast_f32_bf16,cast_quant,6.3536,6
25.5,fa_dc90_fwd_d128,attention,2.1249,1
25.5,fill_f,layout_copy,3.3666,3
25.5,fvf_h3_gate_res_norm_mod,norm_elementwise,2.3557,1
25.5,fvf_split_heads_rows,layout_copy,2.5078,2
25.5,h3_qk_norm_rope,norm_elementwise,13.9867,2
25.5,h3_res_gate_norm_mod,norm_elementwise,2.4039,1
25.5,index_select_rows,layout_copy,0.0153,1
25.5,memcpy HtoD,copies_memset,0.0048,1
25.5,memset,copies_memset,0.062,69
25.5,mx_binary,norm_elementwise,0.0408,2
25.5,mx_block_copy,layout_copy,4.1247,20
25.5,mx_merge_heads,layout_copy,3.514,1
25.5,mx_swiglu,norm_elementwise,6.2635,10
25.5,nvjet_sm90_qqtst_128x160_128x5_1x2_h_bz_coopA_algo2_TNT,gemm,15.844,4
25.5,nvjet_sm90_qqtst_128x160_128x5_2x1_v_bz_coopA_algo2_TNT,gemm,8.3098,10
25.5,nvjet_sm90_qqtst_144x128_128x6_1x2_h_bz_coopA_algo2_TNN,gemm,15.6267,9
25.5,nvjet_sm90_qqtst_192x96_128x5_2x1_v_bz_coopB_algo2_TNT,gemm,0.2645,1
25.5,nvjet_sm90_tst_256x160_64x4_1x2_h_bz_coopA_TNT,gemm,6.9485,1
25.5,sm80_xmma_gemm_f32f32_f32f32_f32_nn_n_tilesize64x128x8_stage3_warpsize1x4x1_ffma_aligna4_alignc4_execute_kernel__5x_cublas,gemm,0.7327,1
25.5,sm80_xmma_gemm_f32f32_f32f32_f32_tn_n_tilesize128x128x8_stage3_warpsize2x2x1_ffma_aligna4_alignc4_execute_kernel__5x_cublas,gemm,0.853,1
25.5,softmax_last,attention,0.5724,1
25.5,vsa_combine,attention,4.7323,1
25.5,vsa_mma_attn_tma2,attention,193.5905,2
25.5,vsa_tile_mean,attention,2.499,3
25.5,vsa_tile_qkv,attention,15.1873,4
25.5,vsa_topk2,attention,1.1129,1
25.5,w8a8_quantize,cast_quant,14.6709,22
25.75,amax_abs_mixed,cast_quant,2.0585,22
25.75,bcast_binary,norm_elementwise,0.4962,1
25.75,block_copy,layout_copy,0.0463,3
25.75,cast_bf16_f32_bias_act,cast_quant,0.0092,1
25.75,cast_f32_bf16,cast_quant,6.4414,6
25.75,fa_dc90_fwd_d128,attention,2.1575,1
25.75,fill_f,layout_copy,2.2073,2
25.75,fvf_h3_gate_res_norm_mod,norm_elementwise,2.4009,1
25.75,fvf_split_heads_rows,layout_copy,2.4844,2
25.75,h3_qk_norm_rope,norm_elementwise,12.7077,2
25.75,h3_res_gate_norm_mod,norm_elementwise,2.4798,1
25.75,index_select_rows,layout_copy,0.0156,1
25.75,memcpy HtoD,copies_memset,0.0049,1
25.75,memset,copies_memset,0.0588,69
25.75,mx_binary,norm_elementwise,0.0419,2
25.75,mx_block_copy,layout_copy,4.2012,20
25.75,mx_merge_heads,layout_copy,3.6277,1
25.75,mx_swiglu,norm_elementwise,6.4232,10
25.75,nvjet_sm90_qqtst_128x160_128x5_1x2_h_bz_coopA_algo2_TNT,gemm,15.7982,4
25.75,nvjet_sm90_qqtst_128x160_128x5_2x1_v_bz_coopA_algo2_TNT,gemm,8.3326,10
25.75,nvjet_sm90_qqtst_144x128_128x6_1x2_h_bz_coopA_algo2_TNN,gemm,15.649,9
25.75,nvjet_sm90_qqtst_192x96_128x5_2x1_v_bz_coopB_algo2_TNT,gemm,0.2705,1
25.75,nvjet_sm90_tst_256x160_64x4_1x2_h_bz_coopA_TNT,gemm,6.867,1
25.75,sm80_xmma_gemm_f32f32_f32f32_f32_nn_n_tilesize64x128x8_stage3_warpsize1x4x1_ffma_aligna4_alignc4_execute_kernel__5x_cublas,gemm,0.6612,1
25.75,sm80_xmma_gemm_f32f32_f32f32_f32_tn_n_tilesize128x128x8_stage3_warpsize2x2x1_ffma_aligna4_alignc4_execute_kernel__5x_cublas,gemm,0.7749,1
25.75,softmax_last,attention,0.553,1
25.75,vsa_combine,attention,4.8178,1
25.75,vsa_mma_attn_tma2,attention,95.3399,1
25.75,vsa_tile_mean,attention,2.41,3
25.75,vsa_tile_qkv,attention,11.4035,3
25.75,vsa_topk2,attention,1.1121,1
25.75,w8a8_quantize,cast_quant,15.0506,22
26.0,amax_abs_mixed,cast_quant,2.0492,22
26.0,bcast_binary,norm_elementwise,0.5349,1
26.0,block_copy,layout_copy,0.0465,3
26.0,cast_bf16_f32_bias_act,cast_quant,0.0092,1
26.0,cast_f32_bf16,cast_quant,6.4468,6
26.0,fa_dc90_fwd_d128,attention,2.156,1
26.0,fill_f,layout_copy,2.3682,2
26.0,fvf_h3_gate_res_norm_mod,norm_elementwise,2.3418,1
26.0,fvf_split_heads_rows,layout_copy,2.5128,2
26.0,h3_qk_norm_rope,norm_elementwise,13.2083,2
26.0,h3_res_gate_norm_mod,norm_elementwise,2.4234,1
26.0,index_select_rows,layout_copy,0.0156,1
26.0,memcpy HtoD,copies_memset,0.0049,1
26.0,memset,copies_memset,0.0596,69
26.0,mx_binary,norm_elementwise,0.0418,2
26.0,mx_block_copy,layout_copy,4.1127,20
26.0,mx_merge_heads,layout_copy,3.6339,1
26.0,mx_swiglu,norm_elementwise,6.3098,10
26.0,nvjet_sm90_qqtst_128x160_128x5_1x2_h_bz_coopA_algo2_TNT,gemm,15.8787,4
26.0,nvjet_sm90_qqtst_128x160_128x5_2x1_v_bz_coopA_algo2_TNT,gemm,8.2927,10
26.0,nvjet_sm90_qqtst_144x128_128x6_1x2_h_bz_coopA_algo2_TNN,gemm,15.5903,9
26.0,nvjet_sm90_qqtst_192x96_128x5_2x1_v_bz_coopB_algo2_TNT,gemm,0.2626,1
26.0,nvjet_sm90_tst_256x160_64x4_1x2_h_bz_coopA_TNT,gemm,6.8587,1
26.0,sm80_xmma_gemm_f32f32_f32f32_f32_nn_n_tilesize64x128x8_stage3_warpsize1x4x1_ffma_aligna4_alignc4_execute_kernel__5x_cublas,gemm,0.7323,1
26.0,sm80_xmma_gemm_f32f32_f32f32_f32_tn_n_tilesize128x128x8_stage3_warpsize2x2x1_ffma_aligna4_alignc4_execute_kernel__5x_cublas,gemm,0.8533,1
26.0,softmax_last,attention,0.5786,1
26.0,vsa_combine,attention,4.8219,1
26.0,vsa_mma_attn_tma2,attention,97.7823,1
26.0,vsa_tile_mean,attention,2.5054,3
26.0,vsa_tile_qkv,attention,11.6551,3
26.0,vsa_topk2,attention,1.2334,1
26.0,w8a8_quantize,cast_quant,14.747,22
26.25,amax_abs_mixed,cast_quant,2.0546,22
26.25,bcast_binary,norm_elementwise,0.4952,1
26.25,block_copy,layout_copy,0.0466,3
26.25,cast_bf16_f32_bias_act,cast_quant,0.0092,1
26.25,cast_f32_bf16,cast_quant,6.4442,6
26.25,fa_dc90_fwd_d128,attention,2.1499,1
26.25,fill_f,layout_copy,2.2075,2
26.25,fvf_h3_gate_res_norm_mod,norm_elementwise,2.3981,1
26.25,fvf_split_heads_rows,layout_copy,2.4835,2
26.25,h3_qk_norm_rope,norm_elementwise,13.1321,2
26.25,h3_res_gate_norm_mod,norm_elementwise,2.4813,1
26.25,index_select_rows,layout_copy,0.0153,1
26.25,memcpy HtoD,copies_memset,0.005,1
26.25,memset,copies_memset,0.0612,69
26.25,mx_binary,norm_elementwise,0.0419,2
26.25,mx_block_copy,layout_copy,4.1909,20
26.25,mx_merge_heads,layout_copy,3.6288,1
26.25,mx_swiglu,norm_elementwise,6.4054,10
26.25,nvjet_sm90_qqtst_128x160_128x5_1x2_h_bz_coopA_algo2_TNT,gemm,15.8229,4
26.25,nvjet_sm90_qqtst_128x160_128x5_2x1_v_bz_coopA_algo2_TNT,gemm,8.3006,10
26.25,nvjet_sm90_qqtst_144x128_128x6_1x2_h_bz_coopA_algo2_TNN,gemm,15.8139,9
26.25,nvjet_sm90_qqtst_192x96_128x5_2x1_v_bz_coopB_algo2_TNT,gemm,0.2658,1
26.25,nvjet_sm90_tst_256x160_64x4_1x2_h_bz_coopA_TNT,gemm,7.0744,1
26.25,sm80_xmma_gemm_f32f32_f32f32_f32_nn_n_tilesize64x128x8_stage3_warpsize1x4x1_ffma_aligna4_alignc4_execute_kernel__5x_cublas,gemm,0.6617,1
26.25,sm80_xmma_gemm_f32f32_f32f32_f32_tn_n_tilesize128x128x8_stage3_warpsize2x2x1_ffma_aligna4_alignc4_execute_kernel__5x_cublas,gemm,0.7788,1
26.25,softmax_last,attention,0.5521,1
26.25,vsa_combine,attention,4.818,1
26.25,vsa_mma_attn_tma2,attention,97.2724,1
26.25,vsa_tile_mean,attention,2.4102,3
26.25,vsa_tile_qkv,attention,11.4051,3
26.25,vsa_topk2,attention,1.113,1
26.25,w8a8_quantize,cast_quant,15.0086,22
26.5,amax_abs_mixed,cast_quant,2.056,22
26.5,bcast_binary,norm_elementwise,0.5478,1
26.5,block_copy,layout_copy,0.0453,3
26.5,cast_bf16_f32_bias_act,cast_quant,0.0092,1
26.5,cast_f32_bf16,cast_quant,6.3709,6
26.5,fa_dc90_fwd_d128,attention,2.1161,1
26.5,fill_f,layout_copy,2.3857,2
26.5,fvf_h3_gate_res_norm_mod,norm_elementwise,2.429,1
26.5,fvf_split_heads_rows,layout_copy,2.5198,2
26.5,h3_qk_norm_rope,norm_elementwise,13.9345,2
26.5,h3_res_gate_norm_mod,norm_elementwise,2.4366,1
26.5,index_select_rows,layout_copy,0.015,1
26.5,memcpy HtoD,copies_memset,0.0048,1
26.5,memset,copies_memset,0.0623,69
26.5,mx_binary,norm_elementwise,0.0408,2
26.5,mx_block_copy,layout_copy,4.1921,20
26.5,mx_merge_heads,layout_copy,3.5362,1
26.5,mx_swiglu,norm_elementwise,6.3508,10
26.5,nvjet_sm90_qqtst_128x160_128x5_1x2_h_bz_coopA_algo2_TNT,gemm,15.8337,4
26.5,nvjet_sm90_qqtst_128x160_128x5_2x1_v_bz_coopA_algo2_TNT,gemm,8.3187,10
26.5,nvjet_sm90_qqtst_144x128_128x6_1x2_h_bz_coopA_algo2_TNN,gemm,15.7086,9
26.5,nvjet_sm90_qqtst_192x96_128x5_2x1_v_bz_coopB_algo2_TNT,gemm,0.2688,1
26.5,nvjet_sm90_tst_256x160_64x4_1x2_h_bz_coopA_TNT,gemm,6.8213,1
26.5,sm80_xmma_gemm_f32f32_f32f32_f32_nn_n_tilesize64x128x8_stage3_warpsize1x4x1_ffma_aligna4_alignc4_execute_kernel__5x_cublas,gemm,0.7664,1
26.5,sm80_xmma_gemm_f32f32_f32f32_f32_tn_n_tilesize128x128x8_stage3_warpsize2x2x1_ffma_aligna4_alignc4_execute_kernel__5x_cublas,gemm,0.8858,1
26.5,softmax_last,attention,0.5784,1
26.5,vsa_combine,attention,4.7467,1
26.5,vsa_mma_attn_tma2,attention,96.2553,1
26.5,vsa_tile_mean,attention,2.5551,3
26.5,vsa_tile_qkv,attention,12.1111,3
26.5,vsa_topk2,attention,1.2837,1
26.5,w8a8_quantize,cast_quant,14.8595,22
26.75,amax_abs_mixed,cast_quant,2.4752,23
26.75,bcast_binary,norm_elementwise,0.4979,1
26.75,block_copy,layout_copy,0.0915,6
26.75,cast_bf16_f32_bias_act,cast_quant,0.0183,2
26.75,cast_f32_bf16,cast_quant,12.8094,12
26.75,fa_dc90_fwd_d128,attention,4.3055,2
26.75,fill_f,layout_copy,2.156,2
26.75,fvf_h3_gate_res_norm_mod,norm_elementwise,2.4315,1
26.75,fvf_split_heads_rows,layout_copy,2.483,2
26.75,h3_qk_norm_rope,norm_elementwise,12.9959,2
26.75,h3_res_gate_norm_mod,norm_elementwise,2.4866,1
26.75,index_select_rows,layout_copy,0.0305,2
26.75,memcpy HtoD,copies_memset,0.0106,2
26.75,memset,copies_memset,0.0613,72
26.75,mx_binary,norm_elementwise,0.083,4
26.75,mx_block_copy,layout_copy,4.2272,20
26.75,mx_merge_heads,layout_copy,7.1459,2
26.75,mx_swiglu,norm_elementwise,6.4502,10
26.75,nvjet_sm90_qqtst_128x160_128x5_1x2_h_bz_coopA_algo2_TNT,gemm,19.7218,5
26.75,nvjet_sm90_qqtst_128x160_128x5_2x1_v_bz_coopA_algo2_TNT,gemm,8.3233,10
26.75,nvjet_sm90_qqtst_144x128_128x6_1x2_h_bz_coopA_algo2_TNN,gemm,15.6669,9
26.75,nvjet_sm90_qqtst_192x96_128x5_2x1_v_bz_coopB_algo2_TNT,gemm,0.2689,1
26.75,nvjet_sm90_tst_256x160_64x4_1x2_h_bz_coopA_TNT,gemm,6.9698,1
26.75,sm80_xmma_gemm_f32f32_f32f32_f32_nn_n_tilesize64x128x8_stage3_warpsize1x4x1_ffma_aligna4_alignc4_execute_kernel__5x_cublas,gemm,0.6611,1
26.75,sm80_xmma_gemm_f32f32_f32f32_f32_tn_n_tilesize128x128x8_stage3_warpsize2x2x1_ffma_aligna4_alignc4_execute_kernel__5x_cublas,gemm,0.7768,1
26.75,softmax_last,attention,0.5529,1
26.75,vsa_combine,attention,9.6391,2
26.75,vsa_mma_attn_tma2,attention,94.8957,1
26.75,vsa_tile_mean,attention,2.4096,3
26.75,vsa_tile_qkv,attention,11.3866,3
26.75,vsa_topk2,attention,1.1133,1
26.75,w8a8_quantize,cast_quant,18.2605,23
27.0,amax_abs_mixed,cast_quant,2.5182,29
27.0,bcast_binary,norm_elementwise,0.5584,1
27.0,block_copy,layout_copy,0.0459,3
27.0,cast_bf16_f32_bias_act,cast_quant,0.0091,1
27.0,cast_f32_bf16,cast_quant,6.3749,6
27.0,fa_dc90_fwd_d128,attention,2.1422,1
27.0,fill_f,layout_copy,2.4341,2
27.0,fvf_h3_gate_res_norm_mod,norm_elementwise,2.3417,1
27.0,fvf_split_heads_rows,layout_copy,2.5281,2
27.0,h3_qk_norm_rope,norm_elementwise,12.8916,2
27.0,h3_res_gate_norm_mod,norm_elementwise,4.8586,2
27.0,index_select_rows,layout_copy,0.015,1
27.0,memcpy HtoD,copies_memset,0.0042,1
27.0,memset,copies_memset,0.0775,90
27.0,mx_binary,norm_elementwise,0.0407,2
27.0,mx_block_copy,layout_copy,4.9435,24
27.0,mx_merge_heads,layout_copy,3.5354,1
27.0,mx_swiglu,norm_elementwise,8.3325,13
27.0,nvjet_sm90_qqtst_128x160_128x5_1x2_h_bz_coopA_algo2_TNT,gemm,15.8819,4
27.0,nvjet_sm90_qqtst_128x160_128x5_2x1_v_bz_coopA_algo2_TNT,gemm,10.8596,13
27.0,nvjet_sm90_qqtst_144x128_128x6_1x2_h_bz_coopA_algo2_TNN,gemm,22.5751,13
27.0,nvjet_sm90_qqtst_192x96_128x5_2x1_v_bz_coopB_algo2_TNT,gemm,0.2585,1
27.0,nvjet_sm90_tst_256x160_64x4_1x2_h_bz_coopA_TNT,gemm,6.8225,1
27.0,sm80_xmma_gemm_f32f32_f32f32_f32_nn_n_tilesize64x128x8_stage3_warpsize1x4x1_ffma_aligna4_alignc4_execute_kernel__5x_cublas,gemm,0.7838,1
27.0,sm80_xmma_gemm_f32f32_f32f32_f32_tn_n_tilesize128x128x8_stage3_warpsize2x2x1_ffma_aligna4_alignc4_execute_kernel__5x_cublas,gemm,0.9081,1
27.0,softmax_last,attention,0.584,1
27.0,vsa_combine,attention,4.7494,1
27.0,vsa_mma_attn_tma2,attention,96.6522,1
27.0,vsa_tile_mean,attention,2.5962,3
27.0,vsa_tile_qkv,attention,11.8382,3
27.0,vsa_topk2,attention,1.3166,1
27.0,w8a8_quantize,cast_quant,17.848,29
27.25,amax_abs_mixed,cast_quant,2.7152,31
27.25,bcast_binary,norm_elementwise,0.4956,1
27.25,block_copy,layout_copy,0.0461,3
27.25,cast_bf16_f32_bias_act,cast_quant,0.0093,1
27.25,cast_f32_bf16,cast_quant,6.4433,6
27.25,fa_dc90_fwd_d128,attention,2.1492,1
27.25,fill_f,layout_copy,2.1905,2
27.25,fvf_h3_gate_res_norm_mod,norm_elementwise,2.3498,1
27.25,fvf_split_heads_rows,layout_copy,2.4984,2
27.25,h3_qk_norm_rope,norm_elementwise,13.5913,2
27.25,h3_res_gate_norm_mod,norm_elementwise,2.4823,1
27.25,index_select_rows,layout_copy,0.0156,1
27.25,memcpy HtoD,copies_memset,0.0042,1
27.25,memset,copies_memset,0.0864,96
27.25,mx_binary,norm_elementwise,0.042,2
27.25,mx_block_copy,layout_copy,5.0303,24
27.25,mx_merge_heads,layout_copy,3.6272,1
27.25,mx_swiglu,norm_elementwise,9.8293,15
27.25,nvjet_sm90_qqtst_128x160_128x5_1x2_h_bz_coopA_algo2_TNT,gemm,15.8972,4
27.25,nvjet_sm90_qqtst_128x160_128x5_2x1_v_bz_coopA_algo2_TNT,gemm,12.5375,15
27.25,nvjet_sm90_qqtst_144x128_128x6_1x2_h_bz_coopA_algo2_TNN,gemm,22.5788,13
27.25,nvjet_sm90_qqtst_192x96_128x5_2x1_v_bz_coopB_algo2_TNT,gemm,0.2614,1
27.25,nvjet_sm90_tst_256x160_64x4_1x2_h_bz_coopA_TNT,gemm,7.2071,1
27.25,sm80_xmma_gemm_f32f32_f32f32_f32_nn_n_tilesize64x128x8_stage3_warpsize1x4x1_ffma_aligna4_alignc4_execute_kernel__5x_cublas,gemm,0.6562,1
27.25,sm80_xmma_gemm_f32f32_f32f32_f32_tn_n_tilesize128x128x8_stage3_warpsize2x2x1_ffma_aligna4_alignc4_execute_kernel__5x_cublas,gemm,0.7734,1
27.25,softmax_last,attention,0.5535,1
27.25,vsa_combine,attention,4.8164,1
27.25,vsa_mma_attn_tma2,attention,95.4175,1
27.25,vsa_tile_mean,attention,2.4241,3
27.25,vsa_tile_qkv,attention,11.3656,3
27.25,vsa_topk2,attention,1.1052,1
27.25,w8a8_quantize,cast_quant,19.6783,31
27.5,amax_abs_mixed,cast_quant,2.557,27
27.5,bcast_binary,norm_elementwise,0.5146,1
27.5,block_copy,layout_copy,0.0461,3
27.5,cast_bf16_f32_bias_act,cast_quant,0.0093,1
27.5,cast_f32_bf16,cast_quant,6.4511,6
27.5,fa_dc90_fwd_d128,attention,2.1661,1
27.5,fill_f,layout_copy,2.2314,2
27.5,fvf_h3_gate_res_norm_mod,norm_elementwise,4.7129,2
27.5,fvf_split_heads_rows,layout_copy,2.4746,2
27.5,h3_qk_norm_rope,norm_elementwise,12.1079,2
27.5,h3_res_gate_norm_mod,norm_elementwise,2.4121,1
27.5,index_select_rows,layout_copy,0.0156,1
27.5,memcpy HtoD,copies_memset,0.0042,1
27.5,memset,copies_memset,0.0739,86
27.5,mx_binary,norm_elementwise,0.0419,2
27.5,mx_block_copy,layout_copy,6.5288,32
27.5,mx_merge_heads,layout_copy,3.6341,1
27.5,mx_swiglu,norm_elementwise,7.21,12
27.5,nvjet_sm90_qqtst_128x160_128x5_1x2_h_bz_coopA_algo2_TNT,gemm,27.9986,7
27.5,nvjet_sm90_qqtst_128x160_128x5_2x1_v_bz_coopA_algo2_TNT,gemm,9.5803,12
27.5,nvjet_sm90_qqtst_144x128_128x6_1x2_h_bz_coopA_algo2_TNN,gemm,17.3514,10
27.5,nvjet_sm90_qqtst_192x96_128x5_2x1_v_bz_coopB_algo2_TNT,gemm,0.526,2
27.5,nvjet_sm90_tst_256x160_64x4_1x2_h_bz_coopA_TNT,gemm,6.8544,1
27.5,sm80_xmma_gemm_f32f32_f32f32_f32_nn_n_tilesize64x128x8_stage3_warpsize1x4x1_ffma_aligna4_alignc4_execute_kernel__5x_cublas,gemm,0.6933,1
27.5,sm80_xmma_gemm_f32f32_f32f32_f32_tn_n_tilesize128x128x8_stage3_warpsize2x2x1_ffma_aligna4_alignc4_execute_kernel__5x_cublas,gemm,0.7428,1
27.5,softmax_last,attention,0.5499,1
27.5,vsa_combine,attention,4.8207,1
27.5,vsa_mma_attn_tma2,attention,96.0442,1
27.5,vsa_tile_mean,attention,2.3869,3
27.5,vsa_tile_qkv,attention,11.521,3
27.5,vsa_topk2,attention,1.1694,1
27.5,w8a8_quantize,cast_quant,18.6541,27
27.75,amax_abs_mixed,cast_quant,2.0455,22
27.75,bcast_binary,norm_elementwise,0.5236,1
27.75,block_copy,layout_copy,0.0454,3
27.75,cast_bf16_f32_bias_act,cast_quant,0.009,1
27.75,cast_f32_bf16,cast_quant,6.3519,6
27.75,fa_dc90_fwd_d128,attention,2.1239,1
27.75,fill_f,layout_copy,2.2227,2
27.75,fvf_h3_gate_res_norm_mod,norm_elementwise,2.3548,1
27.75,fvf_split_heads_rows,layout_copy,2.5025,2
27.75,h3_qk_norm_rope,norm_elementwise,26.8072,4
27.75,h3_res_gate_norm_mod,norm_elementwise,2.4178,1
27.75,index_select_rows,layout_copy,0.0152,1
27.75,memcpy HtoD,copies_memset,0.0042,1
27.75,memset,copies_memset,0.0602,70
27.75,mx_binary,norm_elementwise,0.0406,2
27.75,mx_block_copy,layout_copy,4.1174,20
27.75,mx_merge_heads,layout_copy,3.5129,1
27.75,mx_swiglu,norm_elementwise,6.237,10
27.75,nvjet_sm90_qqtst_128x160_128x5_1x2_h_bz_coopA_algo2_TNT,gemm,15.8896,4
27.75,nvjet_sm90_qqtst_128x160_128x5_2x1_v_bz_coopA_algo2_TNT,gemm,8.2797,10
27.75,nvjet_sm90_qqtst_144x128_128x6_1x2_h_bz_coopA_algo2_TNN,gemm,15.6671,9
27.75,nvjet_sm90_qqtst_192x96_128x5_2x1_v_bz_coopB_algo2_TNT,gemm,0.2624,1
27.75,nvjet_sm90_tst_256x160_64x4_1x2_h_bz_coopA_TNT,gemm,13.9206,2
27.75,sm80_xmma_gemm_f32f32_f32f32_f32_nn_n_tilesize64x128x8_stage3_warpsize1x4x1_ffma_aligna4_alignc4_execute_kernel__5x_cublas,gemm,0.7131,1
27.75,sm80_xmma_gemm_f32f32_f32f32_f32_tn_n_tilesize128x128x8_stage3_warpsize2x2x1_ffma_aligna4_alignc4_execute_kernel__5x_cublas,gemm,0.8333,1
27.75,softmax_last,attention,0.5662,1
27.75,vsa_combine,attention,4.7301,1
27.75,vsa_mma_attn_tma2,attention,96.4696,1
27.75,vsa_tile_mean,attention,2.4719,3
27.75,vsa_tile_qkv,attention,11.5696,3
27.75,vsa_topk2,attention,1.1746,1
27.75,w8a8_quantize,cast_quant,14.5954,22
28.0,amax_abs_mixed,cast_quant,2.058,22
28.0,bcast_binary,norm_elementwise,1.048,2
28.0,block_copy,layout_copy,0.0451,3
28.0,cast_bf16_f32_bias_act,cast_quant,0.009,1
28.0,cast_f32_bf16,cast_quant,6.3704,6
28.0,fa_dc90_fwd_d128,attention,2.1424,1
28.0,fill_f,layout_copy,3.3633,3
28.0,fvf_h3_gate_res_norm_mod,norm_elementwise,2.4627,1
28.0,fvf_split_heads_rows,layout_copy,5.0028,4
28.0,h3_qk_norm_rope,norm_elementwise,13.7093,2
28.0,h3_res_gate_norm_mod,norm_elementwise,2.431,1
28.0,index_select_rows,layout_copy,0.0151,1
28.0,memcpy HtoD,copies_memset,0.0042,1
28.0,memset,copies_memset,0.0608,69
28.0,mx_binary,norm_elementwise,0.0408,2
28.0,mx_block_copy,layout_copy,4.2216,20
28.0,mx_merge_heads,layout_copy,3.5359,1
28.0,mx_swiglu,norm_elementwise,6.3708,10
28.0,nvjet_sm90_qqtst_128x160_128x5_1x2_h_bz_coopA_algo2_TNT,gemm,15.887,4
28.0,nvjet_sm90_qqtst_128x160_128x5_2x1_v_bz_coopA_algo2_TNT,gemm,8.2873,10
28.0,nvjet_sm90_qqtst_144x128_128x6_1x2_h_bz_coopA_algo2_TNN,gemm,15.6582,9
28.0,nvjet_sm90_qqtst_192x96_128x5_2x1_v_bz_coopB_algo2_TNT,gemm,0.2702,1
28.0,nvjet_sm90_tst_256x160_64x4_1x2_h_bz_coopA_TNT,gemm,6.8453,1
28.0,sm80_xmma_gemm_f32f32_f32f32_f32_nn_n_tilesize64x128x8_stage3_warpsize1x4x1_ffma_aligna4_alignc4_execute_kernel__5x_cublas,gemm,1.4346,2
28.0,sm80_xmma_gemm_f32f32_f32f32_f32_tn_n_tilesize128x128x8_stage3_warpsize2x2x1_ffma_aligna4_alignc4_execute_kernel__5x_cublas,gemm,1.6745,2
28.0,softmax_last,attention,1.1304,2
28.0,vsa_combine,attention,4.7486,1
28.0,vsa_mma_attn_tma2,attention,94.887,1
28.0,vsa_tile_mean,attention,4.9686,6
28.0,vsa_tile_qkv,attention,23.7205,6
28.0,vsa_topk2,attention,2.4105,2
28.0,w8a8_quantize,cast_quant,14.952,22
28.25,amax_abs_mixed,cast_quant,2.0545,22
28.25,bcast_binary,norm_elementwise,0.5012,1
28.25,block_copy,layout_copy,0.0471,3
28.25,cast_bf16_f32_bias_act,cast_quant,0.0093,1
28.25,cast_f32_bf16,cast_quant,6.4488,6
28.25,fa_dc90_fwd_d128,attention,2.1758,1
28.25,fill_f,layout_copy,3.4775,3
28.25,fvf_h3_gate_res_norm_mod,norm_elementwise,2.4325,1
28.25,fvf_split_heads_rows,layout_copy,2.486,2
28.25,h3_qk_norm_rope,norm_elementwise,12.9141,2
28.25,h3_res_gate_norm_mod,norm_elementwise,2.4791,1
28.25,index_select_rows,layout_copy,0.0158,1
28.25,memcpy HtoD,copies_memset,0.0042,1
28.25,memset,copies_memset,0.0612,69
28.25,mx_binary,norm_elementwise,0.0419,2
28.25,mx_block_copy,layout_copy,4.1907,20
28.25,mx_merge_heads,layout_copy,3.6341,1
28.25,mx_swiglu,norm_elementwise,6.4284,10
28.25,nvjet_sm90_qqtst_128x160_128x5_1x2_h_bz_coopA_algo2_TNT,gemm,15.9288,4
28.25,nvjet_sm90_qqtst_128x160_128x5_2x1_v_bz_coopA_algo2_TNT,gemm,8.2843,10
28.25,nvjet_sm90_qqtst_144x128_128x6_1x2_h_bz_coopA_algo2_TNN,gemm,15.597,9
28.25,nvjet_sm90_qqtst_192x96_128x5_2x1_v_bz_coopB_algo2_TNT,gemm,0.2622,1
28.25,nvjet_sm90_tst_256x160_64x4_1x2_h_bz_coopA_TNT,gemm,6.9949,1
28.25,sm80_xmma_gemm_f32f32_f32f32_f32_nn_n_tilesize64x128x8_stage3_warpsize1x4x1_ffma_aligna4_alignc4_execute_kernel__5x_cublas,gemm,0.6727,1
28.25,sm80_xmma_gemm_f32f32_f32f32_f32_tn_n_tilesize128x128x8_stage3_warpsize2x2x1_ffma_aligna4_alignc4_execute_kernel__5x_cublas,gemm,0.7908,1
28.25,softmax_last,attention,0.5543,1
28.25,vsa_combine,attention,4.821,1
28.25,vsa_mma_attn_tma2,attention,191.7584,2
28.25,vsa_tile_mean,attention,2.4206,3
28.25,vsa_tile_qkv,attention,11.4995,3
28.25,vsa_topk2,attention,1.1319,1
28.25,w8a8_quantize,cast_quant,15.0859,22
28.5,amax_abs_mixed,cast_quant,2.0503,22
28.5,bcast_binary,norm_elementwise,0.5583,1
28.5,block_copy,layout_copy,0.0454,3
28.5,cast_bf16_f32_bias_act,cast_quant,0.009,1
28.5,cast_f32_bf16,cast_quant,6.3533,6
28.5,fa_dc90_fwd_d128,attention,2.1354,1
28.5,fill_f,layout_copy,2.434,2
28.5,fvf_h3_gate_res_norm_mod,norm_elementwise,2.3588,1
28.5,fvf_split_heads_rows,layout_copy,2.5303,2
28.5,h3_qk_norm_rope,norm_elementwise,12.9398,2
28.5,h3_res_gate_norm_mod,norm_elementwise,2.4106,1
28.5,index_select_rows,layout_copy,0.0149,1
28.5,memcpy HtoD,copies_memset,0.0042,1
28.5,memset,copies_memset,0.0598,69
28.5,mx_binary,norm_elementwise,0.0404,2
28.5,mx_block_copy,layout_copy,4.0934,20
28.5,mx_merge_heads,layout_copy,3.4933,1
28.5,mx_swiglu,norm_elementwise,6.3157,10
28.5,nvjet_sm90_qqtst_128x160_128x5_1x2_h_bz_coopA_algo2_TNT,gemm,15.9866,4
28.5,nvjet_sm90_qqtst_128x160_128x5_2x1_v_bz_coopA_algo2_TNT,gemm,8.2828,10
28.5,nvjet_sm90_qqtst_144x128_128x6_1x2_h_bz_coopA_algo2_TNN,gemm,15.6161,9
28.5,nvjet_sm90_qqtst_192x96_128x5_2x1_v_bz_coopB_algo2_TNT,gemm,0.2608,1
28.5,nvjet_sm90_tst_256x160_64x4_1x2_h_bz_coopA_TNT,gemm,6.8877,1
28.5,sm80_xmma_gemm_f32f32_f32f32_f32_nn_n_tilesize64x128x8_stage3_warpsize1x4x1_ffma_aligna4_alignc4_execute_kernel__5x_cublas,gemm,0.7827,1
28.5,sm80_xmma_gemm_f32f32_f32f32_f32_tn_n_tilesize128x128x8_stage3_warpsize2x2x1_ffma_aligna4_alignc4_execute_kernel__5x_cublas,gemm,0.909,1
28.5,softmax_last,attention,0.5848,1
28.5,vsa_combine,attention,4.82,1
28.5,vsa_mma_attn_tma2,attention,96.5972,1
28.5,vsa_tile_mean,attention,2.5984,3
28.5,vsa_tile_qkv,attention,11.8679,3
28.5,vsa_topk2,attention,1.3173,1
28.5,w8a8_quantize,cast_quant,14.7392,22
28.75,amax_abs_mixed,cast_quant,2.0542,22
28.75,bcast_binary,norm_elementwise,0.4962,1
28.75,block_copy,layout_copy,0.0456,3
28.75,cast_bf16_f32_bias_act,cast_quant,0.0091,1
28.75,cast_f32_bf16,cast_quant,6.3719,6
28.75,fa_dc90_fwd_d128,attention,2.1482,1
28.75,fill_f,layout_copy,2.1902,2
28.75,fvf_h3_gate_res_norm_mod,norm_elementwise,2.3608,1
28.75,fvf_split_heads_rows,layout_copy,2.4998,2
28.75,h3_qk_norm_rope,norm_elementwise,13.5913,2
28.75,h3_res_gate_norm_mod,norm_elementwise,2.4297,1
28.75,index_select_rows,layout_copy,0.0151,1
28.75,memcpy HtoD,copies_memset,0.0042,1
28.75,memset,copies_memset,0.0622,69
28.75,mx_binary,norm_elementwise,0.0411,2
28.75,mx_block_copy,layout_copy,4.1484,20
28.75,mx_merge_heads,layout_copy,3.5363,1
28.75,mx_swiglu,norm_elementwise,6.3418,10
28.75,nvjet_sm90_qqtst_128x160_128x5_1x2_h_bz_coopA_algo2_TNT,gemm,15.9716,4
28.75,nvjet_sm90_qqtst_128x160_128x5_2x1_v_bz_coopA_algo2_TNT,gemm,8.2683,10
28.75,nvjet_sm90_qqtst_144x128_128x6_1x2_h_bz_coopA_algo2_TNN,gemm,15.6764,9
28.75,nvjet_sm90_qqtst_192x96_128x5_2x1_v_bz_coopB_algo2_TNT,gemm,0.264,1
28.75,nvjet_sm90_tst_256x160_64x4_1x2_h_bz_coopA_TNT,gemm,7.1855,1
28.75,sm80_xmma_gemm_f32f32_f32f32_f32_nn_n_tilesize64x128x8_stage3_warpsize1x4x1_ffma_aligna4_alignc4_execute_kernel__5x_cublas,gemm,0.6564,1
28.75,sm80_xmma_gemm_f32f32_f32f32_f32_tn_n_tilesize128x128x8_stage3_warpsize2x2x1_ffma_aligna4_alignc4_execute_kernel__5x_cublas,gemm,0.7733,1
28.75,softmax_last,attention,0.5527,1
28.75,vsa_combine,attention,4.7483,1
28.75,vsa_mma_attn_tma2,attention,97.751,1
28.75,vsa_tile_mean,attention,2.4235,3
28.75,vsa_tile_qkv,attention,11.3613,3
28.75,vsa_topk2,attention,1.1044,1
28.75,w8a8_quantize,cast_quant,14.8221,22
29.0,amax_abs_mixed,cast_quant,2.0608,22
29.0,bcast_binary,norm_elementwise,0.5502,1
29.0,block_copy,layout_copy,0.0463,3
29.0,cast_bf16_f32_bias_act,cast_quant,0.0092,1
29.0,cast_f32_bf16,cast_quant,6.4478,6
29.0,fa_dc90_fwd_d128,attention,2.155,1
29.0,fill_f,layout_copy,2.4048,2
29.0,fvf_h3_gate_res_norm_mod,norm_elementwise,2.4007,1
29.0,fvf_split_heads_rows,layout_copy,2.4748,2
29.0,h3_qk_norm_rope,norm_elementwise,12.3387,2
29.0,h3_res_gate_norm_mod,norm_elementwise,2.4885,1
29.0,index_select_rows,layout_copy,0.0153,1
29.0,memcpy HtoD,copies_memset,0.0042,1
29.0,memset,copies_memset,0.0559,69
29.0,mx_binary,norm_elementwise,0.0417,2
29.0,mx_block_copy,layout_copy,4.2112,20
29.0,mx_merge_heads,layout_copy,3.6328,1
29.0,mx_swiglu,norm_elementwise,6.4557,10
29.0,nvjet_sm90_qqtst_128x160_128x5_1x2_h_bz_coopA_algo2_TNT,gemm,15.9936,4
29.0,nvjet_sm90_qqtst_128x160_128x5_2x1_v_bz_coopA_algo2_TNT,gemm,8.3466,10
29.0,nvjet_sm90_qqtst_144x128_128x6_1x2_h_bz_coopA_algo2_TNN,gemm,15.5998,9
29.0,nvjet_sm90_qqtst_192x96_128x5_2x1_v_bz_coopB_algo2_TNT,gemm,0.2665,1
29.0,nvjet_sm90_tst_256x160_64x4_1x2_h_bz_coopA_TNT,gemm,6.8859,1
29.0,sm80_xmma_gemm_f32f32_f32f32_f32_nn_n_tilesize64x128x8_stage3_warpsize1x4x1_ffma_aligna4_alignc4_execute_kernel__5x_cublas,gemm,0.7706,1
29.0,sm80_xmma_gemm_f32f32_f32f32_f32_tn_n_tilesize128x128x8_stage3_warpsize2x2x1_ffma_aligna4_alignc4_execute_kernel__5x_cublas,gemm,0.8906,1
29.0,softmax_last,attention,0.5772,1
29.0,vsa_combine,attention,4.8216,1
29.0,vsa_mma_attn_tma2,attention,96.9157,1
29.0,vsa_tile_mean,attention,2.5074,3
29.0,vsa_tile_qkv,attention,11.7948,3
29.0,vsa_topk2,attention,1.2949,1
29.0,w8a8_quantize,cast_quant,15.1219,22
29.25,amax_abs_mixed,cast_quant,2.0462,22
29.25,bcast_binary,norm_elementwise,0.5111,1
29.25,block_copy,layout_copy,0.0463,3
29.25,cast_bf16_f32_bias_act,cast_quant,0.0092,1
29.25,cast_f32_bf16,cast_quant,6.4423,6
29.25,fa_dc90_fwd_d128,attention,2.1563,1
29.25,fill_f,layout_copy,2.2994,2
29.25,fvf_h3_gate_res_norm_mod,norm_elementwise,2.3521,1
29.25,fvf_split_heads_rows,layout_copy,2.4932,2
29.25,h3_qk_norm_rope,norm_elementwise,13.3562,2
29.25,h3_res_gate_norm_mod,norm_elementwise,2.415,1
29.25,index_select_rows,layout_copy,0.0154,1
29.25,memcpy HtoD,copies_memset,0.0042,1
29.25,memset,copies_memset,0.0587,69
29.25,mx_binary,norm_elementwise,0.0418,2
29.25,mx_block_copy,layout_copy,4.1364,20
29.25,mx_merge_heads,layout_copy,3.5836,1
29.25,mx_swiglu,norm_elementwise,6.3101,10
29.25,nvjet_sm90_qqtst_128x160_128x5_1x2_h_bz_coopA_algo2_TNT,gemm,15.9902,4
29.25,nvjet_sm90_qqtst_128x160_128x5_2x1_v_bz_coopA_algo2_TNT,gemm,8.3337,10
29.25,nvjet_sm90_qqtst_144x128_128x6_1x2_h_bz_coopA_algo2_TNN,gemm,15.5896,9
29.25,nvjet_sm90_qqtst_192x96_128x5_2x1_v_bz_coopB_algo2_TNT,gemm,0.2637,1
29.25,nvjet_sm90_tst_256x160_64x4_1x2_h_bz_coopA_TNT,gemm,7.048,1
29.25,sm80_xmma_gemm_f32f32_f32f32_f32_nn_n_tilesize64x128x8_stage3_warpsize1x4x1_ffma_aligna4_alignc4_execute_kernel__5x_cublas,gemm,0.6886,1
29.25,sm80_xmma_gemm_f32f32_f32f32_f32_tn_n_tilesize128x128x8_stage3_warpsize2x2x1_ffma_aligna4_alignc4_execute_kernel__5x_cublas,gemm,0.7632,1
29.25,softmax_last,attention,0.5597,1
29.25,vsa_combine,attention,9.5501,2
29.25,vsa_mma_attn_tma2,attention,96.244,1
29.25,vsa_tile_mean,attention,2.4169,3
29.25,vsa_tile_qkv,attention,11.65,3
29.25,vsa_topk2,attention,1.1611,1
29.25,w8a8_quantize,cast_quant,14.7273,22
29.5,amax_abs_mixed,cast_quant,2.4632,23
29.5,bcast_binary,norm_elementwise,0.5363,1
29.5,block_copy,layout_copy,0.0913,6
29.5,cast_bf16_f32_bias_act,cast_quant,0.0181,2
29.5,cast_f32_bf16,cast_quant,12.7984,12
29.5,fa_dc90_fwd_d128,attention,4.2839,2
29.5,fill_f,layout_copy,2.3377,2
29.5,fvf_h3_gate_res_norm_mod,norm_elementwise,2.3703,1
29.5,fvf_split_heads_rows,layout_copy,2.5111,2
29.5,h3_qk_norm_rope,norm_elementwise,13.3315,2
29.5,h3_res_gate_norm_mod,norm_elementwise,2.423,1
29.5,index_select_rows,layout_copy,0.0308,2
29.5,memcpy HtoD,copies_memset,0.0084,2
29.5,memset,copies_memset,0.0629,72
29.5,mx_binary,norm_elementwise,0.0826,4
29.5,mx_block_copy,layout_copy,4.1419,20
29.5,mx_merge_heads,layout_copy,7.1476,2
29.5,mx_swiglu,norm_elementwise,6.2993,10
29.5,nvjet_sm90_qqtst_128x160_128x5_1x2_h_bz_coopA_algo2_TNT,gemm,19.9624,5
29.5,nvjet_sm90_qqtst_128x160_128x5_2x1_v_bz_coopA_algo2_TNT,gemm,8.3091,10
29.5,nvjet_sm90_qqtst_144x128_128x6_1x2_h_bz_coopA_algo2_TNN,gemm,15.5884,9
29.5,nvjet_sm90_qqtst_192x96_128x5_2x1_v_bz_coopB_algo2_TNT,gemm,0.266,1
29.5,nvjet_sm90_tst_256x160_64x4_1x2_h_bz_coopA_TNT,gemm,6.9524,1
29.5,sm80_xmma_gemm_f32f32_f32f32_f32_nn_n_tilesize64x128x8_stage3_warpsize1x4x1_ffma_aligna4_alignc4_execute_kernel__5x_cublas,gemm,0.7402,1
29.5,sm80_xmma_gemm_f32f32_f32f32_f32_tn_n_tilesize128x128x8_stage3_warpsize2x2x1_ffma_aligna4_alignc4_execute_kernel__5x_cublas,gemm,0.8651,1
29.5,softmax_last,attention,0.5729,1
29.5,vsa_combine,attention,4.8214,1
29.5,vsa_mma_attn_tma2,attention,97.1111,1
29.5,vsa_tile_mean,attention,2.5127,3
29.5,vsa_tile_qkv,attention,11.687,3
29.5,vsa_topk2,attention,1.246,1
29.5,w8a8_quantize,cast_quant,17.9237,23
29.75,amax_abs_mixed,cast_quant,2.5281,29
29.75,bcast_binary,norm_elementwise,0.5235,1
29.75,block_copy,layout_copy,0.0459,3
29.75,cast_bf16_f32_bias_act,cast_quant,0.0093,1
29.75,cast_f32_bf16,cast_quant,6.4422,6
29.75,fa_dc90_fwd_d128,attention,2.1601,1
29.75,fill_f,layout_copy,2.2965,2
29.75,fvf_h3_gate_res_norm_mod,norm_elementwise,2.3591,1
29.75,fvf_split_heads_rows,layout_copy,2.4998,2
29.75,h3_qk_norm_rope,norm_elementwise,13.7121,2
29.75,h3_res_gate_norm_mod,norm_elementwise,4.9491,2
29.75,index_select_rows,layout_copy,0.0153,1
29.75,memcpy HtoD,copies_memset,0.0042,1
29.75,memset,copies_memset,0.0798,90
29.75,mx_binary,norm_elementwise,0.042,2
29.75,mx_block_copy,layout_copy,5.0437,24
29.75,mx_merge_heads,layout_copy,3.6283,1
29.75,mx_swiglu,norm_elementwise,8.4725,13
29.75,nvjet_sm90_qqtst_128x160_128x5_1x2_h_bz_coopA_algo2_TNT,gemm,16.0422,4
29.75,nvjet_sm90_qqtst_128x160_128x5_2x1_v_bz_coopA_algo2_TNT,gemm,10.9963,13
29.75,nvjet_sm90_qqtst_144x128_128x6_1x2_h_bz_coopA_algo2_TNN,gemm,22.5507,13
29.75,nvjet_sm90_qqtst_192x96_128x5_2x1_v_bz_coopB_algo2_TNT,gemm,0.2644,1
29.75,nvjet_sm90_tst_256x160_64x4_1x2_h_bz_coopA_TNT,gemm,7.1859,1
29.75,sm80_xmma_gemm_f32f32_f32f32_f32_nn_n_tilesize64x128x8_stage3_warpsize1x4x1_ffma_aligna4_alignc4_execute_kernel__5x_cublas,gemm,0.7143,1
29.75,sm80_xmma_gemm_f32f32_f32f32_f32_tn_n_tilesize128x128x8_stage3_warpsize2x2x1_ffma_aligna4_alignc4_execute_kernel__5x_cublas,gemm,0.8314,1
29.75,softmax_last,attention,0.565,1
29.75,vsa_combine,attention,4.8169,1
29.75,vsa_mma_attn_tma2,attention,95.4242,1
29.75,vsa_tile_mean,attention,2.4696,3
29.75,vsa_tile_qkv,attention,11.542,3
29.75,vsa_topk2,attention,1.2019,1
29.75,w8a8_quantize,cast_quant,18.2012,29
30.0,amax_abs_mixed,cast_quant,2.7113,31
30.0,bcast_binary,norm_elementwise,0.531,1
30.0,block_copy,layout_copy,0.0454,3
30.0,cast_bf16_f32_bias_act,cast_quant,0.0091,1
30.0,cast_f32_bf16,cast_quant,6.351,6
30.0,fa_dc90_fwd_d128,attention,2.1439,1
30.0,fill_f,layout_copy,2.3187,2
30.0,fvf_h3_gate_res_norm_mod,norm_elementwise,2.3879,1
30.0,fvf_split_heads_rows,layout_copy,2.508,2
30.0,h3_qk_norm_rope,norm_elementwise,12.9101,2
30.0,h3_res_gate_norm_mod,norm_elementwise,2.4228,1
30.0,index_select_rows,layout_copy,0.015,1
30.0,memcpy HtoD,copies_memset,0.0042,1
30.0,memset,copies_memset,0.0858,96
30.0,mx_binary,norm_elementwise,0.0405,2
30.0,mx_block_copy,layout_copy,5.0434,24
30.0,mx_merge_heads,layout_copy,3.5142,1
30.0,mx_swiglu,norm_elementwise,9.7492,15
30.0,nvjet_sm90_qqtst_128x160_128x5_1x2_h_bz_coopA_algo2_TNT,gemm,16.0163,4
30.0,nvjet_sm90_qqtst_128x160_128x5_2x1_v_bz_coopA_algo2_TNT,gemm,12.7411,15
30.0,nvjet_sm90_qqtst_144x128_128x6_1x2_h_bz_coopA_algo2_TNN,gemm,22.6216,13
30.0,nvjet_sm90_qqtst_192x96_128x5_2x1_v_bz_coopB_algo2_TNT,gemm,0.2686,1
30.0,nvjet_sm90_tst_256x160_64x4_1x2_h_bz_coopA_TNT,gemm,6.9808,1
30.0,sm80_xmma_gemm_f32f32_f32f32_f32_nn_n_tilesize64x128x8_stage3_warpsize1x4x1_ffma_aligna4_alignc4_execute_kernel__5x_cublas,gemm,0.7349,1
30.0,sm80_xmma_gemm_f32f32_f32f32_f32_tn_n_tilesize128x128x8_stage3_warpsize2x2x1_ffma_aligna4_alignc4_execute_kernel__5x_cublas,gemm,0.858,1
30.0,softmax_last,attention,0.5702,1
30.0,vsa_combine,attention,4.7331,1
30.0,vsa_mma_attn_tma2,attention,95.9655,1
30.0,vsa_tile_mean,attention,2.5012,3
30.0,vsa_tile_qkv,attention,11.6352,3
30.0,vsa_topk2,attention,1.2355,1
30.0,w8a8_quantize,cast_quant,19.4037,31
30.25,amax_abs_mixed,cast_quant,2.5659,27
30.25,bcast_binary,norm_elementwise,0.5064,1
30.25,block_copy,layout_copy,0.0455,3
30.25,cast_bf16_f32_bias_act,cast_quant,0.0091,1
30.25,cast_f32_bf16,cast_quant,6.3711,6
30.25,fa_dc90_fwd_d128,attention,2.1054,1
30.25,fill_f,layout_copy,2.2608,2
30.25,fvf_h3_gate_res_norm_mod,norm_elementwise,4.8191,2
30.25,fvf_split_heads_rows,layout_copy,2.5175,2
30.25,h3_qk_norm_rope,norm_elementwise,14.491,2
30.25,h3_res_gate_norm_mod,norm_elementwise,2.4277,1
30.25,index_select_rows,layout_copy,0.0152,1
30.25,memcpy HtoD,copies_memset,0.0042,1
30.25,memset,copies_memset,0.0746,85
30.25,mx_binary,norm_elementwise,0.0409,2
30.25,mx_block_copy,layout_copy,6.6171,32
30.25,mx_merge_heads,layout_copy,3.537,1
30.25,mx_swiglu,norm_elementwise,7.2935,12
30.25,nvjet_sm90_qqtst_128x160_128x5_1x2_h_bz_coopA_algo2_TNT,gemm,24.1354,6
30.25,nvjet_sm90_qqtst_128x160_128x5_2x1_v_bz_coopA_algo2_TNT,gemm,9.7718,12
30.25,nvjet_sm90_qqtst_144x128_128x6_1x2_h_bz_coopA_algo2_TNN,gemm,17.364,10
30.25,nvjet_sm90_qqtst_192x96_128x5_2x1_v_bz_coopB_algo2_TNT,gemm,0.5385,2
30.25,nvjet_sm90_tst_256x160_64x4_1x2_h_bz_coopA_TNT,gemm,7.0417,1
30.25,sm80_xmma_gemm_f32f32_f32f32_f32_nn_n_tilesize64x128x8_stage3_warpsize1x4x1_ffma_aligna4_alignc4_execute_kernel__5x_cublas,gemm,0.6767,1
30.25,sm80_xmma_gemm_f32f32_f32f32_f32_tn_n_tilesize128x128x8_stage3_warpsize2x2x1_ffma_aligna4_alignc4_execute_kernel__5x_cublas,gemm,0.8469,1
30.25,softmax_last,attention,0.5549,1
30.25,vsa_combine,attention,4.7496,1
30.25,vsa_mma_attn_tma2,attention,95.5036,1
30.25,vsa_tile_mean,attention,2.509,3
30.25,vsa_tile_qkv,attention,11.5437,3
30.25,vsa_topk2,attention,1.142,1
30.25,w8a8_quantize,cast_quant,18.8109,27
30.5,amax_abs_mixed,cast_quant,2.0559,22
30.5,bcast_binary,norm_elementwise,0.5147,1
30.5,block_copy,layout_copy,0.046,3
30.5,cast_bf16_f32_bias_act,cast_quant,0.0092,1
30.5,cast_f32_bf16,cast_quant,6.4473,6
30.5,fa_dc90_fwd_d128,attention,2.1466,1
30.5,fill_f,layout_copy,2.3405,2
30.5,fvf_h3_gate_res_norm_mod,norm_elementwise,2.3565,1
30.5,fvf_split_heads_rows,layout_copy,2.4947,2
30.5,h3_qk_norm_rope,norm_elementwise,26.1079,4
30.5,h3_res_gate_norm_mod,norm_elementwise,2.4862,1
30.5,index_select_rows,layout_copy,0.0154,1
30.5,memcpy HtoD,copies_memset,0.0042,1
30.5,memset,copies_memset,0.0619,71
30.5,mx_binary,norm_elementwise,0.0418,2
30.5,mx_block_copy,layout_copy,4.1595,20
30.5,mx_merge_heads,layout_copy,3.6345,1
30.5,mx_swiglu,norm_elementwise,6.43,10
30.5,nvjet_sm90_qqtst_128x160_128x5_1x2_h_bz_coopA_algo2_TNT,gemm,20.0717,5
30.5,nvjet_sm90_qqtst_128x160_128x5_2x1_v_bz_coopA_algo2_TNT,gemm,8.4105,10
30.5,nvjet_sm90_qqtst_144x128_128x6_1x2_h_bz_coopA_algo2_TNN,gemm,15.7315,9
30.5,nvjet_sm90_qqtst_192x96_128x5_2x1_v_bz_coopB_algo2_TNT,gemm,0.266,1
30.5,nvjet_sm90_tst_256x160_64x4_1x2_h_bz_coopA_TNT,gemm,14.0576,2
30.5,sm80_xmma_gemm_f32f32_f32f32_f32_nn_n_tilesize64x128x8_stage3_warpsize1x4x1_ffma_aligna4_alignc4_execute_kernel__5x_cublas,gemm,0.7018,1
30.5,sm80_xmma_gemm_f32f32_f32f32_f32_tn_n_tilesize128x128x8_stage3_warpsize2x2x1_ffma_aligna4_alignc4_execute_kernel__5x_cublas,gemm,0.8209,1
30.5,softmax_last,attention,0.563,1
30.5,vsa_combine,attention,4.8214,1
30.5,vsa_mma_attn_tma2,attention,96.1954,1
30.5,vsa_tile_mean,attention,2.4541,3
30.5,vsa_tile_qkv,attention,11.7526,3
30.5,vsa_topk2,attention,1.182,1
30.5,w8a8_quantize,cast_quant,15.0155,22
30.75,amax_abs_mixed,cast_quant,2.0491,22
30.75,bcast_binary,norm_elementwise,0.9953,2
30.75,block_copy,layout_copy,0.0453,3
30.75,cast_bf16_f32_bias_act,cast_quant,0.009,1
30.75,cast_f32_bf16,cast_quant,6.4131,6
30.75,fa_dc90_fwd_d128,attention,2.1351,1
30.75,fill_f,layout_copy,3.2365,3
30.75,fvf_h3_gate_res_norm_mod,norm_elementwise,2.3183,1
30.75,fvf_split_heads_rows,layout_copy,4.9907,4
30.75,h3_qk_norm_rope,norm_elementwise,12.4197,2
30.75,h3_res_gate_norm_mod,norm_elementwise,2.4172,1
30.75,index_select_rows,layout_copy,0.0151,1
30.75,memcpy HtoD,copies_memset,0.0044,1
30.75,memset,copies_memset,0.0618,69
30.75,mx_binary,norm_elementwise,0.0407,2
30.75,mx_block_copy,layout_copy,4.1077,20
30.75,mx_merge_heads,layout_copy,3.5134,1
30.75,mx_swiglu,norm_elementwise,6.3331,10
30.75,nvjet_sm90_qqtst_128x160_128x5_1x2_h_bz_coopA_algo2_TNT,gemm,16.1082,4
30.75,nvjet_sm90_qqtst_128x160_128x5_2x1_v_bz_coopA_algo2_TNT,gemm,8.405,10
30.75,nvjet_sm90_qqtst_144x128_128x6_1x2_h_bz_coopA_algo2_TNN,gemm,15.6652,9
30.75,nvjet_sm90_qqtst_192x96_128x5_2x1_v_bz_coopB_algo2_TNT,gemm,0.2652,1
30.75,nvjet_sm90_tst_256x160_64x4_1x2_h_bz_coopA_TNT,gemm,7.0375,1
30.75,sm80_xmma_gemm_f32f32_f32f32_f32_nn_n_tilesize64x128x8_stage3_warpsize1x4x1_ffma_aligna4_alignc4_execute_kernel__5x_cublas,gemm,1.3307,2
30.75,sm80_xmma_gemm_f32f32_f32f32_f32_tn_n_tilesize128x128x8_stage3_warpsize2x2x1_ffma_aligna4_alignc4_execute_kernel__5x_cublas,gemm,1.6234,2
30.75,softmax_last,attention,1.1218,2
30.75,vsa_combine,attention,4.818,1
30.75,vsa_mma_attn_tma2,attention,95.8292,1
30.75,vsa_tile_mean,attention,4.9076,6
30.75,vsa_tile_qkv,attention,18.9875,5
30.75,vsa_topk2,attention,2.221,2
30.75,w8a8_quantize,cast_quant,14.7188,22
31.0,amax_abs_mixed,cast_quant,2.0491,22
31.0,bcast_binary,norm_elementwise,0.5619,1
31.0,block_copy,layout_copy,0.0452,3
31.0,cast_bf16_f32_bias_act,cast_quant,0.009,1
31.0,cast_f32_bf16,cast_quant,6.3567,6
31.0,fa_dc90_fwd_d128,attention,2.1264,1
31.0,fill_f,layout_copy,3.6066,3
31.0,fvf_h3_gate_res_norm_mod,norm_elementwise,2.3419,1
31.0,fvf_split_heads_rows,layout_copy,2.533,2
31.0,h3_qk_norm_rope,norm_elementwise,13.8735,2
31.0,h3_res_gate_norm_mod,norm_elementwise,2.4198,1
31.0,index_select_rows,layout_copy,0.0152,1
31.0,memcpy HtoD,copies_memset,0.0044,1
31.0,memset,copies_memset,0.0606,69
31.0,mx_binary,norm_elementwise,0.0408,2
31.0,mx_block_copy,layout_copy,4.1149,20
31.0,mx_merge_heads,layout_copy,3.5139,1
31.0,mx_swiglu,norm_elementwise,6.2894,10
31.0,nvjet_sm90_qqtst_128x160_128x5_1x2_h_bz_coopA_algo2_TNT,gemm,16.1489,4
31.0,nvjet_sm90_qqtst_128x160_128x5_2x1_v_bz_coopA_algo2_TNT,gemm,8.3692,10
31.0,nvjet_sm90_qqtst_144x128_128x6_1x2_h_bz_coopA_algo2_TNN,gemm,15.6714,9
31.0,nvjet_sm90_qqtst_192x96_128x5_2x1_v_bz_coopB_algo2_TNT,gemm,0.2634,1
31.0,nvjet_sm90_tst_256x160_64x4_1x2_h_bz_coopA_TNT,gemm,7.0564,1
31.0,sm80_xmma_gemm_f32f32_f32f32_f32_nn_n_tilesize64x128x8_stage3_warpsize1x4x1_ffma_aligna4_alignc4_execute_kernel__5x_cublas,gemm,0.7921,1
31.0,sm80_xmma_gemm_f32f32_f32f32_f32_tn_n_tilesize128x128x8_stage3_warpsize2x2x1_ffma_aligna4_alignc4_execute_kernel__5x_cublas,gemm,0.918,1
31.0,softmax_last,attention,0.5875,1
31.0,vsa_combine,attention,4.7224,1
31.0,vsa_mma_attn_tma2,attention,194.8765,2
31.0,vsa_tile_mean,attention,2.6174,3
31.0,vsa_tile_qkv,attention,15.4922,4
31.0,vsa_topk2,attention,1.3325,1
31.0,w8a8_quantize,cast_quant,14.6458,22
31.25,amax_abs_mixed,cast_quant,2.0575,22
31.25,bcast_binary,norm_elementwise,0.505,1
31.25,block_copy,layout_copy,0.0463,3
31.25,cast_bf16_f32_bias_act,cast_quant,0.0092,1
31.25,cast_f32_bf16,cast_quant,6.4463,6
31.25,fa_dc90_fwd_d128,attention,2.1514,1
31.25,fill_f,layout_copy,2.2039,2
31.25,fvf_h3_gate_res_norm_mod,norm_elementwise,2.3855,1
31.25,fvf_split_heads_rows,layout_copy,2.4782,2
31.25,h3_qk_norm_rope,norm_elementwise,12.4939,2
31.25,h3_res_gate_norm_mod,norm_elementwise,2.4762,1
31.25,index_select_rows,layout_copy,0.0156,1
31.25,memcpy HtoD,copies_memset,0.0043,1
31.25,memset,copies_memset,0.0588,69
31.25,mx_binary,norm_elementwise,0.0418,2
31.25,mx_block_copy,layout_copy,4.187,20
31.25,mx_merge_heads,layout_copy,3.629,1
31.25,mx_swiglu,norm_elementwise,6.4453,10
31.25,nvjet_sm90_qqtst_128x160_128x5_1x2_h_bz_coopA_algo2_TNT,gemm,16.1553,4
31.25,nvjet_sm90_qqtst_128x160_128x5_2x1_v_bz_coopA_algo2_TNT,gemm,8.367,10
31.25,nvjet_sm90_qqtst_144x128_128x6_1x2_h_bz_coopA_algo2_TNN,gemm,15.6483,9
31.25,nvjet_sm90_qqtst_192x96_128x5_2x1_v_bz_coopB_algo2_TNT,gemm,0.2664,1
31.25,nvjet_sm90_tst_256x160_64x4_1x2_h_bz_coopA_TNT,gemm,7.0776,1
31.25,sm80_xmma_gemm_f32f32_f32f32_f32_nn_n_tilesize64x128x8_stage3_warpsize1x4x1_ffma_aligna4_alignc4_execute_kernel__5x_cublas,gemm,0.6503,1
31.25,sm80_xmma_gemm_f32f32_f32f32_f32_tn_n_tilesize128x128x8_stage3_warpsize2x2x1_ffma_aligna4_alignc4_execute_kernel__5x_cublas,gemm,0.7648,1
31.25,softmax_last,attention,0.5487,1
31.25,vsa_combine,attention,4.8203,1
31.25,vsa_mma_attn_tma2,attention,95.387,1
31.25,vsa_tile_mean,attention,2.4004,3
31.25,vsa_tile_qkv,attention,11.4756,3
31.25,vsa_topk2,attention,1.1521,1
31.25,w8a8_quantize,cast_quant,15.0639,22
31.5,amax_abs_mixed,cast_quant,2.0502,22
31.5,bcast_binary,norm_elementwise,0.535,1
31.5,block_copy,layout_copy,0.0462,3
31.5,cast_bf16_f32_bias_act,cast_quant,0.0092,1
31.5,cast_f32_bf16,cast_quant,6.4461,6
31.5,fa_dc90_fwd_d128,attention,2.1612,1
31.5,fill_f,layout_copy,2.2671,2
31.5,fvf_h3_gate_res_norm_mod,norm_elementwise,2.3437,1
31.5,fvf_split_heads_rows,layout_copy,2.5156,2
31.5,h3_qk_norm_rope,norm_elementwise,13.6811,2
31.5,h3_res_gate_norm_mod,norm_elementwise,2.4223,1
31.5,index_select_rows,layout_copy,0.0155,1
31.5,memcpy HtoD,copies_memset,0.0042,1
31.5,memset,copies_memset,0.0587,69
31.5,mx_binary,norm_elementwise,0.0418,2
31.5,mx_block_copy,layout_copy,4.1302,20
31.5,mx_merge_heads,layout_copy,3.6324,1
31.5,mx_swiglu,norm_elementwise,6.3415,10
31.5,nvjet_sm90_qqtst_128x160_128x5_1x2_h_bz_coopA_algo2_TNT,gemm,16.1332,4
31.5,nvjet_sm90_qqtst_128x160_128x5_2x1_v_bz_coopA_algo2_TNT,gemm,8.3113,10
31.5,nvjet_sm90_qqtst_144x128_128x6_1x2_h_bz_coopA_algo2_TNN,gemm,15.7517,9
31.5,nvjet_sm90_qqtst_192x96_128x5_2x1_v_bz_coopB_algo2_TNT,gemm,0.2626,1
31.5,nvjet_sm90_tst_256x160_64x4_1x2_h_bz_coopA_TNT,gemm,7.0634,1
31.5,sm80_xmma_gemm_f32f32_f32f32_f32_nn_n_tilesize64x128x8_stage3_warpsize1x4x1_ffma_aligna4_alignc4_execute_kernel__5x_cublas,gemm,0.7329,1
31.5,sm80_xmma_gemm_f32f32_f32f32_f32_tn_n_tilesize128x128x8_stage3_warpsize2x2x1_ffma_aligna4_alignc4_execute_kernel__5x_cublas,gemm,0.8561,1
31.5,softmax_last,attention,0.5775,1
31.5,vsa_combine,attention,4.8224,1
31.5,vsa_mma_attn_tma2,attention,97.0386,1
31.5,vsa_tile_mean,attention,2.5064,3
31.5,vsa_tile_qkv,attention,11.5985,3
31.5,vsa_topk2,attention,1.2353,1
31.5,w8a8_quantize,cast_quant,14.8356,22
31.75,amax_abs_mixed,cast_quant,2.0423,22
31.75,bcast_binary,norm_elementwise,0.5084,1
31.75,block_copy,layout_copy,0.046,3
31.75,cast_bf16_f32_bias_act,cast_quant,0.009,1
31.75,cast_f32_bf16,cast_quant,6.353,6
31.75,fa_dc90_fwd_d128,attention,2.1233,1
31.75,fill_f,layout_copy,2.205,2
31.75,fvf_h3_gate_res_norm_mod,norm_elementwise,2.371,1
31.75,fvf_split_heads_rows,layout_copy,2.4899,2
31.75,h3_qk_norm_rope,norm_elementwise,13.4382,2
31.75,h3_res_gate_norm_mod,norm_elementwise,2.4135,1
31.75,index_select_rows,layout_copy,0.015,1
31.75,memcpy HtoD,copies_memset,0.0042,1
31.75,memset,copies_memset,0.0586,69
31.75,mx_binary,norm_elementwise,0.0407,2
31.75,mx_block_copy,layout_copy,4.1244,20
31.75,mx_merge_heads,layout_copy,3.5141,1
31.75,mx_swiglu,norm_elementwise,6.229,10
31.75,nvjet_sm90_qqtst_128x160_128x5_1x2_h_bz_coopA_algo2_TNT,gemm,16.1365,4
31.75,nvjet_sm90_qqtst_128x160_128x5_2x1_v_bz_coopA_algo2_TNT,gemm,8.3267,10
31.75,nvjet_sm90_qqtst_144x128_128x6_1x2_h_bz_coopA_algo2_TNN,gemm,15.6854,9
31.75,nvjet_sm90_qqtst_192x96_128x5_2x1_v_bz_coopB_algo2_TNT,gemm,0.2647,1
31.75,nvjet_sm90_tst_256x160_64x4_1x2_h_bz_coopA_TNT,gemm,7.2294,1
31.75,sm80_xmma_gemm_f32f32_f32f32_f32_nn_n_tilesize64x128x8_stage3_warpsize1x4x1_ffma_aligna4_alignc4_execute_kernel__5x_cublas,gemm,0.6841,1
31.75,sm80_xmma_gemm_f32f32_f32f32_f32_tn_n_tilesize128x128x8_stage3_warpsize2x2x1_ffma_aligna4_alignc4_execute_kernel__5x_cublas,gemm,0.8002,1
31.75,softmax_last,attention,0.5617,1
31.75,vsa_combine,attention,4.7311,1
31.75,vsa_mma_attn_tma2,attention,94.9473,1
31.75,vsa_tile_mean,attention,2.4316,3
31.75,vsa_tile_qkv,attention,11.5162,3
31.75,vsa_topk2,attention,1.152,1
31.75,w8a8_quantize,cast_quant,14.5706,22
32.0,amax_abs_mixed,cast_quant,2.0561,22
32.0,bcast_binary,norm_elementwise,0.5562,1
32.0,block_copy,layout_copy,0.0463,3
32.0,cast_bf16_f32_bias_act,cast_quant,0.009,1
32.0,cast_f32_bf16,cast_quant,6.3713,6
32.0,fa_dc90_fwd_d128,attention,2.1193,1
32.0,fill_f,layout_copy,2.4359,2
32.0,fvf_h3_gate_res_norm_mod,norm_elementwise,2.447,1
32.0,fvf_split_heads_rows,layout_copy,2.5293,2
32.0,h3_qk_norm_rope,norm_elementwise,14.2537,2
32.0,h3_res_gate_norm_mod,norm_elementwise,2.4374,1
32.0,index_select_rows,layout_copy,0.0151,1
32.0,memcpy HtoD,copies_memset,0.0042,1
32.0,memset,copies_memset,0.0632,69
32.0,mx_binary,norm_elementwise,0.0408,2
32.0,mx_block_copy,layout_copy,4.2308,20
32.0,mx_merge_heads,layout_copy,3.5366,1
32.0,mx_swiglu,norm_elementwise,6.4418,10
32.0,nvjet_sm90_qqtst_128x160_128x5_1x2_h_bz_coopA_algo2_TNT,gemm,16.1091,4
32.0,nvjet_sm90_qqtst_128x160_128x5_2x1_v_bz_coopA_algo2_TNT,gemm,8.4259,10
32.0,nvjet_sm90_qqtst_144x128_128x6_1x2_h_bz_coopA_algo2_TNN,gemm,15.6811,9
32.0,nvjet_sm90_qqtst_192x96_128x5_2x1_v_bz_coopB_algo2_TNT,gemm,0.2718,1
32.0,nvjet_sm90_tst_256x160_64x4_1x2_h_bz_coopA_TNT,gemm,7.083,1
32.0,sm80_xmma_gemm_f32f32_f32f32_f32_nn_n_tilesize64x128x8_stage3_warpsize1x4x1_ffma_aligna4_alignc4_execute_kernel__5x_cublas,gemm,0.7857,1
32.0,sm80_xmma_gemm_f32f32_f32f32_f32_tn_n_tilesize128x128x8_stage3_warpsize2x2x1_ffma_aligna4_alignc4_execute_kernel__5x_cublas,gemm,0.9129,1
32.0,softmax_last,attention,0.586,1
32.0,vsa_combine,attention,4.7488,1
32.0,vsa_mma_attn_tma2,attention,98.5663,1
32.0,vsa_tile_mean,attention,2.5984,3
32.0,vsa_tile_qkv,attention,12.1705,3
32.0,vsa_topk2,attention,1.3191,1
32.0,w8a8_quantize,cast_quant,15.0301,22
32.25,amax_abs_mixed,cast_quant,2.0612,22
32.25,bcast_binary,norm_elementwise,0.5332,1
32.25,block_copy,layout_copy,0.0912,6
32.25,cast_bf16_f32_bias_act,cast_quant,0.0182,2
32.25,cast_f32_bf16,cast_quant,12.7872,12
32.25,fa_dc90_fwd_d128,attention,4.2698,2
32.25,fill_f,layout_copy,2.3191,2
32.25,fvf_h3_gate_res_norm_mod,norm_elementwise,2.451,1
32.25,fvf_split_heads_rows,layout_copy,2.5075,2
32.25,h3_qk_norm_rope,norm_elementwise,13.0668,2
32.25,h3_res_gate_norm_mod,norm_elementwise,2.486,1
32.25,index_select_rows,layout_copy,0.0305,2
32.25,memcpy HtoD,copies_memset,0.0084,2
32.25,memset,copies_memset,0.0609,69
32.25,mx_binary,norm_elementwise,0.0824,4
32.25,mx_block_copy,layout_copy,4.2403,20
32.25,mx_merge_heads,layout_copy,7.1261,2
32.25,mx_swiglu,norm_elementwise,6.4925,10
32.25,nvjet_sm90_qqtst_128x160_128x5_1x2_h_bz_coopA_algo2_TNT,gemm,16.207,4
32.25,nvjet_sm90_qqtst_128x160_128x5_2x1_v_bz_coopA_algo2_TNT,gemm,8.419,10
32.25,nvjet_sm90_qqtst_144x128_128x6_1x2_h_bz_coopA_algo2_TNN,gemm,15.7589,9
32.25,nvjet_sm90_qqtst_192x96_128x5_2x1_v_bz_coopB_algo2_TNT,gemm,0.275,1
32.25,nvjet_sm90_tst_256x160_64x4_1x2_h_bz_coopA_TNT,gemm,7.1096,1
32.25,sm80_xmma_gemm_f32f32_f32f32_f32_nn_n_tilesize64x128x8_stage3_warpsize1x4x1_ffma_aligna4_alignc4_execute_kernel__5x_cublas,gemm,0.7343,1
32.25,sm80_xmma_gemm_f32f32_f32f32_f32_tn_n_tilesize128x128x8_stage3_warpsize2x2x1_ffma_aligna4_alignc4_execute_kernel__5x_cublas,gemm,0.8555,1
32.25,softmax_last,attention,0.5695,1
32.25,vsa_combine,attention,9.5383,2
32.25,vsa_mma_attn_tma2,attention,96.2696,1
32.25,vsa_tile_mean,attention,2.5006,3
32.25,vsa_tile_qkv,attention,11.7061,3
32.25,vsa_topk2,attention,1.2366,1
32.25,w8a8_quantize,cast_quant,15.1856,22
32.5,amax_abs_mixed,cast_quant,2.6443,26
32.5,bcast_binary,norm_elementwise,0.5114,1
32.5,block_copy,layout_copy,0.0458,3
32.5,cast_bf16_f32_bias_act,cast_quant,0.0091,1
32.5,cast_f32_bf16,cast_quant,6.3742,6
32.5,fa_dc90_fwd_d128,attention,2.1151,1
32.5,fill_f,layout_copy,2.3194,2
32.5,fvf_h3_gate_res_norm_mod,norm_elementwise,2.3551,1
32.5,fvf_split_heads_rows,layout_copy,2.5387,2
32.5,h3_qk_norm_rope,norm_elementwise,14.9135,2
32.5,h3_res_gate_norm_mod,norm_elementwise,4.8439,2
32.5,index_select_rows,layout_copy,0.015,1
32.5,memcpy HtoD,copies_memset,0.0042,1
32.5,memset,copies_memset,0.0699,81
32.5,mx_binary,norm_elementwise,0.0408,2
32.5,mx_block_copy,layout_copy,4.5244,22
32.5,mx_merge_heads,layout_copy,3.5356,1
32.5,mx_swiglu,norm_elementwise,7.5269,12
32.5,nvjet_sm90_qqtst_128x160_128x5_1x2_h_bz_coopA_algo2_TNT,gemm,20.0486,5
32.5,nvjet_sm90_qqtst_128x160_128x5_2x1_v_bz_coopA_algo2_TNT,gemm,9.2349,11
32.5,nvjet_sm90_qqtst_144x128_128x6_1x2_h_bz_coopA_algo2_TNN,gemm,19.2056,11
32.5,nvjet_sm90_qqtst_192x96_128x5_2x1_v_bz_coopB_algo2_TNT,gemm,0.2652,1
32.5,nvjet_sm90_tst_256x160_64x4_1x2_h_bz_coopA_TNT,gemm,7.0754,1
32.5,sm80_xmma_gemm_f32f32_f32f32_f32_nn_n_tilesize64x128x8_stage3_warpsize1x4x1_ffma_aligna4_alignc4_execute_kernel__5x_cublas,gemm,0.6959,1
32.5,sm80_xmma_gemm_f32f32_f32f32_f32_tn_n_tilesize128x128x8_stage3_warpsize2x2x1_ffma_aligna4_alignc4_execute_kernel__5x_cublas,gemm,0.9199,1
32.5,softmax_last,attention,0.5613,1
32.5,vsa_combine,attention,4.7639,1
32.5,vsa_mma_attn_tma2,attention,96.194,1
32.5,vsa_tile_mean,attention,2.578,3
32.5,vsa_tile_qkv,attention,11.7027,3
32.5,vsa_topk2,attention,1.1719,1
32.5,w8a8_quantize,cast_quant,18.8037,26
32.75,amax_abs_mixed,cast_quant,2.7179,31
32.75,bcast_binary,norm_elementwise,0.5264,1
32.75,block_copy,layout_copy,0.0463,3
32.75,cast_bf16_f32_bias_act,cast_quant,0.0092,1
32.75,cast_f32_bf16,cast_quant,6.4493,6
32.75,fa_dc90_fwd_d128,attention,2.1517,1
32.75,fill_f,layout_copy,2.4005,2
32.75,fvf_h3_gate_res_norm_mod,norm_elementwise,2.463,1
32.75,fvf_split_heads_rows,layout_copy,2.5035,2
32.75,h3_qk_norm_rope,norm_elementwise,13.085,2
32.75,h3_res_gate_norm_mod,norm_elementwise,2.4809,1
32.75,index_select_rows,layout_copy,0.0157,1
32.75,memcpy HtoD,copies_memset,0.0042,1
32.75,memset,copies_memset,0.0819,95
32.75,mx_binary,norm_elementwise,0.042,2
32.75,mx_block_copy,layout_copy,5.1002,24
32.75,mx_merge_heads,layout_copy,3.6331,1
32.75,mx_swiglu,norm_elementwise,9.133,14
32.75,nvjet_sm90_qqtst_128x160_128x5_1x2_h_bz_coopA_algo2_TNT,gemm,16.1488,4
32.75,nvjet_sm90_qqtst_128x160_128x5_2x1_v_bz_coopA_algo2_TNT,gemm,11.8871,14
32.75,nvjet_sm90_qqtst_144x128_128x6_1x2_h_bz_coopA_algo2_TNN,gemm,22.7789,13
32.75,nvjet_sm90_qqtst_192x96_128x5_2x1_v_bz_coopB_algo2_TNT,gemm,0.2727,1
32.75,nvjet_sm90_tst_256x160_64x4_1x2_h_bz_coopA_TNT,gemm,7.0695,1
32.75,sm80_xmma_gemm_f32f32_f32f32_f32_nn_n_tilesize64x128x8_stage3_warpsize1x4x1_ffma_aligna4_alignc4_execute_kernel__5x_cublas,gemm,0.7207,1
32.75,sm80_xmma_gemm_f32f32_f32f32_f32_tn_n_tilesize128x128x8_stage3_warpsize2x2x1_ffma_aligna4_alignc4_execute_kernel__5x_cublas,gemm,0.8394,1
32.75,softmax_last,attention,0.57,1
32.75,vsa_combine,attention,4.822,1
32.75,vsa_mma_attn_tma2,attention,96.2032,1
32.75,vsa_tile_mean,attention,2.4799,3
32.75,vsa_tile_qkv,attention,11.9088,3
32.75,vsa_topk2,attention,1.213,1
32.75,w8a8_quantize,cast_quant,19.6553,31
33.0,amax_abs_mixed,cast_quant,2.8489,31
33.0,bcast_binary,norm_elementwise,0.499,1
33.0,block_copy,layout_copy,0.0459,3
33.0,cast_bf16_f32_bias_act,cast_quant,0.009,1
33.0,cast_f32_bf16,cast_quant,6.4155,6
33.0,fa_dc90_fwd_d128,attention,2.1217,1
33.0,fill_f,layout_copy,2.2062,2
33.0,fvf_h3_gate_res_norm_mod,norm_elementwise,4.6887,2
33.0,fvf_split_heads_rows,layout_copy,2.5066,2
33.0,h3_qk_norm_rope,norm_elementwise,13.2641,2
33.0,h3_res_gate_norm_mod,norm_elementwise,2.4279,1
33.0,index_select_rows,layout_copy,0.0151,1
33.0,memcpy HtoD,copies_memset,0.0042,1
33.0,memset,copies_memset,0.0851,96
33.0,mx_binary,norm_elementwise,0.0404,2
33.0,mx_block_copy,layout_copy,6.9612,34
33.0,mx_merge_heads,layout_copy,3.5128,1
33.0,mx_swiglu,norm_elementwise,8.6812,14
33.0,nvjet_sm90_qqtst_128x160_128x5_1x2_h_bz_coopA_algo2_TNT,gemm,16.1135,4
33.0,nvjet_sm90_qqtst_128x160_128x5_2x1_v_bz_coopA_algo2_TNT,gemm,12.283,15
33.0,nvjet_sm90_qqtst_144x128_128x6_1x2_h_bz_coopA_algo2_TNN,gemm,21.1148,12
33.0,nvjet_sm90_qqtst_192x96_128x5_2x1_v_bz_coopB_algo2_TNT,gemm,0.5269,2
33.0,nvjet_sm90_tst_256x160_64x4_1x2_h_bz_coopA_TNT,gemm,7.075,1
33.0,sm80_xmma_gemm_f32f32_f32f32_f32_nn_n_tilesize64x128x8_stage3_warpsize1x4x1_ffma_aligna4_alignc4_execute_kernel__5x_cublas,gemm,0.6606,1
33.0,sm80_xmma_gemm_f32f32_f32f32_f32_tn_n_tilesize128x128x8_stage3_warpsize2x2x1_ffma_aligna4_alignc4_execute_kernel__5x_cublas,gemm,0.8439,1
33.0,softmax_last,attention,0.5537,1
33.0,vsa_combine,attention,4.8216,1
33.0,vsa_mma_attn_tma2,attention,95.3671,1
33.0,vsa_tile_mean,attention,2.4697,3
33.0,vsa_tile_qkv,attention,11.4012,3
33.0,vsa_topk2,attention,1.1138,1
33.0,w8a8_quantize,cast_quant,20.6398,31
33.25,amax_abs_mixed,cast_quant,2.0463,22
33.25,bcast_binary,norm_elementwise,0.527,1
33.25,block_copy,layout_copy,0.0455,3
33.25,cast_bf16_f32_bias_act,cast_quant,0.009,1
33.25,cast_f32_bf16,cast_quant,6.3718,6
33.25,fa_dc90_fwd_d128,attention,2.1322,1
33.25,fill_f,layout_copy,2.2909,2
33.25,fvf_h3_gate_res_norm_mod,norm_elementwise,2.3518,1
33.25,fvf_split_heads_rows,layout_copy,2.4956,2
33.25,h3_qk_norm_rope,norm_elementwise,19.4944,3
33.25,h3_res_gate_norm_mod,norm_elementwise,2.4216,1
33.25,index_select_rows,layout_copy,0.0152,1
33.25,memcpy HtoD,copies_memset,0.0042,1
33.25,memset,copies_memset,0.0622,73
33.25,mx_binary,norm_elementwise,0.041,2
33.25,mx_block_copy,layout_copy,4.1311,20
33.25,mx_merge_heads,layout_copy,3.5351,1
33.25,mx_swiglu,norm_elementwise,6.2938,10
33.25,nvjet_sm90_qqtst_128x160_128x5_1x2_h_bz_coopA_algo2_TNT,gemm,28.2309,7
33.25,nvjet_sm90_qqtst_128x160_128x5_2x1_v_bz_coopA_algo2_TNT,gemm,8.3125,10
33.25,nvjet_sm90_qqtst_144x128_128x6_1x2_h_bz_coopA_algo2_TNN,gemm,15.6717,9
33.25,nvjet_sm90_qqtst_192x96_128x5_2x1_v_bz_coopB_algo2_TNT,gemm,0.264,1
33.25,nvjet_sm90_tst_256x160_64x4_1x2_h_bz_coopA_TNT,gemm,14.1385,2
33.25,sm80_xmma_gemm_f32f32_f32f32_f32_nn_n_tilesize64x128x8_stage3_warpsize1x4x1_ffma_aligna4_alignc4_execute_kernel__5x_cublas,gemm,0.7205,1
33.25,sm80_xmma_gemm_f32f32_f32f32_f32_tn_n_tilesize128x128x8_stage3_warpsize2x2x1_ffma_aligna4_alignc4_execute_kernel__5x_cublas,gemm,0.8405,1
33.25,softmax_last,attention,0.5659,1
33.25,vsa_combine,attention,4.7486,1
33.25,vsa_mma_attn_tma2,attention,96.2437,1
33.25,vsa_tile_mean,attention,2.4799,3
33.25,vsa_tile_qkv,attention,11.7286,3
33.25,vsa_topk2,attention,1.2127,1
33.25,w8a8_quantize,cast_quant,14.6764,22
33.5,amax_abs_mixed,cast_quant,2.0598,22
33.5,bcast_binary,norm_elementwise,0.522,1
33.5,block_copy,layout_copy,0.0463,3
33.5,cast_bf16_f32_bias_act,cast_quant,0.0093,1
33.5,cast_f32_bf16,cast_quant,6.4471,6
33.5,fa_dc90_fwd_d128,attention,2.1488,1
33.5,fill_f,layout_copy,2.2423,2
33.5,fvf_h3_gate_res_norm_mod,norm_elementwise,2.4136,1
33.5,fvf_split_heads_rows,layout_copy,5.0011,4
33.5,h3_qk_norm_rope,norm_elementwise,20.0112,3
33.5,h3_res_gate_norm_mod,norm_elementwise,2.4869,1
33.5,index_select_rows,layout_copy,0.0152,1
33.5,memcpy HtoD,copies_memset,0.0042,1
33.5,memset,copies_memset,0.0582,69
33.5,mx_binary,norm_elementwise,0.042,2
33.5,mx_block_copy,layout_copy,4.2192,20
33.5,mx_merge_heads,layout_copy,3.6331,1
33.5,mx_swiglu,norm_elementwise,6.4674,10
33.5,nvjet_sm90_qqtst_128x160_128x5_1x2_h_bz_coopA_algo2_TNT,gemm,16.0748,4
33.5,nvjet_sm90_qqtst_128x160_128x5_2x1_v_bz_coopA_algo2_TNT,gemm,8.3527,10
33.5,nvjet_sm90_qqtst_144x128_128x6_1x2_h_bz_coopA_algo2_TNN,gemm,15.6928,9
33.5,nvjet_sm90_qqtst_192x96_128x5_2x1_v_bz_coopB_algo2_TNT,gemm,0.2698,1
33.5,nvjet_sm90_tst_256x160_64x4_1x2_h_bz_coopA_TNT,gemm,7.0771,1
33.5,sm80_xmma_gemm_f32f32_f32f32_f32_nn_n_tilesize64x128x8_stage3_warpsize1x4x1_ffma_aligna4_alignc4_execute_kernel__5x_cublas,gemm,0.7614,1
33.5,sm80_xmma_gemm_f32f32_f32f32_f32_tn_n_tilesize128x128x8_stage3_warpsize2x2x1_ffma_aligna4_alignc4_execute_kernel__5x_cublas,gemm,1.6614,2
33.5,softmax_last,attention,1.1346,2
33.5,vsa_combine,attention,4.8193,1
33.5,vsa_mma_attn_tma2,attention,96.5229,1
33.5,vsa_tile_mean,attention,4.96,6
33.5,vsa_tile_qkv,attention,11.4939,3
33.5,vsa_topk2,attention,1.1331,1
33.5,w8a8_quantize,cast_quant,15.1557,22
33.75,amax_abs_mixed,cast_quant,2.0512,22
33.75,bcast_binary,norm_elementwise,1.0494,2
33.75,block_copy,layout_copy,0.0458,3
33.75,cast_bf16_f32_bias_act,cast_quant,0.0092,1
33.75,cast_f32_bf16,cast_quant,6.4401,6
33.75,fa_dc90_fwd_d128,attention,2.1452,1
33.75,fill_f,layout_copy,4.4894,4
33.75,fvf_h3_gate_res_norm_mod,norm_elementwise,2.3532,1
33.75,fvf_split_heads_rows,layout_copy,2.513,2
33.75,h3_qk_norm_rope,norm_elementwise,13.7529,2
33.75,h3_res_gate_norm_mod,norm_elementwise,2.415,1
33.75,index_select_rows,layout_copy,0.0156,1
33.75,memcpy HtoD,copies_memset,0.0042,1
33.75,memset,copies_memset,0.0611,69
33.75,mx_binary,norm_elementwise,0.0417,2
33.75,mx_block_copy,layout_copy,4.1355,20
33.75,mx_merge_heads,layout_copy,3.6284,1
33.75,mx_swiglu,norm_elementwise,6.3067,10
33.75,nvjet_sm90_qqtst_128x160_128x5_1x2_h_bz_coopA_algo2_TNT,gemm,16.1222,4
33.75,nvjet_sm90_qqtst_128x160_128x5_2x1_v_bz_coopA_algo2_TNT,gemm,8.3396,10
33.75,nvjet_sm90_qqtst_144x128_128x6_1x2_h_bz_coopA_algo2_TNN,gemm,15.714,9
33.75,nvjet_sm90_qqtst_192x96_128x5_2x1_v_bz_coopB_algo2_TNT,gemm,0.2639,1
33.75,nvjet_sm90_tst_256x160_64x4_1x2_h_bz_coopA_TNT,gemm,7.0822,1
33.75,sm80_xmma_gemm_f32f32_f32f32_f32_nn_n_tilesize64x128x8_stage3_warpsize1x4x1_ffma_aligna4_alignc4_execute_kernel__5x_cublas,gemm,1.4082,2
33.75,sm80_xmma_gemm_f32f32_f32f32_f32_tn_n_tilesize128x128x8_stage3_warpsize2x2x1_ffma_aligna4_alignc4_execute_kernel__5x_cublas,gemm,0.8543,1
33.75,softmax_last,attention,0.5772,1
33.75,vsa_combine,attention,4.8176,1
33.75,vsa_mma_attn_tma2,attention,193.0537,2
33.75,vsa_tile_mean,attention,2.5039,3
33.75,vsa_tile_qkv,attention,23.212,6
33.75,vsa_topk2,attention,2.3968,2
33.75,w8a8_quantize,cast_quant,14.7952,22
34.0,amax_abs_mixed,cast_quant,2.0487,22
34.0,bcast_binary,norm_elementwise,0.5093,1
34.0,block_copy,layout_copy,0.0451,3
34.0,cast_bf16_f32_bias_act,cast_quant,0.009,1
34.0,cast_f32_bf16,cast_quant,6.3521,6
34.0,fa_dc90_fwd_d128,attention,2.1177,1
34.0,fill_f,layout_copy,2.2182,2
34.0,fvf_h3_gate_res_norm_mod,norm_elementwise,2.3563,1
34.0,fvf_split_heads_rows,layout_copy,2.4919,2
34.0,h3_qk_norm_rope,norm_elementwise,13.2415,2
34.0,h3_res_gate_norm_mod,norm_elementwise,2.4205,1
34.0,index_select_rows,layout_copy,0.0154,1
34.0,memcpy HtoD,copies_memset,0.0042,1
34.0,memset,copies_memset,0.0628,69
34.0,mx_binary,norm_elementwise,0.0407,2
34.0,mx_block_copy,layout_copy,4.1201,20
34.0,mx_merge_heads,layout_copy,3.5132,1
34.0,mx_swiglu,norm_elementwise,6.265,10
34.0,nvjet_sm90_qqtst_128x160_128x5_1x2_h_bz_coopA_algo2_TNT,gemm,16.0867,4
34.0,nvjet_sm90_qqtst_128x160_128x5_2x1_v_bz_coopA_algo2_TNT,gemm,8.3338,10
34.0,nvjet_sm90_qqtst_144x128_128x6_1x2_h_bz_coopA_algo2_TNN,gemm,15.8179,9
34.0,nvjet_sm90_qqtst_192x96_128x5_2x1_v_bz_coopB_algo2_TNT,gemm,0.2668,1
34.0,nvjet_sm90_tst_256x160_64x4_1x2_h_bz_coopA_TNT,gemm,7.1358,1
34.0,sm80_xmma_gemm_f32f32_f32f32_f32_nn_n_tilesize64x128x8_stage3_warpsize1x4x1_ffma_aligna4_alignc4_execute_kernel__5x_cublas,gemm,0.6887,1
34.0,sm80_xmma_gemm_f32f32_f32f32_f32_tn_n_tilesize128x128x8_stage3_warpsize2x2x1_ffma_aligna4_alignc4_execute_kernel__5x_cublas,gemm,0.8072,1
34.0,softmax_last,attention,0.5604,1
34.0,vsa_combine,attention,4.7327,1
34.0,vsa_mma_attn_tma2,attention,94.2848,1
34.0,vsa_tile_mean,attention,2.4387,3
34.0,vsa_tile_qkv,attention,11.6434,3
34.0,vsa_topk2,attention,1.162,1
34.0,w8a8_quantize,cast_quant,14.644,22
34.25,amax_abs_mixed,cast_quant,2.0589,22
34.25,bcast_binary,norm_elementwise,0.5626,1
34.25,block_copy,layout_copy,0.0457,3
34.25,cast_bf16_f32_bias_act,cast_quant,0.0091,1
34.25,cast_f32_bf16,cast_quant,6.386,6
34.25,fa_dc90_fwd_d128,attention,2.1144,1
34.25,fill_f,layout_copy,2.447,2
34.25,fvf_h3_gate_res_norm_mod,norm_elementwise,2.4476,1
34.25,fvf_split_heads_rows,layout_copy,2.532,2
34.25,h3_qk_norm_rope,norm_elementwise,14.2591,2
34.25,h3_res_gate_norm_mod,norm_elementwise,2.4391,1
34.25,index_select_rows,layout_copy,0.015,1
34.25,memcpy HtoD,copies_memset,0.0042,1
34.25,memset,copies_memset,0.0593,69
34.25,mx_binary,norm_elementwise,0.0409,2
34.25,mx_block_copy,layout_copy,4.2164,20
34.25,mx_merge_heads,layout_copy,3.5579,1
34.25,mx_swiglu,norm_elementwise,6.4034,10
34.25,nvjet_sm90_qqtst_128x160_128x5_1x2_h_bz_coopA_algo2_TNT,gemm,16.2525,4
34.25,nvjet_sm90_qqtst_128x160_128x5_2x1_v_bz_coopA_algo2_TNT,gemm,8.3605,10
34.25,nvjet_sm90_qqtst_144x128_128x6_1x2_h_bz_coopA_algo2_TNN,gemm,15.7657,9
34.25,nvjet_sm90_qqtst_192x96_128x5_2x1_v_bz_coopB_algo2_TNT,gemm,0.2723,1
34.25,nvjet_sm90_tst_256x160_64x4_1x2_h_bz_coopA_TNT,gemm,7.0776,1
34.25,sm80_xmma_gemm_f32f32_f32f32_f32_nn_n_tilesize64x128x8_stage3_warpsize1x4x1_ffma_aligna4_alignc4_execute_kernel__5x_cublas,gemm,0.7922,1
34.25,sm80_xmma_gemm_f32f32_f32f32_f32_tn_n_tilesize128x128x8_stage3_warpsize2x2x1_ffma_aligna4_alignc4_execute_kernel__5x_cublas,gemm,0.9156,1
34.25,softmax_last,attention,0.5867,1
34.25,vsa_combine,attention,4.765,1
34.25,vsa_mma_attn_tma2,attention,97.2155,1
34.25,vsa_tile_mean,attention,2.6146,3
34.25,vsa_tile_qkv,attention,12.2729,3
34.25,vsa_topk2,attention,1.333,1
34.25,w8a8_quantize,cast_quant,14.9746,22
34.5,amax_abs_mixed,cast_quant,2.0547,22
34.5,bcast_binary,norm_elementwise,0.4943,1
34.5,block_copy,layout_copy,0.0536,7
34.5,cast_bf16_f32_bias_act,cast_quant,3.7,7
34.5,cast_f32_bf16,cast_quant,8.1473,14
34.5,fa_dc90_fwd_d128,attention,2.1574,1
34.5,fill_f,layout_copy,2.0955,2
34.5,fvf_split_heads_rows,layout_copy,2.4783,2
34.5,h3_gate_residual,norm_elementwise,2.9276,1
34.5,h3_norm_mod,norm_elementwise,1.6957,1
34.5,h3_qk_norm_rope,norm_elementwise,11.974,2
34.5,h3_res_gate_norm_mod,norm_elementwise,2.4868,1
34.5,index_select_rows,layout_copy,0.0155,1
34.5,lincomb3,norm_elementwise,0.0807,4
34.5,memcpy HtoD,copies_memset,3.236,2
34.5,memset,copies_memset,0.0616,71
34.5,mx_binary,norm_elementwise,5.1146,6
34.5,mx_block_copy,layout_copy,8.5396,25
34.5,mx_merge_heads,layout_copy,3.6333,1
34.5,mx_rms_norm,norm_elementwise,1.2704,2
34.5,mx_swiglu,norm_elementwise,6.4286,10
34.5,nvjet_sm90_qqtst_128x160_128x5_1x2_h_bz_coopA_algo2_TNT,gemm,15.7611,4
34.5,nvjet_sm90_qqtst_128x160_128x5_2x1_v_bz_coopA_algo2_TNT,gemm,8.4005,10
34.5,nvjet_sm90_qqtst_144x128_128x6_1x2_h_bz_coopA_algo2_TNN,gemm,15.8332,9
34.5,nvjet_sm90_qqtst_192x96_128x5_2x1_v_bz_coopB_algo2_TNT,gemm,0.2683,1
34.5,nvjet_sm90_tst_128x144_64x6_2x1_v_bz_TNT,gemm,0.0047,1
34.5,nvjet_sm90_tst_192x192_64x4_2x1_v_bz_coopB_TNN,gemm,0.2994,1
34.5,nvjet_sm90_tst_256x160_64x4_1x2_h_bz_coopA_TNT,gemm,6.7717,1
34.5,nvjet_sm90_tst_32x64_64x16_1x4_h_bz_splitK_TNN,gemm,0.0049,1
34.5,nvjet_sm90_tst_96x192_64x5_1x2_h_bz_TNN,gemm,0.2944,1
34.5,sm80_xmma_gemm_f32f32_f32f32_f32_nn_n_tilesize64x128x8_stage3_warpsize1x4x1_ffma_aligna4_alignc4_execute_kernel__5x_cublas,gemm,0.651,1
34.5,sm80_xmma_gemm_f32f32_f32f32_f32_tn_n_tilesize128x128x8_stage3_warpsize2x2x1_ffma_aligna4_alignc4_execute_kernel__5x_cublas,gemm,0.7666,1
34.5,softmax_last,attention,0.5481,1
34.5,"cublasLt::splitKreduce_kernel<(int)32, (int)16, int, float, __nv_bfloat16, float, __nv_bfloat16, (bool)0, float, __nv_bfloat16, __nv_bfloat16, (bool)1, (bool)0,…",gemm,0.0019,1
34.5,vsa_combine,attention,4.8204,1
34.5,vsa_mma_attn_tma2,attention,93.7819,1
34.5,vsa_tile_mean,attention,2.4003,3
34.5,vsa_tile_qkv,attention,11.1155,3
34.5,vsa_topk2,attention,1.085,1
34.5,w8a8_quantize,cast_quant,14.9254,22
34.75,amax_abs_mixed,cast_quant,2.0571,22
34.75,bcast_binary,norm_elementwise,0.5092,1
34.75,block_copy,layout_copy,0.0455,3
34.75,cast_bf16_f32_bias_act,cast_quant,0.009,1
34.75,cast_f32_bf16,cast_quant,6.383,6
34.75,fa_dc90_fwd_d128,attention,2.134,1
34.75,fill_f,layout_copy,2.2229,2
34.75,fvf_h3_gate_res_norm_mod,norm_elementwise,2.4298,1
34.75,fvf_split_heads_rows,layout_copy,2.4882,2
34.75,h3_qk_norm_rope,norm_elementwise,13.129,2
34.75,h3_res_gate_norm_mod,norm_elementwise,2.4242,1
34.75,index_select_rows,layout_copy,0.0156,1
34.75,memcpy HtoD,copies_memset,0.0048,1
34.75,memset,copies_memset,0.0613,69
34.75,mx_binary,norm_elementwise,0.041,2
34.75,mx_block_copy,layout_copy,4.211,20
34.75,mx_merge_heads,layout_copy,3.5358,1
34.75,mx_swiglu,norm_elementwise,6.4186,10
34.75,nvjet_sm90_qqtst_128x160_128x5_1x2_h_bz_coopA_algo2_TNT,gemm,15.7801,4
34.75,nvjet_sm90_qqtst_128x160_128x5_2x1_v_bz_coopA_algo2_TNT,gemm,8.3142,10
34.75,nvjet_sm90_qqtst_144x128_128x6_1x2_h_bz_coopA_algo2_TNN,gemm,15.8625,9
34.75,nvjet_sm90_qqtst_192x96_128x5_2x1_v_bz_coopB_algo2_TNT,gemm,0.2679,1
34.75,nvjet_sm90_tst_256x160_64x4_1x2_h_bz_coopA_TNT,gemm,7.0355,1
34.75,sm80_xmma_gemm_f32f32_f32f32_f32_nn_n_tilesize64x128x8_stage3_warpsize1x4x1_ffma_aligna4_alignc4_execute_kernel__5x_cublas,gemm,0.6832,1
34.75,sm80_xmma_gemm_f32f32_f32f32_f32_tn_n_tilesize128x128x8_stage3_warpsize2x2x1_ffma_aligna4_alignc4_execute_kernel__5x_cublas,gemm,0.8023,1
34.75,softmax_last,attention,0.5582,1
34.75,vsa_combine,attention,4.7497,1
34.75,vsa_mma_attn_tma2,attention,96.4619,1
34.75,vsa_tile_mean,attention,2.4316,3
34.75,vsa_tile_qkv,attention,11.3471,3
34.75,vsa_topk2,attention,1.1488,1
34.75,w8a8_quantize,cast_quant,14.9788,22
35.0,amax_abs_mixed,cast_quant,2.0569,22
35.0,bcast_binary,norm_elementwise,0.536,1
35.0,block_copy,layout_copy,0.0466,3
35.0,cast_bf16_f32_bias_act,cast_quant,0.0093,1
35.0,cast_f32_bf16,cast_quant,6.4614,6
35.0,fa_dc90_fwd_d128,attention,2.1708,1
35.0,fill_f,layout_copy,2.338,2
35.0,fvf_h3_gate_res_norm_mod,norm_elementwise,2.4159,1
35.0,fvf_split_heads_rows,layout_copy,2.5122,2
35.0,h3_qk_norm_rope,norm_elementwise,13.247,2
35.0,h3_res_gate_norm_mod,norm_elementwise,2.4767,1
35.0,index_select_rows,layout_copy,0.0154,1
35.0,memcpy HtoD,copies_memset,0.0048,1
35.0,memset,copies_memset,0.0636,69
35.0,mx_binary,norm_elementwise,0.0418,2
35.0,mx_block_copy,layout_copy,4.222,20
35.0,mx_merge_heads,layout_copy,3.633,1
35.0,mx_swiglu,norm_elementwise,6.4705,10
35.0,nvjet_sm90_qqtst_128x160_128x5_1x2_h_bz_coopA_algo2_TNT,gemm,15.8306,4
35.0,nvjet_sm90_qqtst_128x160_128x5_2x1_v_bz_coopA_algo2_TNT,gemm,8.3837,10
35.0,nvjet_sm90_qqtst_144x128_128x6_1x2_h_bz_coopA_algo2_TNN,gemm,15.6934,9
35.0,nvjet_sm90_qqtst_192x96_128x5_2x1_v_bz_coopB_algo2_TNT,gemm,0.2684,1
35.0,nvjet_sm90_tst_256x160_64x4_1x2_h_bz_coopA_TNT,gemm,6.8435,1
35.0,sm80_xmma_gemm_f32f32_f32f32_f32_nn_n_tilesize64x128x8_stage3_warpsize1x4x1_ffma_aligna4_alignc4_execute_kernel__5x_cublas,gemm,0.7411,1
35.0,sm80_xmma_gemm_f32f32_f32f32_f32_tn_n_tilesize128x128x8_stage3_warpsize2x2x1_ffma_aligna4_alignc4_execute_kernel__5x_cublas,gemm,0.8629,1
35.0,softmax_last,attention,0.568,1
35.0,vsa_combine,attention,4.8211,1
35.0,vsa_mma_attn_tma2,attention,96.6421,1
35.0,vsa_tile_mean,attention,2.5101,3
35.0,vsa_tile_qkv,attention,11.6009,3
35.0,vsa_topk2,attention,1.2424,1
35.0,w8a8_quantize,cast_quant,15.1025,22
35.25,amax_abs_mixed,cast_quant,2.044,22
35.25,bcast_binary,norm_elementwise,0.49,1
35.25,block_copy,layout_copy,0.0458,3
35.25,cast_bf16_f32_bias_act,cast_quant,0.0088,1
35.25,cast_f32_bf16,cast_quant,6.3524,6
35.25,fa_dc90_fwd_d128,attention,2.1303,1
35.25,fill_f,layout_copy,2.1939,2
35.25,fvf_h3_gate_res_norm_mod,norm_elementwise,2.3315,1
35.25,fvf_split_heads_rows,layout_copy,2.4767,2
35.25,h3_qk_norm_rope,norm_elementwise,12.3029,2
35.25,h3_res_gate_norm_mod,norm_elementwise,2.4083,1
35.25,index_select_rows,layout_copy,0.0153,1
35.25,memcpy HtoD,copies_memset,0.005,1
35.25,memset,copies_memset,0.0566,69
35.25,mx_binary,norm_elementwise,0.0406,2
35.25,mx_block_copy,layout_copy,4.0839,20
35.25,mx_merge_heads,layout_copy,3.4919,1
35.25,mx_swiglu,norm_elementwise,6.1818,10
35.25,nvjet_sm90_qqtst_128x160_128x5_1x2_h_bz_coopA_algo2_TNT,gemm,15.796,4
35.25,nvjet_sm90_qqtst_128x160_128x5_2x1_v_bz_coopA_algo2_TNT,gemm,8.3715,10
35.25,nvjet_sm90_qqtst_144x128_128x6_1x2_h_bz_coopA_algo2_TNN,gemm,15.6725,9
35.25,nvjet_sm90_qqtst_192x96_128x5_2x1_v_bz_coopB_algo2_TNT,gemm,0.264,1
35.25,nvjet_sm90_tst_256x160_64x4_1x2_h_bz_coopA_TNT,gemm,6.8234,1
35.25,sm80_xmma_gemm_f32f32_f32f32_f32_nn_n_tilesize64x128x8_stage3_warpsize1x4x1_ffma_aligna4_alignc4_execute_kernel__5x_cublas,gemm,0.6415,1
35.25,sm80_xmma_gemm_f32f32_f32f32_f32_tn_n_tilesize128x128x8_stage3_warpsize2x2x1_ffma_aligna4_alignc4_execute_kernel__5x_cublas,gemm,0.7552,1
35.25,softmax_last,attention,0.5487,1
35.25,vsa_combine,attention,4.7166,1
35.25,vsa_mma_attn_tma2,attention,95.281,1
35.25,vsa_tile_mean,attention,2.3922,3
35.25,vsa_tile_qkv,attention,11.3698,3
35.25,vsa_topk2,attention,1.0782,1
35.25,w8a8_quantize,cast_quant,14.4656,22
35.5,amax_abs_mixed,cast_quant,2.0573,22
35.5,bcast_binary,norm_elementwise,0.4982,1
35.5,block_copy,layout_copy,0.0624,4
35.5,cast_bf16_f32_bias_act,cast_quant,0.0089,1
35.5,cast_f32_bf16,cast_quant,10.6637,9
35.5,fa_dc90_fwd_d128,attention,4.2778,2
35.5,fill_f,layout_copy,2.2072,2
35.5,fvf_h3_gate_res_norm_mod,norm_elementwise,2.4814,1
35.5,fvf_split_heads_rows,layout_copy,2.482,2
35.5,h3_qk_norm_rope,norm_elementwise,12.7929,2
35.5,h3_res_gate_norm_mod,norm_elementwise,2.4197,1
35.5,index_select_rows,layout_copy,0.0153,1
35.5,memcpy HtoD,copies_memset,0.0048,1
35.5,memset,copies_memset,0.0599,69
35.5,mx_binary,norm_elementwise,0.0407,2
35.5,mx_block_copy,layout_copy,4.2182,20
35.5,mx_merge_heads,layout_copy,3.5135,1
35.5,mx_swiglu,norm_elementwise,6.3355,10
35.5,nvjet_sm90_qqtst_128x160_128x5_1x2_h_bz_coopA_algo2_TNT,gemm,15.807,4
35.5,nvjet_sm90_qqtst_128x160_128x5_2x1_v_bz_coopA_algo2_TNT,gemm,8.3426,10
35.5,nvjet_sm90_qqtst_144x128_128x6_1x2_h_bz_coopA_algo2_TNN,gemm,15.6292,9
35.5,nvjet_sm90_qqtst_192x96_128x5_2x1_v_bz_coopB_algo2_TNT,gemm,0.2665,1
35.5,nvjet_sm90_tst_256x160_64x4_1x2_h_bz_coopA_TNT,gemm,6.9095,1
35.5,sm80_xmma_gemm_f32f32_f32f32_f32_nn_n_tilesize64x128x8_stage3_warpsize1x4x1_ffma_aligna4_alignc4_execute_kernel__5x_cublas,gemm,0.6624,1
35.5,sm80_xmma_gemm_f32f32_f32f32_f32_tn_n_tilesize128x128x8_stage3_warpsize2x2x1_ffma_aligna4_alignc4_execute_kernel__5x_cublas,gemm,0.778,1
35.5,softmax_last,attention,0.5545,1
35.5,vsa_combine,attention,9.5506,2
35.5,vsa_mma_attn_tma2,attention,95.0954,1
35.5,vsa_tile_mean,attention,2.4103,3
35.5,vsa_tile_qkv,attention,11.4064,3
35.5,vsa_topk2,attention,1.1123,1
35.5,w8a8_quantize,cast_quant,14.8637,22
35.75,amax_abs_mixed,cast_quant,2.5169,24
35.75,bcast_binary,norm_elementwise,0.5474,1
35.75,block_copy,layout_copy,0.076,5
35.75,cast_bf16_f32_bias_act,cast_quant,0.0184,2
35.75,cast_f32_bf16,cast_quant,8.6167,9
35.75,fa_dc90_fwd_d128,attention,2.1415,1
35.75,fill_f,layout_copy,2.3841,2
35.75,fvf_h3_gate_res_norm_mod,norm_elementwise,2.3711,1
35.75,fvf_split_heads_rows,layout_copy,2.5005,2
35.75,h3_qk_norm_rope,norm_elementwise,12.333,2
35.75,h3_res_gate_norm_mod,norm_elementwise,4.8875,2
35.75,index_select_rows,layout_copy,0.0311,2
35.75,memcpy HtoD,copies_memset,0.0097,2
35.75,memset,copies_memset,0.0667,75
35.75,mx_binary,norm_elementwise,0.0838,4
35.75,mx_block_copy,layout_copy,4.3775,21
35.75,mx_merge_heads,layout_copy,7.1427,2
35.75,mx_swiglu,norm_elementwise,6.402,10
35.75,nvjet_sm90_qqtst_128x160_128x5_1x2_h_bz_coopA_algo2_TNT,gemm,19.7515,5
35.75,nvjet_sm90_qqtst_128x160_128x5_2x1_v_bz_coopA_algo2_TNT,gemm,8.3589,10
35.75,nvjet_sm90_qqtst_144x128_128x6_1x2_h_bz_coopA_algo2_TNN,gemm,17.3638,10
35.75,nvjet_sm90_qqtst_192x96_128x5_2x1_v_bz_coopB_algo2_TNT,gemm,0.2679,1
35.75,nvjet_sm90_tst_256x160_64x4_1x2_h_bz_coopA_TNT,gemm,6.8293,1
35.75,sm80_xmma_gemm_f32f32_f32f32_f32_nn_n_tilesize64x128x8_stage3_warpsize1x4x1_ffma_aligna4_alignc4_execute_kernel__5x_cublas,gemm,0.767,1
35.75,sm80_xmma_gemm_f32f32_f32f32_f32_tn_n_tilesize128x128x8_stage3_warpsize2x2x1_ffma_aligna4_alignc4_execute_kernel__5x_cublas,gemm,0.8898,1
35.75,softmax_last,attention,0.5769,1
35.75,vsa_combine,attention,4.8177,1
35.75,vsa_mma_attn_tma2,attention,97.8194,1
35.75,vsa_tile_mean,attention,2.5528,3
35.75,vsa_tile_qkv,attention,11.5883,3
35.75,vsa_topk2,attention,1.2818,1
35.75,w8a8_quantize,cast_quant,18.3358,24
36.0,amax_abs_mixed,cast_quant,2.7489,32
36.0,bcast_binary,norm_elementwise,0.5038,1
36.0,block_copy,layout_copy,0.0458,3
36.0,cast_bf16_f32_bias_act,cast_quant,0.009,1
36.0,cast_f32_bf16,cast_quant,6.3671,6
36.0,fa_dc90_fwd_d128,attention,2.1373,1
36.0,fill_f,layout_copy,2.2134,2
36.0,fvf_h3_gate_res_norm_mod,norm_elementwise,2.328,1
36.0,fvf_split_heads_rows,layout_copy,2.4848,2
36.0,h3_qk_norm_rope,norm_elementwise,12.6984,2
36.0,h3_res_gate_norm_mod,norm_elementwise,2.4083,1
36.0,index_select_rows,layout_copy,0.0154,1
36.0,memcpy HtoD,copies_memset,0.0047,1
36.0,memset,copies_memset,0.0886,99
36.0,mx_binary,norm_elementwise,0.0405,2
36.0,mx_block_copy,layout_copy,5.1766,25
36.0,mx_merge_heads,layout_copy,3.5125,1
36.0,mx_swiglu,norm_elementwise,10.3101,16
36.0,nvjet_sm90_qqtst_128x160_128x5_1x2_h_bz_coopA_algo2_TNT,gemm,15.8399,4
36.0,nvjet_sm90_qqtst_128x160_128x5_2x1_v_bz_coopA_algo2_TNT,gemm,12.7124,15
36.0,nvjet_sm90_qqtst_144x128_128x6_1x2_h_bz_coopA_algo2_TNN,gemm,24.309,14
36.0,nvjet_sm90_qqtst_192x96_128x5_2x1_v_bz_coopB_algo2_TNT,gemm,0.2618,1
36.0,nvjet_sm90_tst_256x160_64x4_1x2_h_bz_coopA_TNT,gemm,6.8382,1
36.0,sm80_xmma_gemm_f32f32_f32f32_f32_nn_n_tilesize64x128x8_stage3_warpsize1x4x1_ffma_aligna4_alignc4_execute_kernel__5x_cublas,gemm,0.6714,1
36.0,sm80_xmma_gemm_f32f32_f32f32_f32_tn_n_tilesize128x128x8_stage3_warpsize2x2x1_ffma_aligna4_alignc4_execute_kernel__5x_cublas,gemm,0.7592,1
36.0,softmax_last,attention,0.5576,1
36.0,vsa_combine,attention,4.731,1
36.0,vsa_mma_attn_tma2,attention,95.2668,1
36.0,vsa_tile_mean,attention,2.3989,3
36.0,vsa_tile_qkv,attention,11.4995,3
36.0,vsa_topk2,attention,1.1297,1
36.0,w8a8_quantize,cast_quant,19.3633,32
36.25,amax_abs_mixed,cast_quant,2.9452,32
36.25,bcast_binary,norm_elementwise,0.4963,1
36.25,block_copy,layout_copy,0.0465,3
36.25,cast_bf16_f32_bias_act,cast_quant,0.0092,1
36.25,cast_f32_bf16,cast_quant,6.4585,6
36.25,fa_dc90_fwd_d128,attention,2.1698,1
36.25,fill_f,layout_copy,2.1345,2
36.25,fvf_h3_gate_res_norm_mod,norm_elementwise,4.7262,2
36.25,fvf_split_heads_rows,layout_copy,2.4813,2
36.25,h3_qk_norm_rope,norm_elementwise,12.6258,2
36.25,h3_res_gate_norm_mod,norm_elementwise,2.4738,1
36.25,index_select_rows,layout_copy,0.0156,1
36.25,memcpy HtoD,copies_memset,0.0045,1
36.25,memset,copies_memset,0.0898,98
36.25,mx_binary,norm_elementwise,0.0416,2
36.25,mx_block_copy,layout_copy,7.0087,34
36.25,mx_merge_heads,layout_copy,3.6272,1
36.25,mx_swiglu,norm_elementwise,8.7012,14
36.25,nvjet_sm90_qqtst_128x160_128x5_1x2_h_bz_coopA_algo2_TNT,gemm,15.7985,4
36.25,nvjet_sm90_qqtst_128x160_128x5_2x1_v_bz_coopA_algo2_TNT,gemm,12.3647,15
36.25,nvjet_sm90_qqtst_144x128_128x6_1x2_h_bz_coopA_algo2_TNN,gemm,20.8349,12
36.25,nvjet_sm90_qqtst_192x96_128x5_2x1_v_bz_coopB_algo2_TNT,gemm,0.5357,2
36.25,nvjet_sm90_tst_256x160_64x4_1x2_h_bz_coopA_TNT,gemm,6.838,1
36.25,sm80_xmma_gemm_f32f32_f32f32_f32_nn_n_tilesize64x128x8_stage3_warpsize1x4x1_ffma_aligna4_alignc4_execute_kernel__5x_cublas,gemm,0.6571,1
36.25,sm80_xmma_gemm_f32f32_f32f32_f32_tn_n_tilesize128x128x8_stage3_warpsize2x2x1_ffma_aligna4_alignc4_execute_kernel__5x_cublas,gemm,0.7714,1
36.25,softmax_last,attention,0.5524,1
36.25,vsa_combine,attention,4.8171,1
36.25,vsa_mma_attn_tma2,attention,94.48,1
36.25,vsa_tile_mean,attention,2.406,3
36.25,vsa_tile_qkv,attention,11.3163,3
36.25,vsa_topk2,attention,1.1056,1
36.25,w8a8_quantize,cast_quant,21.4614,32
36.5,amax_abs_mixed,cast_quant,2.0644,22
36.5,bcast_binary,norm_elementwise,0.536,1
36.5,block_copy,layout_copy,0.0464,3
36.5,cast_bf16_f32_bias_act,cast_quant,0.0092,1
36.5,cast_f32_bf16,cast_quant,6.4633,6
36.5,fa_dc90_fwd_d128,attention,2.1691,1
36.5,fill_f,layout_copy,2.3371,2
36.5,fvf_h3_gate_res_norm_mod,norm_elementwise,2.3964,1
36.5,fvf_split_heads_rows,layout_copy,2.5093,2
36.5,h3_qk_norm_rope,norm_elementwise,13.892,2
36.5,h3_res_gate_norm_mod,norm_elementwise,2.4725,1
36.5,index_select_rows,layout_copy,0.0158,1
36.5,memcpy HtoD,copies_memset,0.0048,1
36.5,memset,copies_memset,0.0657,73
36.5,mx_binary,norm_elementwise,0.042,2
36.5,mx_block_copy,layout_copy,4.2159,20
36.5,mx_merge_heads,layout_copy,3.6323,1
36.5,mx_swiglu,norm_elementwise,6.4604,10
36.5,nvjet_sm90_qqtst_128x160_128x5_1x2_h_bz_coopA_algo2_TNT,gemm,27.8665,7
36.5,nvjet_sm90_qqtst_128x160_128x5_2x1_v_bz_coopA_algo2_TNT,gemm,8.3994,10
36.5,nvjet_sm90_qqtst_144x128_128x6_1x2_h_bz_coopA_algo2_TNN,gemm,15.6469,9
36.5,nvjet_sm90_qqtst_192x96_128x5_2x1_v_bz_coopB_algo2_TNT,gemm,0.2684,1
36.5,nvjet_sm90_tst_256x160_64x4_1x2_h_bz_coopA_TNT,gemm,13.6972,2
36.5,sm80_xmma_gemm_f32f32_f32f32_f32_nn_n_tilesize64x128x8_stage3_warpsize1x4x1_ffma_aligna4_alignc4_execute_kernel__5x_cublas,gemm,0.7394,1
36.5,sm80_xmma_gemm_f32f32_f32f32_f32_tn_n_tilesize128x128x8_stage3_warpsize2x2x1_ffma_aligna4_alignc4_execute_kernel__5x_cublas,gemm,0.8558,1
36.5,softmax_last,attention,0.57,1
36.5,vsa_combine,attention,4.822,1
36.5,vsa_mma_attn_tma2,attention,95.9866,1
36.5,vsa_tile_mean,attention,2.5104,3
36.5,vsa_tile_qkv,attention,11.8109,3
36.5,vsa_topk2,attention,1.243,1
36.5,w8a8_quantize,cast_quant,15.147,22
36.75,amax_abs_mixed,cast_quant,2.0452,22
36.75,bcast_binary,norm_elementwise,1.0693,2
36.75,block_copy,layout_copy,0.0457,3
36.75,cast_bf16_f32_bias_act,cast_quant,0.009,1
36.75,cast_f32_bf16,cast_quant,6.3506,6
36.75,fa_dc90_fwd_d128,attention,2.1383,1
36.75,fill_f,layout_copy,2.207,2
36.75,fvf_h3_gate_res_norm_mod,norm_elementwise,2.3579,1
36.75,fvf_split_heads_rows,layout_copy,5.0285,4
36.75,h3_qk_norm_rope,norm_elementwise,26.7027,4
36.75,h3_res_gate_norm_mod,norm_elementwise,2.4029,1
36.75,index_select_rows,layout_copy,0.0151,1
36.75,memcpy HtoD,copies_memset,0.0048,1
36.75,memset,copies_memset,0.0588,69
36.75,mx_binary,norm_elementwise,0.0405,2
36.75,mx_block_copy,layout_copy,4.1308,20
36.75,mx_merge_heads,layout_copy,3.4924,1
36.75,mx_swiglu,norm_elementwise,6.2652,10
36.75,nvjet_sm90_qqtst_128x160_128x5_1x2_h_bz_coopA_algo2_TNT,gemm,15.8427,4
36.75,nvjet_sm90_qqtst_128x160_128x5_2x1_v_bz_coopA_algo2_TNT,gemm,8.3349,10
36.75,nvjet_sm90_qqtst_144x128_128x6_1x2_h_bz_coopA_algo2_TNN,gemm,15.6257,9
36.75,nvjet_sm90_qqtst_192x96_128x5_2x1_v_bz_coopB_algo2_TNT,gemm,0.2659,1
36.75,nvjet_sm90_tst_256x160_64x4_1x2_h_bz_coopA_TNT,gemm,6.8447,1
36.75,sm80_xmma_gemm_f32f32_f32f32_f32_nn_n_tilesize64x128x8_stage3_warpsize1x4x1_ffma_aligna4_alignc4_execute_kernel__5x_cublas,gemm,1.4702,2
36.75,sm80_xmma_gemm_f32f32_f32f32_f32_tn_n_tilesize128x128x8_stage3_warpsize2x2x1_ffma_aligna4_alignc4_execute_kernel__5x_cublas,gemm,1.7091,2
36.75,softmax_last,attention,1.1455,2
36.75,vsa_combine,attention,4.7714,1
36.75,vsa_mma_attn_tma2,attention,96.5142,1
36.75,vsa_tile_mean,attention,5.0627,6
36.75,vsa_tile_qkv,attention,11.405,3
36.75,vsa_topk2,attention,2.4674,2
36.75,w8a8_quantize,cast_quant,14.6094,22
37.0,amax_abs_mixed,cast_quant,2.0499,22
37.0,bcast_binary,norm_elementwise,0.5083,1
37.0,block_copy,layout_copy,0.0463,3
37.0,cast_bf16_f32_bias_act,cast_quant,0.009,1
37.0,cast_f32_bf16,cast_quant,6.386,6
37.0,fa_dc90_fwd_d128,attention,2.1152,1
37.0,fill_f,layout_copy,4.6186,4
37.0,fvf_h3_gate_res_norm_mod,norm_elementwise,2.4607,1
37.0,fvf_split_heads_rows,layout_copy,2.4896,2
37.0,h3_qk_norm_rope,norm_elementwise,13.129,2
37.0,h3_res_gate_norm_mod,norm_elementwise,2.4193,1
37.0,index_select_rows,layout_copy,0.0154,1
37.0,memcpy HtoD,copies_memset,0.0045,1
37.0,memset,copies_memset,0.0608,69
37.0,mx_binary,norm_elementwise,0.0408,2
37.0,mx_block_copy,layout_copy,4.147,20
37.0,mx_merge_heads,layout_copy,3.5343,1
37.0,mx_swiglu,norm_elementwise,6.3106,10
37.0,nvjet_sm90_qqtst_128x160_128x5_1x2_h_bz_coopA_algo2_TNT,gemm,15.8535,4
37.0,nvjet_sm90_qqtst_128x160_128x5_2x1_v_bz_coopA_algo2_TNT,gemm,8.3283,10
37.0,nvjet_sm90_qqtst_144x128_128x6_1x2_h_bz_coopA_algo2_TNN,gemm,15.6272,9
37.0,nvjet_sm90_qqtst_192x96_128x5_2x1_v_bz_coopB_algo2_TNT,gemm,0.2661,1
37.0,nvjet_sm90_tst_256x160_64x4_1x2_h_bz_coopA_TNT,gemm,7.0838,1
37.0,sm80_xmma_gemm_f32f32_f32f32_f32_nn_n_tilesize64x128x8_stage3_warpsize1x4x1_ffma_aligna4_alignc4_execute_kernel__5x_cublas,gemm,0.6839,1
37.0,sm80_xmma_gemm_f32f32_f32f32_f32_tn_n_tilesize128x128x8_stage3_warpsize2x2x1_ffma_aligna4_alignc4_execute_kernel__5x_cublas,gemm,0.7988,1
37.0,softmax_last,attention,0.5587,1
37.0,vsa_combine,attention,4.7476,1
37.0,vsa_mma_attn_tma2,attention,192.4104,2
37.0,vsa_tile_mean,attention,2.431,3
37.0,vsa_tile_qkv,attention,23.0449,6
37.0,vsa_topk2,attention,1.15,1
37.0,w8a8_quantize,cast_quant,14.8442,22
37.25,amax_abs_mixed,cast_quant,2.0613,22
37.25,bcast_binary,norm_elementwise,0.5464,1
37.25,block_copy,layout_copy,0.047,3
37.25,cast_bf16_f32_bias_act,cast_quant,0.0093,1
37.25,cast_f32_bf16,cast_quant,6.4764,6
37.25,fa_dc90_fwd_d128,attention,2.1558,1
37.25,fill_f,layout_copy,2.3792,2
37.25,fvf_h3_gate_res_norm_mod,norm_elementwise,2.3846,1
37.25,fvf_split_heads_rows,layout_copy,2.4943,2
37.25,h3_qk_norm_rope,norm_elementwise,12.3948,2
37.25,h3_res_gate_norm_mod,norm_elementwise,2.5006,1
37.25,index_select_rows,layout_copy,0.0159,1
37.25,memcpy HtoD,copies_memset,0.0052,1
37.25,memset,copies_memset,0.0604,69
37.25,mx_binary,norm_elementwise,0.042,2
37.25,mx_block_copy,layout_copy,4.1856,20
37.25,mx_merge_heads,layout_copy,3.6462,1
37.25,mx_swiglu,norm_elementwise,6.447,10
37.25,nvjet_sm90_qqtst_128x160_128x5_1x2_h_bz_coopA_algo2_TNT,gemm,15.8089,4
37.25,nvjet_sm90_qqtst_128x160_128x5_2x1_v_bz_coopA_algo2_TNT,gemm,8.3669,10
37.25,nvjet_sm90_qqtst_144x128_128x6_1x2_h_bz_coopA_algo2_TNN,gemm,15.6746,9
37.25,nvjet_sm90_qqtst_192x96_128x5_2x1_v_bz_coopB_algo2_TNT,gemm,0.2675,1
37.25,nvjet_sm90_tst_256x160_64x4_1x2_h_bz_coopA_TNT,gemm,6.8422,1
37.25,sm80_xmma_gemm_f32f32_f32f32_f32_nn_n_tilesize64x128x8_stage3_warpsize1x4x1_ffma_aligna4_alignc4_execute_kernel__5x_cublas,gemm,0.7614,1
37.25,sm80_xmma_gemm_f32f32_f32f32_f32_tn_n_tilesize128x128x8_stage3_warpsize2x2x1_ffma_aligna4_alignc4_execute_kernel__5x_cublas,gemm,0.8806,1
37.25,softmax_last,attention,0.5767,1
37.25,vsa_combine,attention,4.8325,1
37.25,vsa_mma_attn_tma2,attention,96.4435,1
37.25,vsa_tile_mean,attention,2.5484,3
37.25,vsa_tile_qkv,attention,11.6128,3
37.25,vsa_topk2,attention,1.2777,1
37.25,w8a8_quantize,cast_quant,15.0446,22
37.5,amax_abs_mixed,cast_quant,2.0522,22
37.5,bcast_binary,norm_elementwise,0.5085,1
37.5,block_copy,layout_copy,0.0462,3
37.5,cast_bf16_f32_bias_act,cast_quant,0.0092,1
37.5,cast_f32_bf16,cast_quant,6.4604,6
37.5,fa_dc90_fwd_d128,attention,2.1643,1
37.5,fill_f,layout_copy,2.2802,2
37.5,fvf_h3_gate_res_norm_mod,norm_elementwise,2.3556,1
37.5,fvf_split_heads_rows,layout_copy,2.49,2
37.5,h3_qk_norm_rope,norm_elementwise,13.2414,2
37.5,h3_res_gate_norm_mod,norm_elementwise,2.4173,1
37.5,index_select_rows,layout_copy,0.0156,1
37.5,memcpy HtoD,copies_memset,0.0048,1
37.5,memset,copies_memset,0.0595,69
37.5,mx_binary,norm_elementwise,0.042,2
37.5,mx_block_copy,layout_copy,4.1373,20
37.5,mx_merge_heads,layout_copy,3.5603,1
37.5,mx_swiglu,norm_elementwise,6.3263,10
37.5,nvjet_sm90_qqtst_128x160_128x5_1x2_h_bz_coopA_algo2_TNT,gemm,15.7981,4
37.5,nvjet_sm90_qqtst_128x160_128x5_2x1_v_bz_coopA_algo2_TNT,gemm,8.3325,10
37.5,nvjet_sm90_qqtst_144x128_128x6_1x2_h_bz_coopA_algo2_TNN,gemm,15.6356,9
37.5,nvjet_sm90_qqtst_192x96_128x5_2x1_v_bz_coopB_algo2_TNT,gemm,0.2643,1
37.5,nvjet_sm90_tst_256x160_64x4_1x2_h_bz_coopA_TNT,gemm,7.0118,1
37.5,sm80_xmma_gemm_f32f32_f32f32_f32_nn_n_tilesize64x128x8_stage3_warpsize1x4x1_ffma_aligna4_alignc4_execute_kernel__5x_cublas,gemm,0.6835,1
37.5,sm80_xmma_gemm_f32f32_f32f32_f32_tn_n_tilesize128x128x8_stage3_warpsize2x2x1_ffma_aligna4_alignc4_execute_kernel__5x_cublas,gemm,0.7624,1
37.5,softmax_last,attention,0.5576,1
37.5,vsa_combine,attention,4.819,1
37.5,vsa_mma_attn_tma2,attention,95.5882,1
37.5,vsa_tile_mean,attention,2.4065,3
37.5,vsa_tile_qkv,attention,11.5964,3
37.5,vsa_topk2,attention,1.1497,1
37.5,w8a8_quantize,cast_quant,14.7558,22
37.75,amax_abs_mixed,cast_quant,2.0462,22
37.75,bcast_binary,norm_elementwise,0.5327,1
37.75,block_copy,layout_copy,0.0453,3
37.75,cast_bf16_f32_bias_act,cast_quant,0.009,1
37.75,cast_f32_bf16,cast_quant,6.3675,6
37.75,fa_dc90_fwd_d128,attention,2.1478,1
37.75,fill_f,layout_copy,2.3196,2
37.75,fvf_h3_gate_res_norm_mod,norm_elementwise,2.3812,1
37.75,fvf_split_heads_rows,layout_copy,2.5097,2
37.75,h3_qk_norm_rope,norm_elementwise,13.3591,2
37.75,h3_res_gate_norm_mod,norm_elementwise,2.4132,1
37.75,index_select_rows,layout_copy,0.015,1
37.75,memcpy HtoD,copies_memset,0.0048,1
37.75,memset,copies_memset,0.0617,69
37.75,mx_binary,norm_elementwise,0.0407,2
37.75,mx_block_copy,layout_copy,4.149,20
37.75,mx_merge_heads,layout_copy,3.5141,1
37.75,mx_swiglu,norm_elementwise,6.3003,10
37.75,nvjet_sm90_qqtst_128x160_128x5_1x2_h_bz_coopA_algo2_TNT,gemm,15.8807,4
37.75,nvjet_sm90_qqtst_128x160_128x5_2x1_v_bz_coopA_algo2_TNT,gemm,8.3476,10
37.75,nvjet_sm90_qqtst_144x128_128x6_1x2_h_bz_coopA_algo2_TNN,gemm,15.8295,9
37.75,nvjet_sm90_qqtst_192x96_128x5_2x1_v_bz_coopB_algo2_TNT,gemm,0.2652,1
37.75,nvjet_sm90_tst_256x160_64x4_1x2_h_bz_coopA_TNT,gemm,6.9705,1
37.75,sm80_xmma_gemm_f32f32_f32f32_f32_nn_n_tilesize64x128x8_stage3_warpsize1x4x1_ffma_aligna4_alignc4_execute_kernel__5x_cublas,gemm,0.7356,1
37.75,sm80_xmma_gemm_f32f32_f32f32_f32_tn_n_tilesize128x128x8_stage3_warpsize2x2x1_ffma_aligna4_alignc4_execute_kernel__5x_cublas,gemm,0.8517,1
37.75,softmax_last,attention,0.5681,1
37.75,vsa_combine,attention,4.732,1
37.75,vsa_mma_attn_tma2,attention,95.606,1
37.75,vsa_tile_mean,attention,2.4998,3
37.75,vsa_tile_qkv,attention,11.6335,3
37.75,vsa_topk2,attention,1.2342,1
37.75,w8a8_quantize,cast_quant,14.7108,22
38.0,amax_abs_mixed,cast_quant,2.053,22
38.0,bcast_binary,norm_elementwise,0.5329,1
38.0,block_copy,layout_copy,0.0457,3
38.0,cast_bf16_f32_bias_act,cast_quant,0.009,1
38.0,cast_f32_bf16,cast_quant,6.3834,6
38.0,fa_dc90_fwd_d128,attention,2.1219,1
38.0,fill_f,layout_copy,2.3171,2
38.0,fvf_h3_gate_res_norm_mod,norm_elementwise,2.4306,1
38.0,fvf_split_heads_rows,layout_copy,2.5073,2
38.0,h3_qk_norm_rope,norm_elementwise,14.0886,2
38.0,h3_res_gate_norm_mod,norm_elementwise,2.4273,1
38.0,index_select_rows,layout_copy,0.0153,1
38.0,memcpy HtoD,copies_memset,0.005,1
38.0,memset,copies_memset,0.0619,69
38.0,mx_binary,norm_elementwise,0.0407,2
38.0,mx_block_copy,layout_copy,4.2003,20
38.0,mx_merge_heads,layout_copy,3.5352,1
38.0,mx_swiglu,norm_elementwise,6.381,10
38.0,nvjet_sm90_qqtst_128x160_128x5_1x2_h_bz_coopA_algo2_TNT,gemm,15.8089,4
38.0,nvjet_sm90_qqtst_128x160_128x5_2x1_v_bz_coopA_algo2_TNT,gemm,8.3572,10
38.0,nvjet_sm90_qqtst_144x128_128x6_1x2_h_bz_coopA_algo2_TNN,gemm,15.6727,9
38.0,nvjet_sm90_qqtst_192x96_128x5_2x1_v_bz_coopB_algo2_TNT,gemm,0.2753,1
38.0,nvjet_sm90_tst_256x160_64x4_1x2_h_bz_coopA_TNT,gemm,7.0423,1
38.0,sm80_xmma_gemm_f32f32_f32f32_f32_nn_n_tilesize64x128x8_stage3_warpsize1x4x1_ffma_aligna4_alignc4_execute_kernel__5x_cublas,gemm,0.733,1
38.0,sm80_xmma_gemm_f32f32_f32f32_f32_tn_n_tilesize128x128x8_stage3_warpsize2x2x1_ffma_aligna4_alignc4_execute_kernel__5x_cublas,gemm,0.8521,1
38.0,softmax_last,attention,0.5672,1
38.0,vsa_combine,attention,4.7484,1
38.0,vsa_mma_attn_tma2,attention,95.227,1
38.0,vsa_tile_mean,attention,2.5004,3
38.0,vsa_tile_qkv,attention,11.5987,3
38.0,vsa_topk2,attention,1.2326,1
38.0,w8a8_quantize,cast_quant,14.9054,22
38.25,amax_abs_mixed,cast_quant,2.0634,22
38.25,bcast_binary,norm_elementwise,0.506,1
38.25,block_copy,layout_copy,0.092,6
38.25,cast_bf16_f32_bias_act,cast_quant,0.0181,2
38.25,cast_f32_bf16,cast_quant,12.8735,12
38.25,fa_dc90_fwd_d128,attention,4.2829,2
38.25,fill_f,layout_copy,2.1976,2
38.25,fvf_h3_gate_res_norm_mod,norm_elementwise,2.3995,1
38.25,fvf_split_heads_rows,layout_copy,2.4877,2
38.25,h3_qk_norm_rope,norm_elementwise,12.4952,2
38.25,h3_res_gate_norm_mod,norm_elementwise,2.4882,1
38.25,index_select_rows,layout_copy,0.0307,2
38.25,memcpy HtoD,copies_memset,0.0084,2
38.25,memset,copies_memset,0.0624,69
38.25,mx_binary,norm_elementwise,0.083,4
38.25,mx_block_copy,layout_copy,4.2135,20
38.25,mx_merge_heads,layout_copy,7.1465,2
38.25,mx_swiglu,norm_elementwise,6.5011,10
38.25,nvjet_sm90_qqtst_128x160_128x5_1x2_h_bz_coopA_algo2_TNT,gemm,15.7752,4
38.25,nvjet_sm90_qqtst_128x160_128x5_2x1_v_bz_coopA_algo2_TNT,gemm,8.3786,10
38.25,nvjet_sm90_qqtst_144x128_128x6_1x2_h_bz_coopA_algo2_TNN,gemm,15.681,9
38.25,nvjet_sm90_qqtst_192x96_128x5_2x1_v_bz_coopB_algo2_TNT,gemm,0.2684,1
38.25,nvjet_sm90_tst_256x160_64x4_1x2_h_bz_coopA_TNT,gemm,6.8558,1
38.25,sm80_xmma_gemm_f32f32_f32f32_f32_nn_n_tilesize64x128x8_stage3_warpsize1x4x1_ffma_aligna4_alignc4_execute_kernel__5x_cublas,gemm,0.6788,1
38.25,sm80_xmma_gemm_f32f32_f32f32_f32_tn_n_tilesize128x128x8_stage3_warpsize2x2x1_ffma_aligna4_alignc4_execute_kernel__5x_cublas,gemm,0.7927,1
38.25,softmax_last,attention,0.5574,1
38.25,vsa_combine,attention,9.6408,2
38.25,vsa_mma_attn_tma2,attention,96.0392,1
38.25,vsa_tile_mean,attention,2.4254,3
38.25,vsa_tile_qkv,attention,11.445,3
38.25,vsa_topk2,attention,1.1409,1
38.25,w8a8_quantize,cast_quant,15.1661,22
38.5,amax_abs_mixed,cast_quant,2.7883,28
38.5,bcast_binary,norm_elementwise,0.5582,1
38.5,block_copy,layout_copy,0.0458,3
38.5,cast_bf16_f32_bias_act,cast_quant,0.009,1
38.5,cast_f32_bf16,cast_quant,6.3879,6
38.5,fa_dc90_fwd_d128,attention,2.14,1
38.5,fill_f,layout_copy,2.2801,2
38.5,fvf_h3_gate_res_norm_mod,norm_elementwise,2.3128,1
38.5,fvf_split_heads_rows,layout_copy,2.5282,2
38.5,h3_qk_norm_rope,norm_elementwise,14.0157,2
38.5,h3_res_gate_norm_mod,norm_elementwise,4.8433,2
38.5,index_select_rows,layout_copy,0.0153,1
38.5,memcpy HtoD,copies_memset,0.0042,1
38.5,memset,copies_memset,0.0769,87
38.5,mx_binary,norm_elementwise,0.0408,2
38.5,mx_block_copy,layout_copy,4.7117,23
38.5,mx_merge_heads,layout_copy,3.5361,1
38.5,mx_swiglu,norm_elementwise,7.502,12
38.5,nvjet_sm90_qqtst_128x160_128x5_1x2_h_bz_coopA_algo2_TNT,gemm,19.76,5
38.5,nvjet_sm90_qqtst_128x160_128x5_2x1_v_bz_coopA_algo2_TNT,gemm,10.0263,12
38.5,nvjet_sm90_qqtst_144x128_128x6_1x2_h_bz_coopA_algo2_TNN,gemm,20.8365,12
38.5,nvjet_sm90_qqtst_192x96_128x5_2x1_v_bz_coopB_algo2_TNT,gemm,0.2612,1
38.5,nvjet_sm90_tst_256x160_64x4_1x2_h_bz_coopA_TNT,gemm,6.843,1
38.5,sm80_xmma_gemm_f32f32_f32f32_f32_nn_n_tilesize64x128x8_stage3_warpsize1x4x1_ffma_aligna4_alignc4_execute_kernel__5x_cublas,gemm,0.7828,1
38.5,sm80_xmma_gemm_f32f32_f32f32_f32_tn_n_tilesize128x128x8_stage3_warpsize2x2x1_ffma_aligna4_alignc4_execute_kernel__5x_cublas,gemm,0.908,1
38.5,softmax_last,attention,0.5827,1
38.5,vsa_combine,attention,4.7506,1
38.5,vsa_mma_attn_tma2,attention,96.0133,1
38.5,vsa_tile_mean,attention,2.5975,3
38.5,vsa_tile_qkv,attention,11.5931,3
38.5,vsa_topk2,attention,1.2807,1
38.5,w8a8_quantize,cast_quant,19.7316,28
38.75,amax_abs_mixed,cast_quant,2.714,31
38.75,bcast_binary,norm_elementwise,0.5032,1
38.75,block_copy,layout_copy,0.0466,3
38.75,cast_bf16_f32_bias_act,cast_quant,0.0092,1
38.75,cast_f32_bf16,cast_quant,6.4766,6
38.75,fa_dc90_fwd_d128,attention,2.1824,1
38.75,fill_f,layout_copy,2.2424,2
38.75,fvf_h3_gate_res_norm_mod,norm_elementwise,2.4465,1
38.75,fvf_split_heads_rows,layout_copy,2.4885,2
38.75,h3_qk_norm_rope,norm_elementwise,12.9102,2
38.75,h3_res_gate_norm_mod,norm_elementwise,2.4787,1
38.75,index_select_rows,layout_copy,0.0156,1
38.75,memcpy HtoD,copies_memset,0.0042,1
38.75,memset,copies_memset,0.0805,96
38.75,mx_binary,norm_elementwise,0.0423,2
38.75,mx_block_copy,layout_copy,5.048,24
38.75,mx_merge_heads,layout_copy,3.6448,1
38.75,mx_swiglu,norm_elementwise,9.8139,15
38.75,nvjet_sm90_qqtst_128x160_128x5_1x2_h_bz_coopA_algo2_TNT,gemm,15.8858,4
38.75,nvjet_sm90_qqtst_128x160_128x5_2x1_v_bz_coopA_algo2_TNT,gemm,12.6021,15
38.75,nvjet_sm90_qqtst_144x128_128x6_1x2_h_bz_coopA_algo2_TNN,gemm,22.5698,13
38.75,nvjet_sm90_qqtst_192x96_128x5_2x1_v_bz_coopB_algo2_TNT,gemm,0.2645,1
38.75,nvjet_sm90_tst_256x160_64x4_1x2_h_bz_coopA_TNT,gemm,6.9507,1
38.75,sm80_xmma_gemm_f32f32_f32f32_f32_nn_n_tilesize64x128x8_stage3_warpsize1x4x1_ffma_aligna4_alignc4_execute_kernel__5x_cublas,gemm,0.6726,1
38.75,sm80_xmma_gemm_f32f32_f32f32_f32_tn_n_tilesize128x128x8_stage3_warpsize2x2x1_ffma_aligna4_alignc4_execute_kernel__5x_cublas,gemm,0.7872,1
38.75,softmax_last,attention,0.5554,1
38.75,vsa_combine,attention,4.8318,1
38.75,vsa_mma_attn_tma2,attention,95.8683,1
38.75,vsa_tile_mean,attention,2.4207,3
38.75,vsa_tile_qkv,attention,11.501,3
38.75,vsa_topk2,attention,1.1321,1
38.75,w8a8_quantize,cast_quant,19.7077,31
39.0,amax_abs_mixed,cast_quant,2.7071,29
39.0,bcast_binary,norm_elementwise,0.5467,1
39.0,block_copy,layout_copy,0.0465,3
39.0,cast_bf16_f32_bias_act,cast_quant,0.0092,1
39.0,cast_f32_bf16,cast_quant,6.4664,6
39.0,fa_dc90_fwd_d128,attention,2.1727,1
39.0,fill_f,layout_copy,2.379,2
39.0,fvf_h3_gate_res_norm_mod,norm_elementwise,4.7253,2
39.0,fvf_split_heads_rows,layout_copy,2.4902,2
39.0,h3_qk_norm_rope,norm_elementwise,12.1056,2
39.0,h3_res_gate_norm_mod,norm_elementwise,2.424,1
39.0,index_select_rows,layout_copy,0.0155,1
39.0,memcpy HtoD,copies_memset,0.0041,1
39.0,memset,copies_memset,0.0788,90
39.0,mx_binary,norm_elementwise,0.0422,2
39.0,mx_block_copy,layout_copy,6.7731,33
39.0,mx_merge_heads,layout_copy,3.5711,1
39.0,mx_swiglu,norm_elementwise,7.9549,13
39.0,nvjet_sm90_qqtst_128x160_128x5_1x2_h_bz_coopA_algo2_TNT,gemm,19.8886,5
39.0,nvjet_sm90_qqtst_128x160_128x5_2x1_v_bz_coopA_algo2_TNT,gemm,10.5351,13
39.0,nvjet_sm90_qqtst_144x128_128x6_1x2_h_bz_coopA_algo2_TNN,gemm,19.15,11
39.0,nvjet_sm90_qqtst_192x96_128x5_2x1_v_bz_coopB_algo2_TNT,gemm,0.5265,2
39.0,nvjet_sm90_tst_256x160_64x4_1x2_h_bz_coopA_TNT,gemm,6.8805,1
39.0,sm80_xmma_gemm_f32f32_f32f32_f32_nn_n_tilesize64x128x8_stage3_warpsize1x4x1_ffma_aligna4_alignc4_execute_kernel__5x_cublas,gemm,0.7604,1
39.0,sm80_xmma_gemm_f32f32_f32f32_f32_tn_n_tilesize128x128x8_stage3_warpsize2x2x1_ffma_aligna4_alignc4_execute_kernel__5x_cublas,gemm,0.8803,1
39.0,softmax_last,attention,0.5771,1
39.0,vsa_combine,attention,4.82,1
39.0,vsa_mma_attn_tma2,attention,96.4477,1
39.0,vsa_tile_mean,attention,2.5509,3
39.0,vsa_tile_qkv,attention,11.6269,3
39.0,vsa_topk2,attention,1.2788,1
39.0,w8a8_quantize,cast_quant,19.6664,29
39.25,amax_abs_mixed,cast_quant,2.0437,22
39.25,bcast_binary,norm_elementwise,0.5089,1
39.25,block_copy,layout_copy,0.0459,3
39.25,cast_bf16_f32_bias_act,cast_quant,0.0089,1
39.25,cast_f32_bf16,cast_quant,6.3738,6
39.25,fa_dc90_fwd_d128,attention,2.1381,1
39.25,fill_f,layout_copy,2.2801,2
39.25,fvf_h3_gate_res_norm_mod,norm_elementwise,2.2005,1
39.25,fvf_split_heads_rows,layout_copy,2.489,2
39.25,h3_qk_norm_rope,norm_elementwise,19.3283,3
39.25,h3_res_gate_norm_mod,norm_elementwise,2.4166,1
39.25,index_select_rows,layout_copy,0.0152,1
39.25,memcpy HtoD,copies_memset,0.0043,1
39.25,memset,copies_memset,0.064,72
39.25,mx_binary,norm_elementwise,0.0409,2
39.25,mx_block_copy,layout_copy,3.9746,20
39.25,mx_merge_heads,layout_copy,3.5164,1
39.25,mx_swiglu,norm_elementwise,6.1596,10
39.25,nvjet_sm90_qqtst_128x160_128x5_1x2_h_bz_coopA_algo2_TNT,gemm,23.9466,6
39.25,nvjet_sm90_qqtst_128x160_128x5_2x1_v_bz_coopA_algo2_TNT,gemm,8.3061,10
39.25,nvjet_sm90_qqtst_144x128_128x6_1x2_h_bz_coopA_algo2_TNN,gemm,15.6134,9
39.25,nvjet_sm90_qqtst_192x96_128x5_2x1_v_bz_coopB_algo2_TNT,gemm,0.2549,1
39.25,nvjet_sm90_tst_256x160_64x4_1x2_h_bz_coopA_TNT,gemm,13.8626,2
39.25,sm80_xmma_gemm_f32f32_f32f32_f32_nn_n_tilesize64x128x8_stage3_warpsize1x4x1_ffma_aligna4_alignc4_execute_kernel__5x_cublas,gemm,0.6823,1
39.25,sm80_xmma_gemm_f32f32_f32f32_f32_tn_n_tilesize128x128x8_stage3_warpsize2x2x1_ffma_aligna4_alignc4_execute_kernel__5x_cublas,gemm,0.7656,1
39.25,softmax_last,attention,0.5591,1
39.25,vsa_combine,attention,4.734,1
39.25,vsa_mma_attn_tma2,attention,97.6966,1
39.25,vsa_tile_mean,attention,2.4104,3
39.25,vsa_tile_qkv,attention,11.5953,3
39.25,vsa_topk2,attention,1.1501,1
39.25,w8a8_quantize,cast_quant,14.2419,22
39.5,amax_abs_mixed,cast_quant,2.0559,22
39.5,bcast_binary,norm_elementwise,1.0269,2
39.5,block_copy,layout_copy,0.0465,3
39.5,cast_bf16_f32_bias_act,cast_quant,0.0092,1
39.5,cast_f32_bf16,cast_quant,6.4583,6
39.5,fa_dc90_fwd_d128,attention,2.1796,1
39.5,fill_f,layout_copy,3.3297,3
39.5,fvf_h3_gate_res_norm_mod,norm_elementwise,2.357,1
39.5,fvf_split_heads_rows,layout_copy,4.9877,4
39.5,h3_qk_norm_rope,norm_elementwise,19.3968,3
39.5,h3_res_gate_norm_mod,norm_elementwise,2.4739,1
39.5,index_select_rows,layout_copy,0.0155,1
39.5,memcpy HtoD,copies_memset,0.0042,1
39.5,memset,copies_memset,0.0617,69
39.5,mx_binary,norm_elementwise,0.0418,2
39.5,mx_block_copy,layout_copy,4.1658,20
39.5,mx_merge_heads,layout_copy,3.6285,1
39.5,mx_swiglu,norm_elementwise,6.4164,10
39.5,nvjet_sm90_qqtst_128x160_128x5_1x2_h_bz_coopA_algo2_TNT,gemm,15.9063,4
39.5,nvjet_sm90_qqtst_128x160_128x5_2x1_v_bz_coopA_algo2_TNT,gemm,8.3189,10
39.5,nvjet_sm90_qqtst_144x128_128x6_1x2_h_bz_coopA_algo2_TNN,gemm,15.7061,9
39.5,nvjet_sm90_qqtst_192x96_128x5_2x1_v_bz_coopB_algo2_TNT,gemm,0.2649,1
39.5,nvjet_sm90_tst_256x160_64x4_1x2_h_bz_coopA_TNT,gemm,6.8631,1
39.5,sm80_xmma_gemm_f32f32_f32f32_f32_nn_n_tilesize64x128x8_stage3_warpsize1x4x1_ffma_aligna4_alignc4_execute_kernel__5x_cublas,gemm,1.3835,2
39.5,sm80_xmma_gemm_f32f32_f32f32_f32_tn_n_tilesize128x128x8_stage3_warpsize2x2x1_ffma_aligna4_alignc4_execute_kernel__5x_cublas,gemm,1.6185,2
39.5,softmax_last,attention,1.1237,2
39.5,vsa_combine,attention,4.8185,1
39.5,vsa_mma_attn_tma2,attention,96.3684,1
39.5,vsa_tile_mean,attention,4.8987,6
39.5,vsa_tile_qkv,attention,19.1499,5
39.5,vsa_topk2,attention,2.3283,2
39.5,w8a8_quantize,cast_quant,15.0018,22
39.75,amax_abs_mixed,cast_quant,2.0612,22
39.75,bcast_binary,norm_elementwise,0.5084,1
39.75,block_copy,layout_copy,0.0469,3
39.75,cast_bf16_f32_bias_act,cast_quant,0.0092,1
39.75,cast_f32_bf16,cast_quant,6.466,6
39.75,fa_dc90_fwd_d128,attention,2.1795,1
39.75,fill_f,layout_copy,3.3638,3
39.75,fvf_h3_gate_res_norm_mod,norm_elementwise,2.4459,1
39.75,fvf_split_heads_rows,layout_copy,2.4909,2
39.75,h3_qk_norm_rope,norm_elementwise,12.7961,2
39.75,h3_res_gate_norm_mod,norm_elementwise,2.4826,1
39.75,index_select_rows,layout_copy,0.0156,1
39.75,memcpy HtoD,copies_memset,0.0042,1
39.75,memset,copies_memset,0.0606,69
39.75,mx_binary,norm_elementwise,0.042,2
39.75,mx_block_copy,layout_copy,4.2408,20
39.75,mx_merge_heads,layout_copy,3.6324,1
39.75,mx_swiglu,norm_elementwise,6.4811,10
39.75,nvjet_sm90_qqtst_128x160_128x5_1x2_h_bz_coopA_algo2_TNT,gemm,15.9716,4
39.75,nvjet_sm90_qqtst_128x160_128x5_2x1_v_bz_coopA_algo2_TNT,gemm,8.3321,10
39.75,nvjet_sm90_qqtst_144x128_128x6_1x2_h_bz_coopA_algo2_TNN,gemm,15.6265,9
39.75,nvjet_sm90_qqtst_192x96_128x5_2x1_v_bz_coopB_algo2_TNT,gemm,0.2699,1
39.75,nvjet_sm90_tst_256x160_64x4_1x2_h_bz_coopA_TNT,gemm,7.0204,1
39.75,sm80_xmma_gemm_f32f32_f32f32_f32_nn_n_tilesize64x128x8_stage3_warpsize1x4x1_ffma_aligna4_alignc4_execute_kernel__5x_cublas,gemm,0.6832,1
39.75,sm80_xmma_gemm_f32f32_f32f32_f32_tn_n_tilesize128x128x8_stage3_warpsize2x2x1_ffma_aligna4_alignc4_execute_kernel__5x_cublas,gemm,0.7996,1
39.75,softmax_last,attention,0.5588,1
39.75,vsa_combine,attention,4.821,1
39.75,vsa_mma_attn_tma2,attention,190.7298,2
39.75,vsa_tile_mean,attention,2.4312,3
39.75,vsa_tile_qkv,attention,15.236,4
39.75,vsa_topk2,attention,1.1503,1
39.75,w8a8_quantize,cast_quant,15.2048,22
40.0,amax_abs_mixed,cast_quant,2.0448,22
40.0,bcast_binary,norm_elementwise,0.5716,1
40.0,block_copy,layout_copy,0.0455,3
40.0,cast_bf16_f32_bias_act,cast_quant,0.0089,1
40.0,cast_f32_bf16,cast_quant,6.3511,6
40.0,fa_dc90_fwd_d128,attention,2.1449,1
40.0,fill_f,layout_copy,2.3,2
40.0,fvf_h3_gate_res_norm_mod,norm_elementwise,2.3431,1
40.0,fvf_split_heads_rows,layout_copy,2.5431,2
40.0,h3_qk_norm_rope,norm_elementwise,14.1847,2
40.0,h3_res_gate_norm_mod,norm_elementwise,2.4133,1
40.0,index_select_rows,layout_copy,0.0152,1
40.0,memcpy HtoD,copies_memset,0.0042,1
40.0,memset,copies_memset,0.0621,69
40.0,mx_binary,norm_elementwise,0.0404,2
40.0,mx_block_copy,layout_copy,4.1072,20
40.0,mx_merge_heads,layout_copy,3.4929,1
40.0,mx_swiglu,norm_elementwise,6.2416,10
40.0,nvjet_sm90_qqtst_128x160_128x5_1x2_h_bz_coopA_algo2_TNT,gemm,15.9317,4
40.0,nvjet_sm90_qqtst_128x160_128x5_2x1_v_bz_coopA_algo2_TNT,gemm,8.2952,10
40.0,nvjet_sm90_qqtst_144x128_128x6_1x2_h_bz_coopA_algo2_TNN,gemm,15.6084,9
40.0,nvjet_sm90_qqtst_192x96_128x5_2x1_v_bz_coopB_algo2_TNT,gemm,0.2646,1
40.0,nvjet_sm90_tst_256x160_64x4_1x2_h_bz_coopA_TNT,gemm,6.8939,1
40.0,sm80_xmma_gemm_f32f32_f32f32_f32_nn_n_tilesize64x128x8_stage3_warpsize1x4x1_ffma_aligna4_alignc4_execute_kernel__5x_cublas,gemm,0.8067,1
40.0,sm80_xmma_gemm_f32f32_f32f32_f32_tn_n_tilesize128x128x8_stage3_warpsize2x2x1_ffma_aligna4_alignc4_execute_kernel__5x_cublas,gemm,0.9298,1
40.0,softmax_last,attention,0.5932,1
40.0,vsa_combine,attention,4.757,1
40.0,vsa_mma_attn_tma2,attention,99.5373,1
40.0,vsa_tile_mean,attention,2.652,3
40.0,vsa_tile_qkv,attention,11.6545,3
40.0,vsa_topk2,attention,1.35,1
40.0,w8a8_quantize,cast_quant,14.5501,22
40.25,amax_abs_mixed,cast_quant,2.0588,22
40.25,bcast_binary,norm_elementwise,0.5169,1
40.25,block_copy,layout_copy,0.0457,3
40.25,cast_bf16_f32_bias_act,cast_quant,0.009,1
40.25,cast_f32_bf16,cast_quant,6.3845,6
40.25,fa_dc90_fwd_d128,attention,2.1291,1
40.25,fill_f,layout_copy,2.3387,2
40.25,fvf_h3_gate_res_norm_mod,norm_elementwise,2.447,1
40.25,fvf_split_heads_rows,layout_copy,2.4934,2
40.25,h3_qk_norm_rope,norm_elementwise,12.7418,2
40.25,h3_res_gate_norm_mod,norm_elementwise,2.4285,1
40.25,index_select_rows,layout_copy,0.0156,1
40.25,memcpy HtoD,copies_memset,0.0043,1
40.25,memset,copies_memset,0.0582,69
40.25,mx_binary,norm_elementwise,0.0409,2
40.25,mx_block_copy,layout_copy,4.2159,20
40.25,mx_merge_heads,layout_copy,3.5356,1
40.25,mx_swiglu,norm_elementwise,6.3997,10
40.25,nvjet_sm90_qqtst_128x160_128x5_1x2_h_bz_coopA_algo2_TNT,gemm,15.9636,4
40.25,nvjet_sm90_qqtst_128x160_128x5_2x1_v_bz_coopA_algo2_TNT,gemm,8.3123,10
40.25,nvjet_sm90_qqtst_144x128_128x6_1x2_h_bz_coopA_algo2_TNN,gemm,15.7201,9
40.25,nvjet_sm90_qqtst_192x96_128x5_2x1_v_bz_coopB_algo2_TNT,gemm,0.2704,1
40.25,nvjet_sm90_tst_256x160_64x4_1x2_h_bz_coopA_TNT,gemm,6.886,1
40.25,sm80_xmma_gemm_f32f32_f32f32_f32_nn_n_tilesize64x128x8_stage3_warpsize1x4x1_ffma_aligna4_alignc4_execute_kernel__5x_cublas,gemm,0.7005,1
40.25,sm80_xmma_gemm_f32f32_f32f32_f32_tn_n_tilesize128x128x8_stage3_warpsize2x2x1_ffma_aligna4_alignc4_execute_kernel__5x_cublas,gemm,0.8174,1
40.25,softmax_last,attention,0.5641,1
40.25,vsa_combine,attention,4.7483,1
40.25,vsa_mma_attn_tma2,attention,96.1734,1
40.25,vsa_tile_mean,attention,2.4533,3
40.25,vsa_tile_qkv,attention,11.7466,3
40.25,vsa_topk2,attention,1.1802,1
40.25,w8a8_quantize,cast_quant,14.9617,22
40.5,amax_abs_mixed,cast_quant,2.0553,22
40.5,bcast_binary,norm_elementwise,0.5061,1
40.5,block_copy,layout_copy,0.0468,3
40.5,cast_bf16_f32_bias_act,cast_quant,0.0092,1
40.5,cast_f32_bf16,cast_quant,6.4658,6
40.5,fa_dc90_fwd_d128,attention,2.1732,1
40.5,fill_f,layout_copy,2.2066,2
40.5,fvf_h3_gate_res_norm_mod,norm_elementwise,2.3682,1
40.5,fvf_split_heads_rows,layout_copy,2.5098,2
40.5,h3_qk_norm_rope,norm_elementwise,12.8848,2
40.5,h3_res_gate_norm_mod,norm_elementwise,2.476,1
40.5,index_select_rows,layout_copy,0.0155,1
40.5,memcpy HtoD,copies_memset,0.0042,1
40.5,memset,copies_memset,0.0598,69
40.5,mx_binary,norm_elementwise,0.042,2
40.5,mx_block_copy,layout_copy,4.172,20
40.5,mx_merge_heads,layout_copy,3.6335,1
40.5,mx_swiglu,norm_elementwise,6.4395,10
40.5,nvjet_sm90_qqtst_128x160_128x5_1x2_h_bz_coopA_algo2_TNT,gemm,15.9334,4
40.5,nvjet_sm90_qqtst_128x160_128x5_2x1_v_bz_coopA_algo2_TNT,gemm,8.3416,10
40.5,nvjet_sm90_qqtst_144x128_128x6_1x2_h_bz_coopA_algo2_TNN,gemm,15.6232,9
40.5,nvjet_sm90_qqtst_192x96_128x5_2x1_v_bz_coopB_algo2_TNT,gemm,0.2661,1
40.5,nvjet_sm90_tst_256x160_64x4_1x2_h_bz_coopA_TNT,gemm,6.907,1
40.5,sm80_xmma_gemm_f32f32_f32f32_f32_nn_n_tilesize64x128x8_stage3_warpsize1x4x1_ffma_aligna4_alignc4_execute_kernel__5x_cublas,gemm,0.7335,1
40.5,sm80_xmma_gemm_f32f32_f32f32_f32_tn_n_tilesize128x128x8_stage3_warpsize2x2x1_ffma_aligna4_alignc4_execute_kernel__5x_cublas,gemm,0.8509,1
40.5,softmax_last,attention,0.5692,1
40.5,vsa_combine,attention,4.8211,1
40.5,vsa_mma_attn_tma2,attention,95.4316,1
40.5,vsa_tile_mean,attention,2.4995,3
40.5,vsa_tile_qkv,attention,11.4021,3
40.5,vsa_topk2,attention,1.1134,1
40.5,w8a8_quantize,cast_quant,15.0208,22
40.75,amax_abs_mixed,cast_quant,2.0575,22
40.75,bcast_binary,norm_elementwise,0.4986,1
40.75,block_copy,layout_copy,0.0467,3
40.75,cast_bf16_f32_bias_act,cast_quant,0.0092,1
40.75,cast_f32_bf16,cast_quant,6.458,6
40.75,fa_dc90_fwd_d128,attention,2.1271,1
40.75,fill_f,layout_copy,2.1527,2
40.75,fvf_h3_gate_res_norm_mod,norm_elementwise,2.371,1
40.75,fvf_split_heads_rows,layout_copy,2.4843,2
40.75,h3_qk_norm_rope,norm_elementwise,12.7978,2
40.75,h3_res_gate_norm_mod,norm_elementwise,2.4699,1
40.75,index_select_rows,layout_copy,0.0156,1
40.75,memcpy HtoD,copies_memset,0.0043,1
40.75,memset,copies_memset,0.0617,69
40.75,mx_binary,norm_elementwise,0.0418,2
40.75,mx_block_copy,layout_copy,4.1902,20
40.75,mx_merge_heads,layout_copy,3.6274,1
40.75,mx_swiglu,norm_elementwise,6.4652,10
40.75,nvjet_sm90_qqtst_128x160_128x5_1x2_h_bz_coopA_algo2_TNT,gemm,15.9108,4
40.75,nvjet_sm90_qqtst_128x160_128x5_2x1_v_bz_coopA_algo2_TNT,gemm,8.4244,10
40.75,nvjet_sm90_qqtst_144x128_128x6_1x2_h_bz_coopA_algo2_TNN,gemm,15.6165,9
40.75,nvjet_sm90_qqtst_192x96_128x5_2x1_v_bz_coopB_algo2_TNT,gemm,0.2649,1
40.75,nvjet_sm90_tst_256x160_64x4_1x2_h_bz_coopA_TNT,gemm,6.9158,1
40.75,sm80_xmma_gemm_f32f32_f32f32_f32_nn_n_tilesize64x128x8_stage3_warpsize1x4x1_ffma_aligna4_alignc4_execute_kernel__5x_cublas,gemm,0.6617,1
40.75,sm80_xmma_gemm_f32f32_f32f32_f32_tn_n_tilesize128x128x8_stage3_warpsize2x2x1_ffma_aligna4_alignc4_execute_kernel__5x_cublas,gemm,0.7755,1
40.75,softmax_last,attention,0.5506,1
40.75,vsa_combine,attention,9.5494,2
40.75,vsa_mma_attn_tma2,attention,94.5852,1
40.75,vsa_tile_mean,attention,2.4094,3
40.75,vsa_tile_qkv,attention,11.3648,3
40.75,vsa_topk2,attention,1.1137,1
40.75,w8a8_quantize,cast_quant,15.1,22
41.0,amax_abs_mixed,cast_quant,2.4711,23
41.0,bcast_binary,norm_elementwise,0.557,1
41.0,block_copy,layout_copy,0.0923,6
41.0,cast_bf16_f32_bias_act,cast_quant,0.0182,2
41.0,cast_f32_bf16,cast_quant,12.8478,12
41.0,fa_dc90_fwd_d128,attention,4.3599,2
41.0,fill_f,layout_copy,2.4339,2
41.0,fvf_h3_gate_res_norm_mod,norm_elementwise,2.37,1
41.0,fvf_split_heads_rows,layout_copy,2.5277,2
41.0,h3_qk_norm_rope,norm_elementwise,13.783,2
41.0,h3_res_gate_norm_mod,norm_elementwise,2.4189,1
41.0,index_select_rows,layout_copy,0.0311,2
41.0,memcpy HtoD,copies_memset,0.0084,2
41.0,memset,copies_memset,0.0612,71
41.0,mx_binary,norm_elementwise,0.0829,4
41.0,mx_block_copy,layout_copy,4.1416,20
41.0,mx_merge_heads,layout_copy,7.162,2
41.0,mx_swiglu,norm_elementwise,6.3169,10
41.0,nvjet_sm90_qqtst_128x160_128x5_1x2_h_bz_coopA_algo2_TNT,gemm,16.0294,4
41.0,nvjet_sm90_qqtst_128x160_128x5_2x1_v_bz_coopA_algo2_TNT,gemm,8.3673,10
41.0,nvjet_sm90_qqtst_144x128_128x6_1x2_h_bz_coopA_algo2_TNN,gemm,15.657,9
41.0,nvjet_sm90_qqtst_192x96_128x5_2x1_v_bz_coopB_algo2_TNT,gemm,0.2649,1
41.0,nvjet_sm90_tst_256x160_64x4_1x2_h_bz_coopA_TNT,gemm,6.9536,1
41.0,sm80_xmma_gemm_f32f32_f32f32_f32_nn_n_tilesize64x128x8_stage3_warpsize1x4x1_ffma_aligna4_alignc4_execute_kernel__5x_cublas,gemm,0.7826,1
41.0,sm80_xmma_gemm_f32f32_f32f32_f32_tn_n_tilesize128x128x8_stage3_warpsize2x2x1_ffma_aligna4_alignc4_execute_kernel__5x_cublas,gemm,0.9062,1
41.0,softmax_last,attention,0.5855,1
41.0,vsa_combine,attention,4.8348,1
41.0,vsa_mma_attn_tma2,attention,97.5159,1
41.0,vsa_tile_mean,attention,2.5975,3
41.0,vsa_tile_qkv,attention,11.7258,3
41.0,vsa_topk2,attention,1.3176,1
41.0,w8a8_quantize,cast_quant,17.9807,23
41.25,amax_abs_mixed,cast_quant,2.4808,28
41.25,bcast_binary,norm_elementwise,0.5055,1
41.25,block_copy,layout_copy,0.0464,3
41.25,cast_bf16_f32_bias_act,cast_quant,0.0092,1
41.25,cast_f32_bf16,cast_quant,6.4585,6
41.25,fa_dc90_fwd_d128,attention,2.1544,1
41.25,fill_f,layout_copy,2.2606,2
41.25,fvf_h3_gate_res_norm_mod,norm_elementwise,2.3964,1
41.25,fvf_split_heads_rows,layout_copy,2.4861,2
41.25,h3_qk_norm_rope,norm_elementwise,13.0186,2
41.25,h3_res_gate_norm_mod,norm_elementwise,4.9104,2
41.25,index_select_rows,layout_copy,0.0155,1
41.25,memcpy HtoD,copies_memset,0.0042,1
41.25,memset,copies_memset,0.0783,87
41.25,mx_binary,norm_elementwise,0.0417,2
41.25,mx_block_copy,layout_copy,4.8477,23
41.25,mx_merge_heads,layout_copy,3.6283,1
41.25,mx_swiglu,norm_elementwise,8.4737,13
41.25,nvjet_sm90_qqtst_128x160_128x5_1x2_h_bz_coopA_algo2_TNT,gemm,20.0012,5
41.25,nvjet_sm90_qqtst_128x160_128x5_2x1_v_bz_coopA_algo2_TNT,gemm,10.168,12
41.25,nvjet_sm90_qqtst_144x128_128x6_1x2_h_bz_coopA_algo2_TNN,gemm,20.8349,12
41.25,nvjet_sm90_qqtst_192x96_128x5_2x1_v_bz_coopB_algo2_TNT,gemm,0.2685,1
41.25,nvjet_sm90_tst_256x160_64x4_1x2_h_bz_coopA_TNT,gemm,7.0267,1
41.25,sm80_xmma_gemm_f32f32_f32f32_f32_nn_n_tilesize64x128x8_stage3_warpsize1x4x1_ffma_aligna4_alignc4_execute_kernel__5x_cublas,gemm,0.6775,1
41.25,sm80_xmma_gemm_f32f32_f32f32_f32_tn_n_tilesize128x128x8_stage3_warpsize2x2x1_ffma_aligna4_alignc4_execute_kernel__5x_cublas,gemm,0.7932,1
41.25,softmax_last,attention,0.5576,1
41.25,vsa_combine,attention,4.8181,1
41.25,vsa_mma_attn_tma2,attention,95.7328,1
41.25,vsa_tile_mean,attention,2.4249,3
41.25,vsa_tile_qkv,attention,11.5388,3
41.25,vsa_topk2,attention,1.1417,1
41.25,w8a8_quantize,cast_quant,17.9661,28
41.5,amax_abs_mixed,cast_quant,2.6167,30
41.5,bcast_binary,norm_elementwise,0.5357,1
41.5,block_copy,layout_copy,0.0458,3
41.5,cast_bf16_f32_bias_act,cast_quant,0.009,1
41.5,cast_f32_bf16,cast_quant,6.3699,6
41.5,fa_dc90_fwd_d128,attention,2.1267,1
41.5,fill_f,layout_copy,2.3786,2
41.5,fvf_h3_gate_res_norm_mod,norm_elementwise,2.3592,1
41.5,fvf_split_heads_rows,layout_copy,2.519,2
41.5,h3_qk_norm_rope,norm_elementwise,13.3149,2
41.5,h3_res_gate_norm_mod,norm_elementwise,2.4156,1
41.5,index_select_rows,layout_copy,0.0151,1
41.5,memcpy HtoD,copies_memset,0.0042,1
41.5,memset,copies_memset,0.0818,94
41.5,mx_binary,norm_elementwise,0.0405,2
41.5,mx_block_copy,layout_copy,4.9989,24
41.5,mx_merge_heads,layout_copy,3.5133,1
41.5,mx_swiglu,norm_elementwise,9.0293,14
41.5,nvjet_sm90_qqtst_128x160_128x5_1x2_h_bz_coopA_algo2_TNT,gemm,16.0742,4
41.5,nvjet_sm90_qqtst_128x160_128x5_2x1_v_bz_coopA_algo2_TNT,gemm,12.7706,15
41.5,nvjet_sm90_qqtst_144x128_128x6_1x2_h_bz_coopA_algo2_TNN,gemm,22.6205,13
41.5,nvjet_sm90_qqtst_192x96_128x5_2x1_v_bz_coopB_algo2_TNT,gemm,0.2644,1
41.5,nvjet_sm90_tst_256x160_64x4_1x2_h_bz_coopA_TNT,gemm,7.0135,1
41.5,sm80_xmma_gemm_f32f32_f32f32_f32_nn_n_tilesize64x128x8_stage3_warpsize1x4x1_ffma_aligna4_alignc4_execute_kernel__5x_cublas,gemm,0.7337,1
41.5,sm80_xmma_gemm_f32f32_f32f32_f32_tn_n_tilesize128x128x8_stage3_warpsize2x2x1_ffma_aligna4_alignc4_execute_kernel__5x_cublas,gemm,0.8529,1
41.5,softmax_last,attention,0.5803,1
41.5,vsa_combine,attention,4.7318,1
41.5,vsa_mma_attn_tma2,attention,97.4545,1
41.5,vsa_tile_mean,attention,2.5045,3
41.5,vsa_tile_qkv,attention,11.6837,3
41.5,vsa_topk2,attention,1.2353,1
41.5,w8a8_quantize,cast_quant,18.5715,30
41.75,amax_abs_mixed,cast_quant,2.6983,29
41.75,bcast_binary,norm_elementwise,0.511,1
41.75,block_copy,layout_copy,0.0456,3
41.75,cast_bf16_f32_bias_act,cast_quant,0.009,1
41.75,cast_f32_bf16,cast_quant,6.3873,6
41.75,fa_dc90_fwd_d128,attention,2.0979,1
41.75,fill_f,layout_copy,2.2994,2
41.75,fvf_h3_gate_res_norm_mod,norm_elementwise,4.7976,2
41.75,fvf_split_heads_rows,layout_copy,2.4917,2
41.75,h3_qk_norm_rope,norm_elementwise,14.0762,2
41.75,h3_res_gate_norm_mod,norm_elementwise,2.4308,1
41.75,index_select_rows,layout_copy,0.0155,1
41.75,memcpy HtoD,copies_memset,0.0042,1
41.75,memset,copies_memset,0.0788,89
41.75,mx_binary,norm_elementwise,0.041,2
41.75,mx_block_copy,layout_copy,6.7721,33
41.75,mx_merge_heads,layout_copy,3.5363,1
41.75,mx_swiglu,norm_elementwise,7.8053,13
41.75,nvjet_sm90_qqtst_128x160_128x5_1x2_h_bz_coopA_algo2_TNT,gemm,16.0699,4
41.75,nvjet_sm90_qqtst_128x160_128x5_2x1_v_bz_coopA_algo2_TNT,gemm,10.6341,13
41.75,nvjet_sm90_qqtst_144x128_128x6_1x2_h_bz_coopA_algo2_TNN,gemm,19.1147,11
41.75,nvjet_sm90_qqtst_192x96_128x5_2x1_v_bz_coopB_algo2_TNT,gemm,0.5327,2
41.75,nvjet_sm90_tst_256x160_64x4_1x2_h_bz_coopA_TNT,gemm,7.2922,1
41.75,sm80_xmma_gemm_f32f32_f32f32_f32_nn_n_tilesize64x128x8_stage3_warpsize1x4x1_ffma_aligna4_alignc4_execute_kernel__5x_cublas,gemm,0.6896,1
41.75,sm80_xmma_gemm_f32f32_f32f32_f32_tn_n_tilesize128x128x8_stage3_warpsize2x2x1_ffma_aligna4_alignc4_execute_kernel__5x_cublas,gemm,0.8051,1
41.75,softmax_last,attention,0.5587,1
41.75,vsa_combine,attention,4.7496,1
41.75,vsa_mma_attn_tma2,attention,98.7875,1
41.75,vsa_tile_mean,attention,2.4389,3
41.75,vsa_tile_qkv,attention,11.6417,3
41.75,vsa_topk2,attention,1.1612,1
41.75,w8a8_quantize,cast_quant,19.4738,29
42.0,amax_abs_mixed,cast_quant,2.0642,22
42.0,bcast_binary,norm_elementwise,0.5455,1
42.0,block_copy,layout_copy,0.0466,3
42.0,cast_bf16_f32_bias_act,cast_quant,0.0092,1
42.0,cast_f32_bf16,cast_quant,6.4661,6
42.0,fa_dc90_fwd_d128,attention,2.1733,1
42.0,fill_f,layout_copy,2.3794,2
42.0,fvf_h3_gate_res_norm_mod,norm_elementwise,2.387,1
42.0,fvf_split_heads_rows,layout_copy,2.5171,2
42.0,h3_qk_norm_rope,norm_elementwise,14.2686,2
42.0,h3_res_gate_norm_mod,norm_elementwise,2.483,1
42.0,index_select_rows,layout_copy,0.0157,1
42.0,memcpy HtoD,copies_memset,0.0064,1
42.0,memset,copies_memset,0.0646,73
42.0,mx_binary,norm_elementwise,0.0421,2
42.0,mx_block_copy,layout_copy,4.2044,20
42.0,mx_merge_heads,layout_copy,3.6332,1
42.0,mx_swiglu,norm_elementwise,6.4926,10
42.0,nvjet_sm90_qqtst_128x160_128x5_1x2_h_bz_coopA_algo2_TNT,gemm,28.0841,7
42.0,nvjet_sm90_qqtst_128x160_128x5_2x1_v_bz_coopA_algo2_TNT,gemm,8.4575,10
42.0,nvjet_sm90_qqtst_144x128_128x6_1x2_h_bz_coopA_algo2_TNN,gemm,15.773,9
42.0,nvjet_sm90_qqtst_192x96_128x5_2x1_v_bz_coopB_algo2_TNT,gemm,0.2699,1
42.0,nvjet_sm90_tst_256x160_64x4_1x2_h_bz_coopA_TNT,gemm,14.0643,2
42.0,sm80_xmma_gemm_f32f32_f32f32_f32_nn_n_tilesize64x128x8_stage3_warpsize1x4x1_ffma_aligna4_alignc4_execute_kernel__5x_cublas,gemm,0.7617,1
42.0,sm80_xmma_gemm_f32f32_f32f32_f32_tn_n_tilesize128x128x8_stage3_warpsize2x2x1_ffma_aligna4_alignc4_execute_kernel__5x_cublas,gemm,0.8827,1
42.0,softmax_last,attention,0.5756,1
42.0,vsa_combine,attention,4.821,1
42.0,vsa_mma_attn_tma2,attention,95.9434,1
42.0,vsa_tile_mean,attention,2.5492,3
42.0,vsa_tile_qkv,attention,11.902,3
42.0,vsa_topk2,attention,1.281,1
42.0,w8a8_quantize,cast_quant,15.1518,22
42.25,amax_abs_mixed,cast_quant,2.0453,22
42.25,bcast_binary,norm_elementwise,0.5062,1
42.25,block_copy,layout_copy,0.0453,3
42.25,cast_bf16_f32_bias_act,cast_quant,0.0089,1
42.25,cast_f32_bf16,cast_quant,6.3503,6
42.25,fa_dc90_fwd_d128,attention,2.1328,1
42.25,fill_f,layout_copy,2.1987,2
42.25,fvf_h3_gate_res_norm_mod,norm_elementwise,2.382,1
42.25,fvf_split_heads_rows,layout_copy,5.0379,4
42.25,h3_qk_norm_rope,norm_elementwise,27.057,4
42.25,h3_res_gate_norm_mod,norm_elementwise,2.3996,1
42.25,index_select_rows,layout_copy,0.015,1
42.25,memcpy HtoD,copies_memset,0.0042,1
42.25,memset,copies_memset,0.0588,69
42.25,mx_binary,norm_elementwise,0.0404,2
42.25,mx_block_copy,layout_copy,4.1392,20
42.25,mx_merge_heads,layout_copy,3.4922,1
42.25,mx_swiglu,norm_elementwise,6.2415,10
42.25,nvjet_sm90_qqtst_128x160_128x5_1x2_h_bz_coopA_algo2_TNT,gemm,16.0502,4
42.25,nvjet_sm90_qqtst_128x160_128x5_2x1_v_bz_coopA_algo2_TNT,gemm,8.4017,10
42.25,nvjet_sm90_qqtst_144x128_128x6_1x2_h_bz_coopA_algo2_TNN,gemm,15.672,9
42.25,nvjet_sm90_qqtst_192x96_128x5_2x1_v_bz_coopB_algo2_TNT,gemm,0.2688,1
42.25,nvjet_sm90_tst_256x160_64x4_1x2_h_bz_coopA_TNT,gemm,7.039,1
42.25,sm80_xmma_gemm_f32f32_f32f32_f32_nn_n_tilesize64x128x8_stage3_warpsize1x4x1_ffma_aligna4_alignc4_execute_kernel__5x_cublas,gemm,1.4931,2
42.25,sm80_xmma_gemm_f32f32_f32f32_f32_tn_n_tilesize128x128x8_stage3_warpsize2x2x1_ffma_aligna4_alignc4_execute_kernel__5x_cublas,gemm,1.7349,2
42.25,softmax_last,attention,1.1586,2
42.25,vsa_combine,attention,4.7632,1
42.25,vsa_mma_attn_tma2,attention,95.3666,1
42.25,vsa_tile_mean,attention,5.1021,6
42.25,vsa_tile_qkv,attention,11.4548,3
42.25,vsa_topk2,attention,1.1428,1
42.25,w8a8_quantize,cast_quant,14.6032,22
42.5,amax_abs_mixed,cast_quant,2.0596,22
42.5,bcast_binary,norm_elementwise,1.1165,2
42.5,block_copy,layout_copy,0.0456,3
42.5,cast_bf16_f32_bias_act,cast_quant,0.009,1
42.5,cast_f32_bf16,cast_quant,6.3853,6
42.5,fa_dc90_fwd_d128,attention,2.1441,1
42.5,fill_f,layout_copy,3.5024,3
42.5,fvf_h3_gate_res_norm_mod,norm_elementwise,2.4827,1
42.5,fvf_split_heads_rows,layout_copy,2.5128,2
42.5,h3_qk_norm_rope,norm_elementwise,13.3761,2
42.5,h3_res_gate_norm_mod,norm_elementwise,2.4291,1
42.5,index_select_rows,layout_copy,0.0152,1
42.5,memcpy HtoD,copies_memset,0.0042,1
42.5,memset,copies_memset,0.0602,69
42.5,mx_binary,norm_elementwise,0.0411,2
42.5,mx_block_copy,layout_copy,4.2614,20
42.5,mx_merge_heads,layout_copy,3.5359,1
42.5,mx_swiglu,norm_elementwise,6.4483,10
42.5,nvjet_sm90_qqtst_128x160_128x5_1x2_h_bz_coopA_algo2_TNT,gemm,16.0788,4
42.5,nvjet_sm90_qqtst_128x160_128x5_2x1_v_bz_coopA_algo2_TNT,gemm,8.4292,10
42.5,nvjet_sm90_qqtst_144x128_128x6_1x2_h_bz_coopA_algo2_TNN,gemm,15.6883,9
42.5,nvjet_sm90_qqtst_192x96_128x5_2x1_v_bz_coopB_algo2_TNT,gemm,0.2731,1
42.5,nvjet_sm90_tst_256x160_64x4_1x2_h_bz_coopA_TNT,gemm,7.0426,1
42.5,sm80_xmma_gemm_f32f32_f32f32_f32_nn_n_tilesize64x128x8_stage3_warpsize1x4x1_ffma_aligna4_alignc4_execute_kernel__5x_cublas,gemm,0.7473,1
42.5,sm80_xmma_gemm_f32f32_f32f32_f32_tn_n_tilesize128x128x8_stage3_warpsize2x2x1_ffma_aligna4_alignc4_execute_kernel__5x_cublas,gemm,0.8672,1
42.5,softmax_last,attention,0.5732,1
42.5,vsa_combine,attention,4.7508,1
42.5,vsa_mma_attn_tma2,attention,100.4084,1
42.5,vsa_tile_mean,attention,2.5219,3
42.5,vsa_tile_qkv,attention,23.8383,6
42.5,vsa_topk2,attention,2.627,2
42.5,w8a8_quantize,cast_quant,15.1189,22
42.75,amax_abs_mixed,cast_quant,2.0632,22
42.75,bcast_binary,norm_elementwise,0.5069,1
42.75,block_copy,layout_copy,0.0465,3
42.75,cast_bf16_f32_bias_act,cast_quant,0.0092,1
42.75,cast_f32_bf16,cast_quant,6.4645,6
42.75,fa_dc90_fwd_d128,attention,2.1561,1
42.75,fill_f,layout_copy,3.4732,3
42.75,fvf_h3_gate_res_norm_mod,norm_elementwise,2.4383,1
42.75,fvf_split_heads_rows,layout_copy,2.4873,2
42.75,h3_qk_norm_rope,norm_elementwise,13.0188,2
42.75,h3_res_gate_norm_mod,norm_elementwise,2.4832,1
42.75,index_select_rows,layout_copy,0.0157,1
42.75,memcpy HtoD,copies_memset,0.0042,1
42.75,memset,copies_memset,0.0621,69
42.75,mx_binary,norm_elementwise,0.0423,2
42.75,mx_block_copy,layout_copy,4.1969,20
42.75,mx_merge_heads,layout_copy,3.6327,1
42.75,mx_swiglu,norm_elementwise,6.451,10
42.75,nvjet_sm90_qqtst_128x160_128x5_1x2_h_bz_coopA_algo2_TNT,gemm,16.0587,4
42.75,nvjet_sm90_qqtst_128x160_128x5_2x1_v_bz_coopA_algo2_TNT,gemm,8.3933,10
42.75,nvjet_sm90_qqtst_144x128_128x6_1x2_h_bz_coopA_algo2_TNN,gemm,15.6334,9
42.75,nvjet_sm90_qqtst_192x96_128x5_2x1_v_bz_coopB_algo2_TNT,gemm,0.2666,1
42.75,nvjet_sm90_tst_256x160_64x4_1x2_h_bz_coopA_TNT,gemm,7.0587,1
42.75,sm80_xmma_gemm_f32f32_f32f32_f32_nn_n_tilesize64x128x8_stage3_warpsize1x4x1_ffma_aligna4_alignc4_execute_kernel__5x_cublas,gemm,0.6781,1
42.75,sm80_xmma_gemm_f32f32_f32f32_f32_tn_n_tilesize128x128x8_stage3_warpsize2x2x1_ffma_aligna4_alignc4_execute_kernel__5x_cublas,gemm,0.7916,1
42.75,softmax_last,attention,0.5568,1
42.75,vsa_combine,attention,4.8216,1
42.75,vsa_mma_attn_tma2,attention,191.7095,2
42.75,vsa_tile_mean,attention,2.4269,3
42.75,vsa_tile_qkv,attention,11.5425,3
42.75,vsa_topk2,attention,1.1423,1
42.75,w8a8_quantize,cast_quant,15.1888,22
43.0,amax_abs_mixed,cast_quant,2.0518,22
43.0,bcast_binary,norm_elementwise,0.5472,1
43.0,block_copy,layout_copy,0.0454,3
43.0,cast_bf16_f32_bias_act,cast_quant,0.009,1
43.0,cast_f32_bf16,cast_quant,6.4066,6
43.0,fa_dc90_fwd_d128,attention,2.128,1
43.0,fill_f,layout_copy,2.3853,2
43.0,fvf_h3_gate_res_norm_mod,norm_elementwise,2.3273,1
43.0,fvf_split_heads_rows,layout_copy,2.5165,2
43.0,h3_qk_norm_rope,norm_elementwise,12.7051,2
43.0,h3_res_gate_norm_mod,norm_elementwise,2.4157,1
43.0,index_select_rows,layout_copy,0.0153,1
43.0,memcpy HtoD,copies_memset,0.0043,1
43.0,memset,copies_memset,0.0581,69
43.0,mx_binary,norm_elementwise,0.0409,2
43.0,mx_block_copy,layout_copy,4.1149,20
43.0,mx_merge_heads,layout_copy,3.5132,1
43.0,mx_swiglu,norm_elementwise,6.3515,10
43.0,nvjet_sm90_qqtst_128x160_128x5_1x2_h_bz_coopA_algo2_TNT,gemm,16.062,4
43.0,nvjet_sm90_qqtst_128x160_128x5_2x1_v_bz_coopA_algo2_TNT,gemm,8.3036,10
43.0,nvjet_sm90_qqtst_144x128_128x6_1x2_h_bz_coopA_algo2_TNN,gemm,15.7298,9
43.0,nvjet_sm90_qqtst_192x96_128x5_2x1_v_bz_coopB_algo2_TNT,gemm,0.2627,1
43.0,nvjet_sm90_tst_256x160_64x4_1x2_h_bz_coopA_TNT,gemm,7.056,1
43.0,sm80_xmma_gemm_f32f32_f32f32_f32_nn_n_tilesize64x128x8_stage3_warpsize1x4x1_ffma_aligna4_alignc4_execute_kernel__5x_cublas,gemm,0.7654,1
43.0,sm80_xmma_gemm_f32f32_f32f32_f32_tn_n_tilesize128x128x8_stage3_warpsize2x2x1_ffma_aligna4_alignc4_execute_kernel__5x_cublas,gemm,0.8889,1
43.0,softmax_last,attention,0.5802,1
43.0,vsa_combine,attention,4.8177,1
43.0,vsa_mma_attn_tma2,attention,99.5853,1
43.0,vsa_tile_mean,attention,2.5539,3
43.0,vsa_tile_qkv,attention,11.8298,3
43.0,vsa_topk2,attention,1.286,1
43.0,w8a8_quantize,cast_quant,14.7823,22
43.25,amax_abs_mixed,cast_quant,2.0517,22
43.25,bcast_binary,norm_elementwise,0.5035,1
43.25,block_copy,layout_copy,0.046,3
43.25,cast_bf16_f32_bias_act,cast_quant,0.0091,1
43.25,cast_f32_bf16,cast_quant,6.3886,6
43.25,fa_dc90_fwd_d128,attention,2.1284,1
43.25,fill_f,layout_copy,2.2425,2
43.25,fvf_h3_gate_res_norm_mod,norm_elementwise,2.3732,1
43.25,fvf_split_heads_rows,layout_copy,2.4955,2
43.25,h3_qk_norm_rope,norm_elementwise,13.4724,2
43.25,h3_res_gate_norm_mod,norm_elementwise,2.4339,1
43.25,index_select_rows,layout_copy,0.0153,1
43.25,memcpy HtoD,copies_memset,0.0041,1
43.25,memset,copies_memset,0.058,69
43.25,mx_binary,norm_elementwise,0.041,2
43.25,mx_block_copy,layout_copy,4.1145,20
43.25,mx_merge_heads,layout_copy,3.5434,1
43.25,mx_swiglu,norm_elementwise,6.3407,10
43.25,nvjet_sm90_qqtst_128x160_128x5_1x2_h_bz_coopA_algo2_TNT,gemm,16.1002,4
43.25,nvjet_sm90_qqtst_128x160_128x5_2x1_v_bz_coopA_algo2_TNT,gemm,8.398,10
43.25,nvjet_sm90_qqtst_144x128_128x6_1x2_h_bz_coopA_algo2_TNN,gemm,15.7036,9
43.25,nvjet_sm90_qqtst_192x96_128x5_2x1_v_bz_coopB_algo2_TNT,gemm,0.2636,1
43.25,nvjet_sm90_tst_256x160_64x4_1x2_h_bz_coopA_TNT,gemm,7.2443,1
43.25,sm80_xmma_gemm_f32f32_f32f32_f32_nn_n_tilesize64x128x8_stage3_warpsize1x4x1_ffma_aligna4_alignc4_execute_kernel__5x_cublas,gemm,0.6727,1
43.25,sm80_xmma_gemm_f32f32_f32f32_f32_tn_n_tilesize128x128x8_stage3_warpsize2x2x1_ffma_aligna4_alignc4_execute_kernel__5x_cublas,gemm,0.786,1
43.25,softmax_last,attention,0.5552,1
43.25,vsa_combine,attention,4.7529,1
43.25,vsa_mma_attn_tma2,attention,95.7798,1
43.25,vsa_tile_mean,attention,2.4192,3
43.25,vsa_tile_qkv,attention,11.4937,3
43.25,vsa_topk2,attention,1.1329,1
43.25,w8a8_quantize,cast_quant,14.8984,22
43.5,amax_abs_mixed,cast_quant,2.0591,22
43.5,bcast_binary,norm_elementwise,0.5626,1
43.5,block_copy,layout_copy,0.047,3
43.5,cast_bf16_f32_bias_act,cast_quant,0.0092,1
43.5,cast_f32_bf16,cast_quant,6.4665,6
43.5,fa_dc90_fwd_d128,attention,2.1733,1
43.5,fill_f,layout_copy,2.4476,2
43.5,fvf_h3_gate_res_norm_mod,norm_elementwise,2.4297,1
43.5,fvf_split_heads_rows,layout_copy,2.479,2
43.5,h3_qk_norm_rope,norm_elementwise,12.4983,2
43.5,h3_res_gate_norm_mod,norm_elementwise,2.4897,1
43.5,index_select_rows,layout_copy,0.0155,1
43.5,memcpy HtoD,copies_memset,0.0042,1
43.5,memset,copies_memset,0.0596,69
43.5,mx_binary,norm_elementwise,0.0421,2
43.5,mx_block_copy,layout_copy,4.24,20
43.5,mx_merge_heads,layout_copy,3.6324,1
43.5,mx_swiglu,norm_elementwise,6.4946,10
43.5,nvjet_sm90_qqtst_128x160_128x5_1x2_h_bz_coopA_algo2_TNT,gemm,16.1254,4
43.5,nvjet_sm90_qqtst_128x160_128x5_2x1_v_bz_coopA_algo2_TNT,gemm,8.4165,10
43.5,nvjet_sm90_qqtst_144x128_128x6_1x2_h_bz_coopA_algo2_TNN,gemm,15.6698,9
43.5,nvjet_sm90_qqtst_192x96_128x5_2x1_v_bz_coopB_algo2_TNT,gemm,0.2693,1
43.5,nvjet_sm90_tst_256x160_64x4_1x2_h_bz_coopA_TNT,gemm,7.0803,1
43.5,sm80_xmma_gemm_f32f32_f32f32_f32_nn_n_tilesize64x128x8_stage3_warpsize1x4x1_ffma_aligna4_alignc4_execute_kernel__5x_cublas,gemm,0.7921,1
43.5,sm80_xmma_gemm_f32f32_f32f32_f32_tn_n_tilesize128x128x8_stage3_warpsize2x2x1_ffma_aligna4_alignc4_execute_kernel__5x_cublas,gemm,0.9153,1
43.5,softmax_last,attention,0.5866,1
43.5,vsa_combine,attention,4.8226,1
43.5,vsa_mma_attn_tma2,attention,96.8386,1
43.5,vsa_tile_mean,attention,2.5622,3
43.5,vsa_tile_qkv,attention,11.8308,3
43.5,vsa_topk2,attention,1.3315,1
43.5,w8a8_quantize,cast_quant,15.2426,22
43.75,amax_abs_mixed,cast_quant,2.0523,22
43.75,bcast_binary,norm_elementwise,0.5142,1
43.75,block_copy,layout_copy,0.0467,3
43.75,cast_bf16_f32_bias_act,cast_quant,0.0092,1
43.75,cast_f32_bf16,cast_quant,6.4664,6
43.75,fa_dc90_fwd_d128,attention,2.1754,1
43.75,fill_f,layout_copy,2.2625,2
43.75,fvf_h3_gate_res_norm_mod,norm_elementwise,2.3708,1
43.75,fvf_split_heads_rows,layout_copy,2.487,2
43.75,h3_qk_norm_rope,norm_elementwise,13.1291,2
43.75,h3_res_gate_norm_mod,norm_elementwise,2.4247,1
43.75,index_select_rows,layout_copy,0.0156,1
43.75,memcpy HtoD,copies_memset,0.0042,1
43.75,memset,copies_memset,0.0626,69
43.75,mx_binary,norm_elementwise,0.0421,2
43.75,mx_block_copy,layout_copy,4.1556,20
43.75,mx_merge_heads,layout_copy,3.5583,1
43.75,mx_swiglu,norm_elementwise,6.3824,10
43.75,nvjet_sm90_qqtst_128x160_128x5_1x2_h_bz_coopA_algo2_TNT,gemm,16.1358,4
43.75,nvjet_sm90_qqtst_128x160_128x5_2x1_v_bz_coopA_algo2_TNT,gemm,8.3637,10
43.75,nvjet_sm90_qqtst_144x128_128x6_1x2_h_bz_coopA_algo2_TNN,gemm,15.7327,9
43.75,nvjet_sm90_qqtst_192x96_128x5_2x1_v_bz_coopB_algo2_TNT,gemm,0.2665,1
43.75,nvjet_sm90_tst_256x160_64x4_1x2_h_bz_coopA_TNT,gemm,7.1086,1
43.75,sm80_xmma_gemm_f32f32_f32f32_f32_nn_n_tilesize64x128x8_stage3_warpsize1x4x1_ffma_aligna4_alignc4_execute_kernel__5x_cublas,gemm,0.6958,1
43.75,sm80_xmma_gemm_f32f32_f32f32_f32_tn_n_tilesize128x128x8_stage3_warpsize2x2x1_ffma_aligna4_alignc4_execute_kernel__5x_cublas,gemm,0.792,1
43.75,softmax_last,attention,0.56,1
43.75,vsa_combine,attention,9.564,2
43.75,vsa_mma_attn_tma2,attention,96.2684,1
43.75,vsa_tile_mean,attention,2.4157,3
43.75,vsa_tile_qkv,attention,11.6949,3
43.75,vsa_topk2,attention,1.1718,1
43.75,w8a8_quantize,cast_quant,14.8214,22
44.0,amax_abs_mixed,cast_quant,2.0527,22
44.0,bcast_binary,norm_elementwise,0.5664,1
44.0,block_copy,layout_copy,0.0937,6
44.0,cast_bf16_f32_bias_act,cast_quant,0.0183,2
44.0,cast_f32_bf16,cast_quant,12.8857,12
44.0,fa_dc90_fwd_d128,attention,4.2801,2
44.0,fill_f,layout_copy,2.4687,2
44.0,fvf_h3_gate_res_norm_mod,norm_elementwise,2.3528,1
44.0,fvf_split_heads_rows,layout_copy,2.5363,2
44.0,h3_qk_norm_rope,norm_elementwise,13.9843,2
44.0,h3_res_gate_norm_mod,norm_elementwise,2.429,1
44.0,index_select_rows,layout_copy,0.0311,2
44.0,memcpy HtoD,copies_memset,0.0083,2
44.0,memset,copies_memset,0.058,69
44.0,mx_binary,norm_elementwise,0.083,4
44.0,mx_block_copy,layout_copy,4.1362,20
44.0,mx_merge_heads,layout_copy,7.215,2
44.0,mx_swiglu,norm_elementwise,6.333,10
44.0,nvjet_sm90_qqtst_128x160_128x5_1x2_h_bz_coopA_algo2_TNT,gemm,16.1117,4
44.0,nvjet_sm90_qqtst_128x160_128x5_2x1_v_bz_coopA_algo2_TNT,gemm,8.3949,10
44.0,nvjet_sm90_qqtst_144x128_128x6_1x2_h_bz_coopA_algo2_TNN,gemm,15.7382,9
44.0,nvjet_sm90_qqtst_192x96_128x5_2x1_v_bz_coopB_algo2_TNT,gemm,0.2645,1
44.0,nvjet_sm90_tst_256x160_64x4_1x2_h_bz_coopA_TNT,gemm,7.0742,1
44.0,sm80_xmma_gemm_f32f32_f32f32_f32_nn_n_tilesize64x128x8_stage3_warpsize1x4x1_ffma_aligna4_alignc4_execute_kernel__5x_cublas,gemm,0.7988,1
44.0,sm80_xmma_gemm_f32f32_f32f32_f32_tn_n_tilesize128x128x8_stage3_warpsize2x2x1_ffma_aligna4_alignc4_execute_kernel__5x_cublas,gemm,0.9237,1
44.0,softmax_last,attention,0.5898,1
44.0,vsa_combine,attention,4.8407,1
44.0,vsa_mma_attn_tma2,attention,100.5403,1
44.0,vsa_tile_mean,attention,2.6337,3
44.0,vsa_tile_qkv,attention,11.755,3
44.0,vsa_topk2,attention,1.3455,1
44.0,w8a8_quantize,cast_quant,14.7732,22
44.25,amax_abs_mixed,cast_quant,2.754,27
44.25,bcast_binary,norm_elementwise,0.5172,1
44.25,block_copy,layout_copy,0.0463,3
44.25,cast_bf16_f32_bias_act,cast_quant,0.0092,1
44.25,cast_f32_bf16,cast_quant,6.4584,6
44.25,fa_dc90_fwd_d128,attention,2.1575,1
44.25,fill_f,layout_copy,2.2511,2
44.25,fvf_h3_gate_res_norm_mod,norm_elementwise,2.4471,1
44.25,fvf_split_heads_rows,layout_copy,2.4857,2
44.25,h3_qk_norm_rope,norm_elementwise,12.7007,2
44.25,h3_res_gate_norm_mod,norm_elementwise,4.8911,2
44.25,index_select_rows,layout_copy,0.0158,1
44.25,memcpy HtoD,copies_memset,0.0042,1
44.25,memset,copies_memset,0.0726,84
44.25,mx_binary,norm_elementwise,0.0418,2
44.25,mx_block_copy,layout_copy,4.6707,22
44.25,mx_merge_heads,layout_copy,3.6273,1
44.25,mx_swiglu,norm_elementwise,7.8339,12
44.25,nvjet_sm90_qqtst_128x160_128x5_1x2_h_bz_coopA_algo2_TNT,gemm,20.0413,5
44.25,nvjet_sm90_qqtst_128x160_128x5_2x1_v_bz_coopA_algo2_TNT,gemm,10.1869,12
44.25,nvjet_sm90_qqtst_144x128_128x6_1x2_h_bz_coopA_algo2_TNN,gemm,19.271,11
44.25,nvjet_sm90_qqtst_192x96_128x5_2x1_v_bz_coopB_algo2_TNT,gemm,0.2726,1
44.25,nvjet_sm90_tst_256x160_64x4_1x2_h_bz_coopA_TNT,gemm,7.0701,1
44.25,sm80_xmma_gemm_f32f32_f32f32_f32_nn_n_tilesize64x128x8_stage3_warpsize1x4x1_ffma_aligna4_alignc4_execute_kernel__5x_cublas,gemm,0.7018,1
44.25,sm80_xmma_gemm_f32f32_f32f32_f32_tn_n_tilesize128x128x8_stage3_warpsize2x2x1_ffma_aligna4_alignc4_execute_kernel__5x_cublas,gemm,0.7763,1
44.25,softmax_last,attention,0.5585,1
44.25,vsa_combine,attention,4.818,1
44.25,vsa_mma_attn_tma2,attention,96.0166,1
44.25,vsa_tile_mean,attention,2.4099,3
44.25,vsa_tile_qkv,attention,11.5699,3
44.25,vsa_topk2,attention,1.1815,1
44.25,w8a8_quantize,cast_quant,20.3669,27
44.5,amax_abs_mixed,cast_quant,2.6573,31
44.5,bcast_binary,norm_elementwise,0.5198,1
44.5,block_copy,layout_copy,0.0455,3
44.5,cast_bf16_f32_bias_act,cast_quant,0.0089,1
44.5,cast_f32_bf16,cast_quant,6.368,6
44.5,fa_dc90_fwd_d128,attention,2.1252,1
44.5,fill_f,layout_copy,2.2398,2
44.5,fvf_h3_gate_res_norm_mod,norm_elementwise,2.3556,1
44.5,fvf_split_heads_rows,layout_copy,2.5097,2
44.5,h3_qk_norm_rope,norm_elementwise,13.7202,2
44.5,h3_res_gate_norm_mod,norm_elementwise,2.4218,1
44.5,index_select_rows,layout_copy,0.0154,1
44.5,memcpy HtoD,copies_memset,0.0042,1
44.5,memset,copies_memset,0.086,96
44.5,mx_binary,norm_elementwise,0.0406,2
44.5,mx_block_copy,layout_copy,5.1921,25
44.5,mx_merge_heads,layout_copy,3.5132,1
44.5,mx_swiglu,norm_elementwise,8.9252,14
44.5,nvjet_sm90_qqtst_128x160_128x5_1x2_h_bz_coopA_algo2_TNT,gemm,16.121,4
44.5,nvjet_sm90_qqtst_128x160_128x5_2x1_v_bz_coopA_algo2_TNT,gemm,11.8653,14
44.5,nvjet_sm90_qqtst_144x128_128x6_1x2_h_bz_coopA_algo2_TNN,gemm,24.5758,14
44.5,nvjet_sm90_qqtst_192x96_128x5_2x1_v_bz_coopB_algo2_TNT,gemm,0.2654,1
44.5,nvjet_sm90_tst_256x160_64x4_1x2_h_bz_coopA_TNT,gemm,7.0862,1
44.5,sm80_xmma_gemm_f32f32_f32f32_f32_nn_n_tilesize64x128x8_stage3_warpsize1x4x1_ffma_aligna4_alignc4_execute_kernel__5x_cublas,gemm,0.72,1
44.5,sm80_xmma_gemm_f32f32_f32f32_f32_tn_n_tilesize128x128x8_stage3_warpsize2x2x1_ffma_aligna4_alignc4_execute_kernel__5x_cublas,gemm,0.8372,1
44.5,softmax_last,attention,0.5706,1
44.5,vsa_combine,attention,4.7316,1
44.5,vsa_mma_attn_tma2,attention,96.8128,1
44.5,vsa_tile_mean,attention,2.4822,3
44.5,vsa_tile_qkv,attention,11.6453,3
44.5,vsa_topk2,attention,1.096,1
44.5,w8a8_quantize,cast_quant,18.7196,31
44.75,amax_abs_mixed,cast_quant,2.8034,30
44.75,bcast_binary,norm_elementwise,0.5112,1
44.75,block_copy,layout_copy,0.0459,3
44.75,cast_bf16_f32_bias_act,cast_quant,0.0091,1
44.75,cast_f32_bf16,cast_quant,6.386,6
44.75,fa_dc90_fwd_d128,attention,2.1273,1
44.75,fill_f,layout_copy,2.2222,2
44.75,fvf_h3_gate_res_norm_mod,norm_elementwise,4.7841,2
44.75,fvf_split_heads_rows,layout_copy,2.4908,2
44.75,h3_qk_norm_rope,norm_elementwise,13.2414,2
44.75,h3_res_gate_norm_mod,norm_elementwise,2.4317,1
44.75,index_select_rows,layout_copy,0.0154,1
44.75,memcpy HtoD,copies_memset,0.0042,1
44.75,memset,copies_memset,0.0817,92
44.75,mx_binary,norm_elementwise,0.041,2
44.75,mx_block_copy,layout_copy,6.8178,33
44.75,mx_merge_heads,layout_copy,3.5352,1
44.75,mx_swiglu,norm_elementwise,8.6409,14
44.75,nvjet_sm90_qqtst_128x160_128x5_1x2_h_bz_coopA_algo2_TNT,gemm,16.0757,4
44.75,nvjet_sm90_qqtst_128x160_128x5_2x1_v_bz_coopA_algo2_TNT,gemm,11.4399,14
44.75,nvjet_sm90_qqtst_144x128_128x6_1x2_h_bz_coopA_algo2_TNN,gemm,19.1905,11
44.75,nvjet_sm90_qqtst_192x96_128x5_2x1_v_bz_coopB_algo2_TNT,gemm,0.5322,2
44.75,nvjet_sm90_tst_256x160_64x4_1x2_h_bz_coopA_TNT,gemm,7.1496,1
44.75,sm80_xmma_gemm_f32f32_f32f32_f32_nn_n_tilesize64x128x8_stage3_warpsize1x4x1_ffma_aligna4_alignc4_execute_kernel__5x_cublas,gemm,0.6884,1
44.75,sm80_xmma_gemm_f32f32_f32f32_f32_tn_n_tilesize128x128x8_stage3_warpsize2x2x1_ffma_aligna4_alignc4_execute_kernel__5x_cublas,gemm,0.8078,1
44.75,softmax_last,attention,0.562,1
44.75,vsa_combine,attention,4.7492,1
44.75,vsa_mma_attn_tma2,attention,95.4072,1
44.75,vsa_tile_mean,attention,2.4412,3
44.75,vsa_tile_qkv,attention,11.5206,3
44.75,vsa_topk2,attention,1.1612,1
44.75,w8a8_quantize,cast_quant,20.4486,30
45.0,amax_abs_mixed,cast_quant,2.0602,22
45.0,bcast_binary,norm_elementwise,0.5541,1
45.0,block_copy,layout_copy,0.0476,3
45.0,cast_bf16_f32_bias_act,cast_quant,0.0092,1
45.0,cast_f32_bf16,cast_quant,6.4646,6
45.0,fa_dc90_fwd_d128,attention,2.1452,1
45.0,fill_f,layout_copy,2.4149,2
45.0,fvf_h3_gate_res_norm_mod,norm_elementwise,2.4459,1
45.0,fvf_split_heads_rows,layout_copy,2.5218,2
45.0,h3_qk_norm_rope,norm_elementwise,14.3012,2
45.0,h3_res_gate_norm_mod,norm_elementwise,2.4784,1
45.0,index_select_rows,layout_copy,0.0153,1
45.0,memcpy HtoD,copies_memset,0.0042,1
45.0,memset,copies_memset,0.068,73
45.0,mx_binary,norm_elementwise,0.042,2
45.0,mx_block_copy,layout_copy,4.2489,20
45.0,mx_merge_heads,layout_copy,3.6331,1
45.0,mx_swiglu,norm_elementwise,6.5164,10
45.0,nvjet_sm90_qqtst_128x160_128x5_1x2_h_bz_coopA_algo2_TNT,gemm,28.2547,7
45.0,nvjet_sm90_qqtst_128x160_128x5_2x1_v_bz_coopA_algo2_TNT,gemm,8.4245,10
45.0,nvjet_sm90_qqtst_144x128_128x6_1x2_h_bz_coopA_algo2_TNN,gemm,15.7046,9
45.0,nvjet_sm90_qqtst_192x96_128x5_2x1_v_bz_coopB_algo2_TNT,gemm,0.2717,1
45.0,nvjet_sm90_tst_256x160_64x4_1x2_h_bz_coopA_TNT,gemm,14.1756,2
45.0,sm80_xmma_gemm_f32f32_f32f32_f32_nn_n_tilesize64x128x8_stage3_warpsize1x4x1_ffma_aligna4_alignc4_execute_kernel__5x_cublas,gemm,0.7772,1
45.0,sm80_xmma_gemm_f32f32_f32f32_f32_tn_n_tilesize128x128x8_stage3_warpsize2x2x1_ffma_aligna4_alignc4_execute_kernel__5x_cublas,gemm,0.9024,1
45.0,softmax_last,attention,0.5817,1
45.0,vsa_combine,attention,4.8217,1
45.0,vsa_mma_attn_tma2,attention,96.2963,1
45.0,vsa_tile_mean,attention,2.5807,3
45.0,vsa_tile_qkv,attention,12.0851,3
45.0,vsa_topk2,attention,1.3077,1
45.0,w8a8_quantize,cast_quant,15.2621,22
45.25,amax_abs_mixed,cast_quant,2.0465,22
45.25,bcast_binary,norm_elementwise,1.0808,2
45.25,block_copy,layout_copy,0.0464,3
45.25,cast_bf16_f32_bias_act,cast_quant,0.009,1
45.25,cast_f32_bf16,cast_quant,6.3507,6
45.25,fa_dc90_fwd_d128,attention,2.1063,1
45.25,fill_f,layout_copy,2.2175,2
45.25,fvf_h3_gate_res_norm_mod,norm_elementwise,2.3412,1
45.25,fvf_split_heads_rows,layout_copy,5.0246,4
45.25,h3_qk_norm_rope,norm_elementwise,25.1238,4
45.25,h3_res_gate_norm_mod,norm_elementwise,2.4111,1
45.25,index_select_rows,layout_copy,0.0151,1
45.25,memcpy HtoD,copies_memset,0.0042,1
45.25,memset,copies_memset,0.0565,69
45.25,mx_binary,norm_elementwise,0.0406,2
45.25,mx_block_copy,layout_copy,4.1026,20
45.25,mx_merge_heads,layout_copy,3.4921,1
45.25,mx_swiglu,norm_elementwise,6.2289,10
45.25,nvjet_sm90_qqtst_128x160_128x5_1x2_h_bz_coopA_algo2_TNT,gemm,16.1076,4
45.25,nvjet_sm90_qqtst_128x160_128x5_2x1_v_bz_coopA_algo2_TNT,gemm,8.3727,10
45.25,nvjet_sm90_qqtst_144x128_128x6_1x2_h_bz_coopA_algo2_TNN,gemm,15.702,9
45.25,nvjet_sm90_qqtst_192x96_128x5_2x1_v_bz_coopB_algo2_TNT,gemm,0.264,1
45.25,nvjet_sm90_tst_256x160_64x4_1x2_h_bz_coopA_TNT,gemm,7.0807,1
45.25,sm80_xmma_gemm_f32f32_f32f32_f32_nn_n_tilesize64x128x8_stage3_warpsize1x4x1_ffma_aligna4_alignc4_execute_kernel__5x_cublas,gemm,1.4915,2
45.25,sm80_xmma_gemm_f32f32_f32f32_f32_tn_n_tilesize128x128x8_stage3_warpsize2x2x1_ffma_aligna4_alignc4_execute_kernel__5x_cublas,gemm,1.7273,2
45.25,softmax_last,attention,1.1548,2
45.25,vsa_combine,attention,4.7619,1
45.25,vsa_mma_attn_tma2,attention,95.0327,1
45.25,vsa_tile_mean,attention,5.1092,6
45.25,vsa_tile_qkv,attention,11.4483,3
45.25,vsa_topk2,attention,2.511,2
45.25,w8a8_quantize,cast_quant,14.5233,22
45.5,amax_abs_mixed,cast_quant,2.0566,22
45.5,bcast_binary,norm_elementwise,0.5006,1
45.5,block_copy,layout_copy,0.0456,3
45.5,cast_bf16_f32_bias_act,cast_quant,0.009,1
45.5,cast_f32_bf16,cast_quant,6.4013,6
45.5,fa_dc90_fwd_d128,attention,2.1277,1
45.5,fill_f,layout_copy,4.742,4
45.5,fvf_h3_gate_res_norm_mod,norm_elementwise,2.4731,1
45.5,fvf_split_heads_rows,layout_copy,2.4822,2
45.5,h3_qk_norm_rope,norm_elementwise,13.1187,2
45.5,h3_res_gate_norm_mod,norm_elementwise,2.4384,1
45.5,index_select_rows,layout_copy,0.0155,1
45.5,memcpy HtoD,copies_memset,0.0042,1
45.5,memset,copies_memset,0.0592,69
45.5,mx_binary,norm_elementwise,0.0411,2
45.5,mx_block_copy,layout_copy,4.1636,20
45.5,mx_merge_heads,layout_copy,3.5432,1
45.5,mx_swiglu,norm_elementwise,6.3321,10
45.5,nvjet_sm90_qqtst_128x160_128x5_1x2_h_bz_coopA_algo2_TNT,gemm,16.1129,4
45.5,nvjet_sm90_qqtst_128x160_128x5_2x1_v_bz_coopA_algo2_TNT,gemm,8.3638,10
45.5,nvjet_sm90_qqtst_144x128_128x6_1x2_h_bz_coopA_algo2_TNN,gemm,15.8238,9
45.5,nvjet_sm90_qqtst_192x96_128x5_2x1_v_bz_coopB_algo2_TNT,gemm,0.264,1
45.5,nvjet_sm90_tst_256x160_64x4_1x2_h_bz_coopA_TNT,gemm,7.1261,1
45.5,sm80_xmma_gemm_f32f32_f32f32_f32_nn_n_tilesize64x128x8_stage3_warpsize1x4x1_ffma_aligna4_alignc4_execute_kernel__5x_cublas,gemm,0.6667,1
45.5,sm80_xmma_gemm_f32f32_f32f32_f32_tn_n_tilesize128x128x8_stage3_warpsize2x2x1_ffma_aligna4_alignc4_execute_kernel__5x_cublas,gemm,0.7825,1
45.5,softmax_last,attention,0.5527,1
45.5,vsa_combine,attention,4.7656,1
45.5,vsa_mma_attn_tma2,attention,194.5354,2
45.5,vsa_tile_mean,attention,2.4151,3
45.5,vsa_tile_qkv,attention,23.1562,6
45.5,vsa_topk2,attention,1.1241,1
45.5,w8a8_quantize,cast_quant,14.903,22
45.75,amax_abs_mixed,cast_quant,2.0635,22
45.75,bcast_binary,norm_elementwise,0.5477,1
45.75,block_copy,layout_copy,0.0466,3
45.75,cast_bf16_f32_bias_act,cast_quant,0.0092,1
45.75,cast_f32_bf16,cast_quant,6.4598,6
45.75,fa_dc90_fwd_d128,attention,2.1532,1
45.75,fill_f,layout_copy,2.2423,2
45.75,fvf_h3_gate_res_norm_mod,norm_elementwise,2.3883,1
45.75,fvf_split_heads_rows,layout_copy,2.5176,2
45.75,h3_qk_norm_rope,norm_elementwise,12.8309,2
45.75,h3_res_gate_norm_mod,norm_elementwise,2.4704,1
45.75,index_select_rows,layout_copy,0.0157,1
45.75,memcpy HtoD,copies_memset,0.0042,1
45.75,memset,copies_memset,0.063,69
45.75,mx_binary,norm_elementwise,0.0417,2
45.75,mx_block_copy,layout_copy,4.1909,20
45.75,mx_merge_heads,layout_copy,3.6276,1
45.75,mx_swiglu,norm_elementwise,6.4295,10
45.75,nvjet_sm90_qqtst_128x160_128x5_1x2_h_bz_coopA_algo2_TNT,gemm,16.1974,4
45.75,nvjet_sm90_qqtst_128x160_128x5_2x1_v_bz_coopA_algo2_TNT,gemm,8.3974,10
45.75,nvjet_sm90_qqtst_144x128_128x6_1x2_h_bz_coopA_algo2_TNN,gemm,15.7443,9
45.75,nvjet_sm90_qqtst_192x96_128x5_2x1_v_bz_coopB_algo2_TNT,gemm,0.2662,1
45.75,nvjet_sm90_tst_256x160_64x4_1x2_h_bz_coopA_TNT,gemm,7.0861,1
45.75,sm80_xmma_gemm_f32f32_f32f32_f32_nn_n_tilesize64x128x8_stage3_warpsize1x4x1_ffma_aligna4_alignc4_execute_kernel__5x_cublas,gemm,0.7674,1
45.75,sm80_xmma_gemm_f32f32_f32f32_f32_tn_n_tilesize128x128x8_stage3_warpsize2x2x1_ffma_aligna4_alignc4_execute_kernel__5x_cublas,gemm,0.8896,1
45.75,softmax_last,attention,0.5764,1
45.75,vsa_combine,attention,4.818,1
45.75,vsa_mma_attn_tma2,attention,96.3238,1
45.75,vsa_tile_mean,attention,2.5527,3
45.75,vsa_tile_qkv,attention,11.4954,3
45.75,vsa_topk2,attention,1.2582,1
45.75,w8a8_quantize,cast_quant,15.0454,22
46.0,add_bias_inplace,norm_elementwise,1.0471,101
46.0,amax_abs_mixed,cast_quant,1.7326,21
46.0,bcast_binary,norm_elementwise,0.0605,7
46.0,block_copy,layout_copy,2.285,100
46.0,cast_bf16_f32_bias_act,cast_quant,1.734,5
46.0,cast_f32_bf16,cast_quant,8.0914,12
46.0,elem_add,norm_elementwise,0.6504,56
46.0,fa_dc90_fwd_d128,attention,2.138,1
46.0,gather_nd,layout_copy,0.0065,1
46.0,h3_gate_residual,norm_elementwise,2.849,1
46.0,h3_res_gate_norm_mod,norm_elementwise,2.4054,1
46.0,index_select_rows,layout_copy,0.0155,1
46.0,lincomb3,norm_elementwise,0.0778,4
46.0,memcpy HtoD,copies_memset,0.0042,1
46.0,memset,copies_memset,0.0919,91
46.0,mul_scalar,norm_elementwise,1.5752,93
46.0,mx_binary,norm_elementwise,5.007,6
46.0,mx_block_copy,layout_copy,6.176,22
46.0,mx_merge_heads,layout_copy,3.4922,1
46.0,mx_rms_norm,norm_elementwise,1.238,2
46.0,mx_swiglu,norm_elementwise,6.3023,10
46.0,nvjet_sm90_qqtst_128x160_128x5_1x2_h_bz_coopA_algo2_TNT,gemm,3.9033,1
46.0,nvjet_sm90_qqtst_128x160_128x5_2x1_v_bz_coopA_algo2_TNT,gemm,8.373,10
46.0,nvjet_sm90_qqtst_144x128_128x6_1x2_h_bz_coopA_algo2_TNN,gemm,15.762,9
46.0,nvjet_sm90_qqtst_192x96_128x5_2x1_v_bz_coopB_algo2_TNT,gemm,0.2624,1
46.0,nvjet_sm90_tst_32x64_64x16_1x4_h_bz_splitK_TNN,gemm,0.0049,1
46.0,nvjet_sm90_tst_96x192_64x5_1x2_h_bz_TNN,gemm,0.2927,1
46.0,pad_axis,layout_copy,4.8612,187
46.0,sm80_xmma_dgrad_implicit_gemm_f32f32_f32f32_f32_nchwkcrs_nchw_tilesize32x32x8_stage3_warpsize1x2x1_g1_ffma_aligna4_alignc4_execute_kernel__5x_cudnn,vae_conv,0.0842,1
46.0,sm80_xmma_dgrad_implicit_gemm_tf32f32_tf32f32_f32_nhwckrsc_nhwc_tilesize256x64x32_stage3_warpsize4x2x1_g1_tensor16x8x8_execute_kernel__5x_cudnn,vae_conv,0.21,1
46.0,sm80_xmma_fprop_implicit_gemm_f32f32_f32f32_f32_nchwkcrs_nchw_tilesize64x32x8_stage3_warpsize1x2x1_g1_ffma_aligna4_alignc4_execute_kernel__5x_cudnn,vae_conv,0.2732,9
46.0,sm80_xmma_fprop_implicit_gemm_tf32f32_tf32f32_f32_nhwckrsc_nchw_tilesize128x128x16_stage4_warpsize2x2x1_g1_tensor16x8x8_alignc4_execute_kernel__5x_cudnn,vae_conv,0.8817,16
46.0,sm80_xmma_fprop_implicit_gemm_tf32f32_tf32f32_f32_nhwckrsc_nchw_tilesize256x64x32_stage3_warpsize4x2x1_g1_tensor16x8x8_execute_kernel__5x_cudnn,vae_conv,0.6288,21
46.0,sm80_xmma_gemm_f32f32_f32f32_f32_nn_n_tilesize32x32x8_stage3_warpsize1x2x1_ffma_aligna4_alignc4_execute_kernel__5x_cublas,gemm,0.0082,1
46.0,sm90_xmma_dgrad_implicit_gemm_indexed_f32f32_tf32f32_f32_nhwckrsc_nhwc_tilesize128x128x32_warpgroupsize1x1x1_g1_strided_execute_kernel__5x_cudnn,vae_conv,0.0224,1
46.0,sm90_xmma_dgrad_implicit_gemm_indexed_f32f32_tf32f32_f32_nhwckrsc_nhwc_tilesize128x64x32_warpgroupsize1x1x1_g1_strided_execute_kernel__5x_cudnn,vae_conv,0.0174,1
46.0,sm90_xmma_dgrad_implicit_gemm_indexed_f32f32_tf32f32_f32_nhwckrsc_nhwc_tilesize256x64x32_warpgroupsize1x1x1_g1_strided_execute_kernel__5x_cudnn,vae_conv,0.0519,2
46.0,sm90_xmma_fprop_implicit_gemm_f32f32_tf32f32_f32_nhwckrsc_nhwc_tilesize128x128x32_warpgroupsize1x1x1_g1_execute_segment_k_off_kernel__5x_cudnn,vae_conv,0.3202,12
46.0,sm90_xmma_fprop_implicit_gemm_f32f32_tf32f32_f32_nhwckrsc_nhwc_tilesize128x32x32_warpgroupsize1x1x1_g1_execute_segment_k_off_kernel__5x_cudnn,vae_conv,0.1984,9
46.0,sm90_xmma_fprop_implicit_gemm_f32f32_tf32f32_f32_nhwckrsc_nhwc_tilesize256x128x32_warpgroupsize2x1x1_g1_execute_segment_k_off_kernel__5x_cudnn,vae_conv,0.0415,1
46.0,sm90_xmma_fprop_implicit_gemm_f32f32_tf32f32_f32_nhwckrsc_nhwc_tilesize256x128x32_warpgroupsize2x1x1_g1_execute_segment_k_on_kernel__5x_cudnn,vae_conv,0.0628,1
46.0,sm90_xmma_fprop_implicit_gemm_f32f32_tf32f32_f32_nhwckrsc_nhwc_tilesize64x128x32_warpgroupsize1x1x1_g1_execute_segment_k_off_kernel__5x_cudnn,vae_conv,0.504,14
46.0,sm90_xmma_fprop_implicit_gemm_f32f32_tf32f32_f32_nhwckrsc_nhwc_tilesize64x128x32_warpgroupsize1x1x1_g1_execute_segment_k_on_kernel__5x_cudnn,vae_conv,0.4317,11
46.0,snake_beta,vae_conv,2.7142,93
46.0,cask_plugin__5x_cudnn::xmma__5x_cudnn::init_device_workspace_kernel<xmma__5x_cudnn::implicit_gemm::fprop::Warp_specialized_params_non_template<xmma__5x_cudnn::G…,vae_conv,0.0427,12
46.0,"cublasLt::splitKreduce_kernel<(int)32, (int)16, int, float, __nv_bfloat16, float, __nv_bfloat16, (bool)0, float, __nv_bfloat16, __nv_bfloat16, (bool)1, (bool)0,…",gemm,0.0019,1
46.0,"cudnn::cnn::conv2d_grouped_direct_kernel<(bool)0, (bool)1, (bool)0, (bool)0, (bool)0, (bool)0, (int)1, (int)0, int, float, float, float, float, float, float>(cu…",vae_conv,2.6975,93
46.0,"cudnn::cnn::dgrad2d_grouped_direct_kernel<float, int, float, float, (bool)0, (bool)1, (int)1, (int)0>(cudnn::cnn::DgradGroupedDirectParams, const T1 *, const T1…",vae_conv,8.3913,90
46.0,"cudnn::detail::dgrad_engine<float, (int)512, (int)6, (int)5, (int)3, (int)3, (int)3, (bool)0>(int, int, int, const T1 *, int, const T1 *, int, T1 *, kernel_grad…",vae_conv,1.2928,49
46.0,"cudnn::engines_precompiled::nchwToNhwcKernel<float, float, float, (bool)0, (bool)1, (cudnnKernelDataType_t)0>(cudnn::engines_precompiled::nchw2nhwc_params_t<T3>…",vae_conv,0.7737,104
46.0,"cudnn::engines_precompiled::nchwToNhwcKernel<float, float, float, (bool)0, (bool)1, (cudnnKernelDataType_t)2>(cudnn::engines_precompiled::nchw2nhwc_params_t<T3>…",vae_conv,0.3647,76
46.0,"cudnn::engines_precompiled::nhwcToNchwKernel<float, float, float, (bool)1, (bool)0, (cudnnKernelDataType_t)0>(cudnn::engines_precompiled::nhwc2nchw_params_t<T3>…",vae_conv,0.3129,53
46.0,"cudnn::engines_precompiled::scaleTensor_kernel<float, float, (int)16, (int)16>(cudnnTensor4dStruct, T1 *, T2)",vae_conv,3.0483,56
46.0,vsa_combine,attention,4.8207,1
46.0,w8a8_quantize,cast_quant,12.1109,21
46.25,add_bias_inplace,norm_elementwise,0.3952,34
46.25,bcast_binary,norm_elementwise,0.0958,4
46.25,block_copy,layout_copy,1.7658,112
46.25,cast_bf16_f32_bias_act,cast_quant,0.497,5
46.25,cast_f32_bf16,cast_quant,0.1325,5
46.25,clamp_f,norm_elementwise,0.0021,1
46.25,elem_add,norm_elementwise,0.2562,21
46.25,flash_mma_fwd2_d64,attention,37.9907,43
46.25,gather_nd,layout_copy,3.2535,18
46.25,h3v_merge_heads_bf16,layout_copy,6.5108,43
46.25,h3v_qkv_heads_bf16,layout_copy,29.7494,43
46.25,h3v_residual_norm_bf16,norm_elementwise,13.0683,88
46.25,h3v_swiglu_bf16,norm_elementwise,21.5811,43
46.25,layer_norm_last,norm_elementwise,0.1013,1
46.25,memcpy DtoH,copies_memset,0.0303,1
46.25,memcpy HtoD,copies_memset,0.0372,4
46.25,memset,copies_memset,0.1727,180
46.25,mul_scalar,norm_elementwise,0.6381,34
46.25,nvjet_sm90_tst_128x256_64x4_2x1_v_bz_coopA_TNN,gemm,0.0532,2
46.25,nvjet_sm90_tst_192x128_64x5_1x2_h_bz_coopB_TNT,gemm,0.2564,1
46.25,nvjet_sm90_tst_192x208_64x4_2x1_v_bz_coopB_TNT,gemm,20.1486,44
46.25,nvjet_sm90_tst_256x128_64x4_1x2_h_bz_coopA_TNT,gemm,32.3611,86
46.25,nvjet_sm90_tst_256x160_64x4_1x2_h_bz_coopA_TNT,gemm,51.312,43
46.25,nvjet_sm90_tst_32x64_64x16_1x2_h_bz_TNN,gemm,0.009,2
46.25,pad_axis,layout_copy,1.9711,67
46.25,sm80_xmma_dgrad_implicit_gemm_f32f32_f32f32_f32_nchwkcrs_nchw_tilesize32x32x8_stage3_warpsize1x2x1_g1_ffma_aligna4_alignc4_execute_kernel__5x_cudnn,vae_conv,0.101,1
46.25,sm80_xmma_fprop_implicit_gemm_f32f32_f32f32_f32_nchwkcrs_nchw_tilesize64x32x8_stage3_warpsize1x2x1_g1_ffma_aligna4_alignc4_execute_kernel__5x_cudnn,vae_conv,1.5977,27
46.25,sm80_xmma_fprop_implicit_gemm_indexed_wo_smem_tf32f32_tf32f32_f32_nhwckrsc_nhwc_tilesize128x16x64_stage1_warpsize4x1x1_g1_tensor16x8x8_alignc4_execute_kernel__5…,vae_conv,0.0156,1
46.25,sm80_xmma_fprop_implicit_gemm_tf32f32_tf32f32_f32_nhwckrsc_nchw_tilesize256x64x32_stage3_warpsize4x2x1_g1_tensor16x8x8_execute_kernel__5x_cudnn,vae_conv,0.1233,2
46.25,sm90_xmma_fprop_implicit_gemm_f32f32_tf32f32_f32_nhwckrsc_nhwc_tilesize128x32x32_warpgroupsize1x1x1_g1_execute_segment_k_off_kernel__5x_cudnn,vae_conv,0.1859,4
46.25,snake_beta,vae_conv,1.1149,34
46.25,"cudnn::cnn::conv2d_grouped_direct_kernel<(bool)0, (bool)1, (bool)0, (bool)0, (bool)0, (bool)0, (int)1, (int)0, int, float, float, float, float, float, float>(cu…",vae_conv,1.1028,34
46.25,"cudnn::detail::dgrad_engine<float, (int)512, (int)6, (int)5, (int)3, (int)3, (int)3, (bool)0>(int, int, int, const T1 *, int, const T1 *, int, T1 *, kernel_grad…",vae_conv,13.029,391
46.25,"cudnn::engines_precompiled::nchwToNhwcKernel<float, float, float, (bool)0, (bool)1, (cudnnKernelDataType_t)0>(cudnn::engines_precompiled::nchw2nhwc_params_t<T3>…",vae_conv,0.0407,8
46.25,"cudnn::engines_precompiled::nchwToNhwcKernel<float, float, float, (bool)0, (bool)1, (cudnnKernelDataType_t)2>(cudnn::engines_precompiled::nchw2nhwc_params_t<T3>…",vae_conv,0.0388,6
46.25,"cudnn::engines_precompiled::nhwcToNchwKernel<float, float, float, (bool)1, (bool)0, (cudnnKernelDataType_t)0>(cudnn::engines_precompiled::nhwc2nchw_params_t<T3>…",vae_conv,0.0347,4
46.25,"cudnn::engines_precompiled::scaleTensor_kernel<float, float, (int)16, (int)16>(cudnnTensor4dStruct, T1 *, T2)",vae_conv,28.7517,384
46.5,block_copy,layout_copy,0.6147,43
46.5,cast_bf16_f32_bias_act,cast_quant,0.3578,3
46.5,cast_f32_bf16,cast_quant,0.1273,3
46.5,flash_mma_fwd2_d64,attention,43.8959,49
46.5,gather_nd,layout_copy,2.8409,16
46.5,h3v_merge_heads_bf16,layout_copy,7.5179,49
46.5,h3v_qkv_heads_bf16,layout_copy,34.2797,49
46.5,h3v_residual_norm_bf16,norm_elementwise,14.8439,99
46.5,h3v_swiglu_bf16,norm_elementwise,24.8052,49
46.5,layer_norm_last,norm_elementwise,0.1006,1
46.5,memcpy HtoD,copies_memset,0.0183,2
46.5,memset,copies_memset,0.191,198
46.5,nvjet_sm90_tst_128x256_64x4_2x1_v_bz_coopA_TNN,gemm,0.026,1
46.5,nvjet_sm90_tst_192x128_64x5_1x2_h_bz_coopB_TNT,gemm,0.2472,1
46.5,nvjet_sm90_tst_192x208_64x4_2x1_v_bz_coopB_TNT,gemm,22.6264,49
46.5,nvjet_sm90_tst_256x128_64x4_1x2_h_bz_coopA_TNT,gemm,37.0747,98
46.5,nvjet_sm90_tst_256x160_64x4_1x2_h_bz_coopA_TNT,gemm,58.8528,49
46.5,nvjet_sm90_tst_32x64_64x16_1x2_h_bz_TNN,gemm,0.0041,1
46.75,block_copy,layout_copy,0.6132,43
46.75,cast_bf16_f32_bias_act,cast_quant,0.3563,3
46.75,cast_f32_bf16,cast_quant,0.1266,3
46.75,flash_mma_fwd2_d64,attention,44.6553,49
46.75,gather_nd,layout_copy,2.8209,16
46.75,h3v_merge_heads_bf16,layout_copy,7.6203,49
46.75,h3v_qkv_heads_bf16,layout_copy,34.6685,49
46.75,h3v_residual_norm_bf16,norm_elementwise,14.7466,98
46.75,h3v_swiglu_bf16,norm_elementwise,24.5133,48
46.75,layer_norm_last,norm_elementwise,0.1014,1
46.75,memcpy HtoD,copies_memset,0.0187,2
46.75,memset,copies_memset,0.1856,196
46.75,nvjet_sm90_tst_128x256_64x4_2x1_v_bz_coopA_TNN,gemm,0.0277,1
46.75,nvjet_sm90_tst_192x128_64x5_1x2_h_bz_coopB_TNT,gemm,0.2451,1
46.75,nvjet_sm90_tst_192x208_64x4_2x1_v_bz_coopB_TNT,gemm,22.3733,48
46.75,nvjet_sm90_tst_256x128_64x4_1x2_h_bz_coopA_TNT,gemm,36.6731,97
46.75,nvjet_sm90_tst_256x160_64x4_1x2_h_bz_coopA_TNT,gemm,59.2141,49
46.75,nvjet_sm90_tst_32x64_64x16_1x2_h_bz_TNN,gemm,0.004,1
47.0,block_copy,layout_copy,1.2531,86
47.0,cast_bf16_f32_bias_act,cast_quant,0.7333,6
47.0,cast_f32_bf16,cast_quant,0.2587,6
47.0,flash_mma_fwd2_d64,attention,43.4226,44
47.0,gather_nd,layout_copy,5.858,32
47.0,h3v_merge_heads_bf16,layout_copy,7.3081,44
47.0,h3v_qkv_heads_bf16,layout_copy,33.0536,44
47.0,h3v_residual_norm_bf16,norm_elementwise,13.8788,91
47.0,h3v_swiglu_bf16,norm_elementwise,24.0898,45
47.0,layer_norm_last,norm_elementwise,0.2074,2
47.0,memcpy HtoD,copies_memset,0.0365,4
47.0,memset,copies_memset,0.1632,182
47.0,nvjet_sm90_tst_128x256_64x4_2x1_v_bz_coopA_TNN,gemm,0.0528,2
47.0,nvjet_sm90_tst_192x128_64x5_1x2_h_bz_coopB_TNT,gemm,0.5127,2
47.0,nvjet_sm90_tst_192x208_64x4_2x1_v_bz_coopB_TNT,gemm,22.5553,45
47.0,nvjet_sm90_tst_256x128_64x4_1x2_h_bz_coopA_TNT,gemm,36.4933,89
47.0,nvjet_sm90_tst_256x160_64x4_1x2_h_bz_coopA_TNT,gemm,57.3171,44
47.0,nvjet_sm90_tst_32x64_64x16_1x2_h_bz_TNN,gemm,0.0083,2
47.25,block_copy,layout_copy,0.6112,43
47.25,cast_bf16_f32_bias_act,cast_quant,0.3552,3
47.25,cast_f32_bf16,cast_quant,0.1266,3
47.25,flash_mma_fwd2_d64,attention,44.5165,49
47.25,gather_nd,layout_copy,2.8103,16
47.25,h3v_merge_heads_bf16,layout_copy,7.5952,49
47.25,h3v_qkv_heads_bf16,layout_copy,34.6058,49
47.25,h3v_residual_norm_bf16,norm_elementwise,14.7487,98
47.25,h3v_swiglu_bf16,norm_elementwise,24.44,48
47.25,layer_norm_last,norm_elementwise,0.1009,1
47.25,memcpy HtoD,copies_memset,0.018,2
47.25,memset,copies_memset,0.1854,196
47.25,nvjet_sm90_tst_128x256_64x4_2x1_v_bz_coopA_TNN,gemm,0.0267,1
47.25,nvjet_sm90_tst_192x128_64x5_1x2_h_bz_coopB_TNT,gemm,0.2448,1
47.25,nvjet_sm90_tst_192x208_64x4_2x1_v_bz_coopB_TNT,gemm,22.3212,48
47.25,nvjet_sm90_tst_256x128_64x4_1x2_h_bz_coopA_TNT,gemm,36.6238,97
47.25,nvjet_sm90_tst_256x160_64x4_1x2_h_bz_coopA_TNT,gemm,59.3018,49
47.25,nvjet_sm90_tst_32x64_64x16_1x2_h_bz_TNN,gemm,0.004,1
47.5,bcast_binary,norm_elementwise,2.8252,210
47.5,block_copy,layout_copy,12.6652,759
47.5,cast_bf16_f32_bias_act,cast_quant,0.5297,6
47.5,cast_f32_bf16,cast_quant,0.1916,6
47.5,clamp_f,norm_elementwise,0.4532,1
47.5,elem_add,norm_elementwise,0.6604,104
47.5,flash_mma_fwd2_d64,attention,38.5542,61
47.5,gather_nd,layout_copy,7.1354,25
47.5,h3v_merge_heads_bf16,layout_copy,6.5909,61
47.5,h3v_qkv_heads_bf16,layout_copy,30.0298,61
47.5,h3v_residual_norm_bf16,norm_elementwise,13.3737,124
47.5,h3v_swiglu_bf16,norm_elementwise,21.7306,61
47.5,layer_norm_last,norm_elementwise,0.1538,2
47.5,memcpy DtoH,copies_memset,53.3097,1
47.5,memcpy HtoD,copies_memset,0.2634,214
47.5,memset,copies_memset,0.2377,247
47.5,nvjet_sm90_tst_128x256_64x4_2x1_v_bz_coopA_TNN,gemm,0.0275,1
47.5,nvjet_sm90_tst_192x128_64x5_1x2_h_bz_coopB_TNT,gemm,0.2453,1
47.5,nvjet_sm90_tst_192x160_64x4_2x1_v_bz_coopB_TNT,gemm,8.3764,36
47.5,nvjet_sm90_tst_192x192_64x4_2x1_v_bz_coopB_TNN,gemm,0.1284,1
47.5,nvjet_sm90_tst_192x208_64x4_2x1_v_bz_coopB_TNT,gemm,11.701,25
47.5,nvjet_sm90_tst_256x128_64x4_1x2_h_bz_coopA_TNT,gemm,19.0901,50
47.5,nvjet_sm90_tst_256x160_64x4_1x2_h_bz_coopA_TNT,gemm,29.2621,24
47.5,nvjet_sm90_tst_256x160_64x4_2x1_v_bz_coopA_TNT,gemm,36.1027,108
47.5,nvjet_sm90_tst_256x96_64x4_2x1_v_bz_coopA_TNT,gemm,0.0186,1
47.5,nvjet_sm90_tst_32x64_64x16_1x2_h_bz_TNN,gemm,0.0051,1
47.5,nvjet_sm90_tst_32x64_64x16_1x4_h_bz_TNN,gemm,0.0032,1
47.5,pack_rgb_u8,layout_copy,0.2245,1
47.75,block_copy,layout_copy,0.6045,43
47.75,cast_bf16_f32_bias_act,cast_quant,0.3505,3
47.75,cast_f32_bf16,cast_quant,0.1261,3
47.75,flash_mma_fwd2_d64,attention,44.3711,49
47.75,gather_nd,layout_copy,2.7647,16
47.75,h3v_merge_heads_bf16,layout_copy,7.4044,48
47.75,h3v_qkv_heads_bf16,layout_copy,34.4722,49
47.75,h3v_residual_norm_bf16,norm_elementwise,14.7102,98
47.75,h3v_swiglu_bf16,norm_elementwise,24.8598,49
47.75,layer_norm_last,norm_elementwise,0.1002,1
47.75,memcpy HtoD,copies_memset,0.0189,2
47.75,memset,copies_memset,0.1863,197
47.75,nvjet_sm90_tst_128x256_64x4_2x1_v_bz_coopA_TNN,gemm,0.0264,1
47.75,nvjet_sm90_tst_192x128_64x5_1x2_h_bz_coopB_TNT,gemm,0.2407,1
47.75,nvjet_sm90_tst_192x208_64x4_2x1_v_bz_coopB_TNT,gemm,22.7169,49
47.75,nvjet_sm90_tst_256x128_64x4_1x2_h_bz_coopA_TNT,gemm,36.9715,97
47.75,nvjet_sm90_tst_256x160_64x4_1x2_h_bz_coopA_TNT,gemm,59.0055,49
47.75,nvjet_sm90_tst_32x64_64x16_1x2_h_bz_TNN,gemm,0.0041,1
48.0,block_copy,layout_copy,0.6178,43
48.0,cast_bf16_f32_bias_act,cast_quant,0.3604,3
48.0,cast_f32_bf16,cast_quant,0.1278,3
48.0,flash_mma_fwd2_d64,attention,44.3573,48
48.0,gather_nd,layout_copy,2.8614,16
48.0,h3v_merge_heads_bf16,layout_copy,7.5393,48
48.0,h3v_qkv_heads_bf16,layout_copy,34.2934,48
48.0,h3v_residual_norm_bf16,norm_elementwise,14.6283,97
48.0,h3v_swiglu_bf16,norm_elementwise,24.6931,48
48.0,layer_norm_last,norm_elementwise,0.1025,1
48.0,memcpy HtoD,copies_memset,0.0222,2
48.0,memset,copies_memset,0.1834,194
48.0,nvjet_sm90_tst_128x256_64x4_2x1_v_bz_coopA_TNN,gemm,0.0281,1
48.0,nvjet_sm90_tst_192x128_64x5_1x2_h_bz_coopB_TNT,gemm,0.249,1
48.0,nvjet_sm90_tst_192x208_64x4_2x1_v_bz_coopB_TNT,gemm,22.5748,48
48.0,nvjet_sm90_tst_256x128_64x4_1x2_h_bz_coopA_TNT,gemm,36.7036,96
48.0,nvjet_sm90_tst_256x160_64x4_1x2_h_bz_coopA_TNT,gemm,58.5958,48
48.0,nvjet_sm90_tst_32x64_64x16_1x2_h_bz_TNN,gemm,0.004,1
48.25,block_copy,layout_copy,1.234,86
48.25,cast_bf16_f32_bias_act,cast_quant,0.7192,6
48.25,cast_f32_bf16,cast_quant,0.2548,6
48.25,flash_mma_fwd2_d64,attention,43.389,47
48.25,gather_nd,layout_copy,5.7039,32
48.25,h3v_merge_heads_bf16,layout_copy,7.5352,48
48.25,h3v_qkv_heads_bf16,layout_copy,33.5783,47
48.25,h3v_residual_norm_bf16,norm_elementwise,14.3805,96
48.25,h3v_swiglu_bf16,norm_elementwise,24.1777,47
48.25,layer_norm_last,norm_elementwise,0.2048,2
48.25,memcpy HtoD,copies_memset,0.0356,4
48.25,memset,copies_memset,0.1852,193
48.25,nvjet_sm90_tst_128x256_64x4_2x1_v_bz_coopA_TNN,gemm,0.0525,2
48.25,nvjet_sm90_tst_192x128_64x5_1x2_h_bz_coopB_TNT,gemm,0.4966,2
48.25,nvjet_sm90_tst_192x208_64x4_2x1_v_bz_coopB_TNT,gemm,22.0908,47
48.25,nvjet_sm90_tst_256x128_64x4_1x2_h_bz_coopA_TNT,gemm,36.0758,95
48.25,nvjet_sm90_tst_256x160_64x4_1x2_h_bz_coopA_TNT,gemm,57.3246,47
48.25,nvjet_sm90_tst_32x64_64x16_1x2_h_bz_TNN,gemm,0.0082,2
48.5,block_copy,layout_copy,0.6212,43
48.5,cast_bf16_f32_bias_act,cast_quant,0.3616,3
48.5,cast_f32_bf16,cast_quant,0.1281,3
48.5,flash_mma_fwd2_d64,attention,43.7546,48
48.5,gather_nd,layout_copy,2.8805,16
48.5,h3v_merge_heads_bf16,layout_copy,7.4529,48
48.5,h3v_qkv_heads_bf16,layout_copy,33.9616,48
48.5,h3v_residual_norm_bf16,norm_elementwise,14.7433,98
48.5,h3v_swiglu_bf16,norm_elementwise,25.0249,49
48.5,layer_norm_last,norm_elementwise,0.1032,1
48.5,memcpy HtoD,copies_memset,0.0174,2
48.5,memset,copies_memset,0.1859,196
48.5,nvjet_sm90_tst_128x256_64x4_2x1_v_bz_coopA_TNN,gemm,0.0265,1
48.5,nvjet_sm90_tst_192x128_64x5_1x2_h_bz_coopB_TNT,gemm,0.2512,1
48.5,nvjet_sm90_tst_192x208_64x4_2x1_v_bz_coopB_TNT,gemm,22.4292,48
48.5,nvjet_sm90_tst_256x128_64x4_1x2_h_bz_coopA_TNT,gemm,37.2443,97
48.5,nvjet_sm90_tst_256x160_64x4_1x2_h_bz_coopA_TNT,gemm,59.527,49
48.5,nvjet_sm90_tst_32x64_64x16_1x2_h_bz_TNN,gemm,0.0042,1
48.75,block_copy,layout_copy,0.614,43
48.75,cast_bf16_f32_bias_act,cast_quant,0.357,3
48.75,cast_f32_bf16,cast_quant,0.1269,3
48.75,flash_mma_fwd2_d64,attention,43.8686,49
48.75,gather_nd,layout_copy,2.8261,16
48.75,h3v_merge_heads_bf16,layout_copy,7.4906,49
48.75,h3v_qkv_heads_bf16,layout_copy,34.1987,49
48.75,h3v_residual_norm_bf16,norm_elementwise,14.9821,100
48.75,h3v_swiglu_bf16,norm_elementwise,24.7466,49
48.75,layer_norm_last,norm_elementwise,0.1007,1
48.75,memcpy HtoD,copies_memset,0.0174,2
48.75,memset,copies_memset,0.1868,199
48.75,nvjet_sm90_tst_128x256_64x4_2x1_v_bz_coopA_TNN,gemm,0.0274,1
48.75,nvjet_sm90_tst_192x128_64x5_1x2_h_bz_coopB_TNT,gemm,0.2454,1
48.75,nvjet_sm90_tst_192x208_64x4_2x1_v_bz_coopB_TNT,gemm,22.9419,50
48.75,nvjet_sm90_tst_256x128_64x4_1x2_h_bz_coopA_TNT,gemm,36.8766,98
48.75,nvjet_sm90_tst_256x160_64x4_1x2_h_bz_coopA_TNT,gemm,58.4801,49
48.75,nvjet_sm90_tst_32x64_64x16_1x2_h_bz_TNN,gemm,0.0041,1
49.0,bcast_binary,norm_elementwise,3.1997,212
49.0,block_copy,layout_copy,13.5641,727
49.0,cast_bf16_f32_bias_act,cast_quant,0.3963,4
49.0,cast_f32_bf16,cast_quant,0.1903,4
49.0,clamp_f,norm_elementwise,0.4584,1
49.0,elem_add,norm_elementwise,0.8137,105
49.0,flash_mma_fwd2_d64,attention,20.5253,40
49.0,gather_nd,layout_copy,7.3132,25
49.0,h3v_merge_heads_bf16,layout_copy,3.4924,40
49.0,h3v_qkv_heads_bf16,layout_copy,15.7674,40
49.0,h3v_residual_norm_bf16,norm_elementwise,7.0258,81
49.0,h3v_swiglu_bf16,norm_elementwise,11.3431,40
49.0,layer_norm_last,norm_elementwise,0.1578,2
49.0,memcpy DtoH,copies_memset,54.1099,1
49.0,memcpy HtoD,copies_memset,0.2473,214
49.0,memset,copies_memset,0.1476,162
49.0,nvjet_sm90_tst_192x128_64x5_1x2_h_bz_coopB_TNT,gemm,0.2532,1
49.0,nvjet_sm90_tst_192x160_64x4_2x1_v_bz_coopB_TNT,gemm,8.6028,36
49.0,nvjet_sm90_tst_192x192_64x4_2x1_v_bz_coopB_TNN,gemm,0.1321,1
49.0,nvjet_sm90_tst_192x208_64x4_2x1_v_bz_coopB_TNT,gemm,1.4487,3
49.0,nvjet_sm90_tst_256x128_64x4_1x2_h_bz_coopA_TNT,gemm,3.1242,8
49.0,nvjet_sm90_tst_256x160_64x4_1x2_h_bz_coopA_TNT,gemm,5.0282,4
49.0,nvjet_sm90_tst_256x160_64x4_2x1_v_bz_coopA_TNT,gemm,36.9598,108
49.0,nvjet_sm90_tst_256x96_64x4_2x1_v_bz_coopA_TNT,gemm,0.022,1
49.0,nvjet_sm90_tst_32x64_64x16_1x4_h_bz_TNN,gemm,0.0032,1
49.0,pack_rgb_u8,layout_copy,0.2269,1
49.5,block_copy,layout_copy,0.9829,79
49.5,cast_bf16_f32_bias_act,cast_quant,0.4964,5
49.5,cast_f32_bf16,cast_quant,0.1314,5
49.5,flash_mma_fwd2_d64,attention,34.2772,39
49.5,gather_nd,layout_copy,2.8393,16
49.5,h3v_merge_heads_bf16,layout_copy,5.8859,39
49.5,h3v_qkv_heads_bf16,layout_copy,26.8948,39
49.5,h3v_residual_norm_bf16,norm_elementwise,11.5703,78
49.5,h3v_swiglu_bf16,norm_elementwise,19.0166,38
49.5,layer_norm_last,norm_elementwise,0.1017,1
49.5,memcpy HtoD,copies_memset,0.0375,4
49.5,memset,copies_memset,0.1437,157
49.5,nvjet_sm90_tst_128x256_64x4_2x1_v_bz_coopA_TNN,gemm,0.0513,2
49.5,nvjet_sm90_tst_192x128_64x5_1x2_h_bz_coopB_TNT,gemm,0.246,1
49.5,nvjet_sm90_tst_192x208_64x4_2x1_v_bz_coopB_TNT,gemm,17.9489,39
49.5,nvjet_sm90_tst_256x128_64x4_1x2_h_bz_coopA_TNT,gemm,28.8722,77
49.5,nvjet_sm90_tst_256x160_64x4_1x2_h_bz_coopA_TNT,gemm,45.7362,38
49.5,nvjet_sm90_tst_32x64_64x16_1x2_h_bz_TNN,gemm,0.0088,2
49.75,block_copy,layout_copy,0.6037,43
49.75,cast_bf16_f32_bias_act,cast_quant,0.3481,3
49.75,cast_f32_bf16,cast_quant,0.1247,3
49.75,flash_mma_fwd2_d64,attention,42.8967,49
49.75,gather_nd,layout_copy,2.7478,16
49.75,h3v_merge_heads_bf16,layout_copy,7.3695,49
49.75,h3v_qkv_heads_bf16,layout_copy,34.4014,50
49.75,h3v_residual_norm_bf16,norm_elementwise,15.0559,101
49.75,h3v_swiglu_bf16,norm_elementwise,24.9723,50
49.75,layer_norm_last,norm_elementwise,0.0981,1
49.75,memcpy HtoD,copies_memset,0.018,2
49.75,memset,copies_memset,0.1825,201
49.75,nvjet_sm90_tst_128x256_64x4_2x1_v_bz_coopA_TNN,gemm,0.0287,1
49.75,nvjet_sm90_tst_192x128_64x5_1x2_h_bz_coopB_TNT,gemm,0.2381,1
49.75,nvjet_sm90_tst_192x208_64x4_2x1_v_bz_coopB_TNT,gemm,22.7446,50
49.75,nvjet_sm90_tst_256x128_64x4_1x2_h_bz_coopA_TNT,gemm,37.3085,99
49.75,nvjet_sm90_tst_256x160_64x4_1x2_h_bz_coopA_TNT,gemm,59.2966,50
49.75,nvjet_sm90_tst_32x64_64x16_1x2_h_bz_TNN,gemm,0.004,1
50.0,block_copy,layout_copy,0.6095,43
50.0,cast_bf16_f32_bias_act,cast_quant,0.3531,3
50.0,cast_f32_bf16,cast_quant,0.1268,3
50.0,flash_mma_fwd2_d64,attention,44.8547,49
50.0,gather_nd,layout_copy,2.7911,16
50.0,h3v_merge_heads_bf16,layout_copy,7.6302,49
50.0,h3v_qkv_heads_bf16,layout_copy,34.052,48
50.0,h3v_residual_norm_bf16,norm_elementwise,14.75,98
50.0,h3v_swiglu_bf16,norm_elementwise,24.5538,48
50.0,layer_norm_last,norm_elementwise,0.1021,1
50.0,memcpy HtoD,copies_memset,0.018,2
50.0,memset,copies_memset,0.1786,196
50.0,nvjet_sm90_tst_128x256_64x4_2x1_v_bz_coopA_TNN,gemm,0.0254,1
50.0,nvjet_sm90_tst_192x128_64x5_1x2_h_bz_coopB_TNT,gemm,0.2437,1
50.0,nvjet_sm90_tst_192x208_64x4_2x1_v_bz_coopB_TNT,gemm,22.3965,48
50.0,nvjet_sm90_tst_256x128_64x4_1x2_h_bz_coopA_TNT,gemm,36.705,97
50.0,nvjet_sm90_tst_256x160_64x4_1x2_h_bz_coopA_TNT,gemm,59.3291,49
50.0,nvjet_sm90_tst_32x64_64x16_1x2_h_bz_TNN,gemm,0.004,1
50.25,block_copy,layout_copy,1.2577,86
50.25,cast_bf16_f32_bias_act,cast_quant,0.7386,6
50.25,cast_f32_bf16,cast_quant,0.2599,6
50.25,flash_mma_fwd2_d64,attention,43.1191,45
50.25,gather_nd,layout_copy,5.898,32
50.25,h3v_merge_heads_bf16,layout_copy,7.3207,45
50.25,h3v_qkv_heads_bf16,layout_copy,33.9839,46
50.25,h3v_residual_norm_bf16,norm_elementwise,14.1049,93
50.25,h3v_swiglu_bf16,norm_elementwise,24.333,46
50.25,layer_norm_last,norm_elementwise,0.2099,2
50.25,memcpy HtoD,copies_memset,0.0348,4
50.25,memset,copies_memset,0.1719,186
50.25,nvjet_sm90_tst_128x256_64x4_2x1_v_bz_coopA_TNN,gemm,0.0551,2
50.25,nvjet_sm90_tst_192x128_64x5_1x2_h_bz_coopB_TNT,gemm,0.5147,2
50.25,nvjet_sm90_tst_192x208_64x4_2x1_v_bz_coopB_TNT,gemm,22.446,46
50.25,nvjet_sm90_tst_256x128_64x4_1x2_h_bz_coopA_TNT,gemm,36.3052,91
50.25,nvjet_sm90_tst_256x160_64x4_1x2_h_bz_coopA_TNT,gemm,56.994,45
50.25,nvjet_sm90_tst_32x64_64x16_1x2_h_bz_TNN,gemm,0.0087,2
50.5,block_copy,layout_copy,0.6175,43
50.5,cast_bf16_f32_bias_act,cast_quant,0.3612,3
50.5,cast_f32_bf16,cast_quant,0.1276,3
50.5,flash_mma_fwd2_d64,attention,44.4101,48
50.5,gather_nd,layout_copy,2.8645,16
50.5,h3v_merge_heads_bf16,layout_copy,7.5531,48
50.5,h3v_qkv_heads_bf16,layout_copy,34.2974,48
50.5,h3v_residual_norm_bf16,norm_elementwise,14.6544,97
50.5,h3v_swiglu_bf16,norm_elementwise,24.6833,48
50.5,layer_norm_last,norm_elementwise,0.101,1
50.5,memcpy HtoD,copies_memset,0.0183,2
50.5,memset,copies_memset,0.1751,194
50.5,nvjet_sm90_tst_128x256_64x4_2x1_v_bz_coopA_TNN,gemm,0.0259,1
50.5,nvjet_sm90_tst_192x128_64x5_1x2_h_bz_coopB_TNT,gemm,0.2498,1
50.5,nvjet_sm90_tst_192x208_64x4_2x1_v_bz_coopB_TNT,gemm,22.6028,48
50.5,nvjet_sm90_tst_256x128_64x4_1x2_h_bz_coopA_TNT,gemm,36.7556,96
50.5,nvjet_sm90_tst_256x160_64x4_1x2_h_bz_coopA_TNT,gemm,58.6287,48
50.5,nvjet_sm90_tst_32x64_64x16_1x2_h_bz_TNN,gemm,0.0041,1
50.75,bcast_binary,norm_elementwise,3.2077,212
50.75,block_copy,layout_copy,13.9625,763
50.75,cast_bf16_f32_bias_act,cast_quant,0.5319,6
50.75,cast_f32_bf16,cast_quant,0.1925,6
50.75,clamp_f,norm_elementwise,0.4587,1
50.75,elem_add,norm_elementwise,0.814,105
50.75,flash_mma_fwd2_d64,attention,39.4423,61
50.75,gather_nd,layout_copy,7.1703,25
50.75,h3v_merge_heads_bf16,layout_copy,6.7114,61
50.75,h3v_qkv_heads_bf16,layout_copy,29.7835,60
50.75,h3v_residual_norm_bf16,norm_elementwise,13.2997,123
50.75,h3v_swiglu_bf16,norm_elementwise,21.9967,61
50.75,layer_norm_last,norm_elementwise,0.1546,2
50.75,memcpy DtoH,copies_memset,53.6182,1
50.75,memcpy HtoD,copies_memset,0.2706,216
50.75,memset,copies_memset,0.221,247
50.75,nvjet_sm90_tst_128x256_64x4_2x1_v_bz_coopA_TNN,gemm,0.0269,1
50.75,nvjet_sm90_tst_192x128_64x5_1x2_h_bz_coopB_TNT,gemm,0.2456,1
50.75,nvjet_sm90_tst_192x160_64x4_2x1_v_bz_coopB_TNT,gemm,8.488,36
50.75,nvjet_sm90_tst_192x192_64x4_2x1_v_bz_coopB_TNN,gemm,0.1308,1
50.75,nvjet_sm90_tst_192x208_64x4_2x1_v_bz_coopB_TNT,gemm,11.2746,24
50.75,nvjet_sm90_tst_256x128_64x4_1x2_h_bz_coopA_TNT,gemm,19.1148,50
50.75,nvjet_sm90_tst_256x160_64x4_1x2_h_bz_coopA_TNT,gemm,30.5329,25
50.75,nvjet_sm90_tst_256x160_64x4_2x1_v_bz_coopA_TNT,gemm,36.5122,108
50.75,nvjet_sm90_tst_256x96_64x4_2x1_v_bz_coopA_TNT,gemm,0.0203,1
50.75,nvjet_sm90_tst_32x64_64x16_1x2_h_bz_TNN,gemm,0.0052,1
50.75,nvjet_sm90_tst_32x64_64x16_1x4_h_bz_TNN,gemm,0.0032,1
50.75,pack_rgb_u8,layout_copy,0.2239,1
51.0,block_copy,layout_copy,0.6205,43
51.0,cast_bf16_f32_bias_act,cast_quant,0.3621,3
51.0,cast_f32_bf16,cast_quant,0.1281,3
51.0,flash_mma_fwd2_d64,attention,44.2591,49
51.0,gather_nd,layout_copy,2.8765,16
51.0,h3v_merge_heads_bf16,layout_copy,7.5524,49
51.0,h3v_qkv_heads_bf16,layout_copy,34.4299,49
51.0,h3v_residual_norm_bf16,norm_elementwise,14.8638,99
51.0,h3v_swiglu_bf16,norm_elementwise,24.3733,48
51.0,layer_norm_last,norm_elementwise,0.1023,1
51.0,memcpy HtoD,copies_memset,0.019,2
51.0,memset,copies_memset,0.1834,197
51.0,nvjet_sm90_tst_128x256_64x4_2x1_v_bz_coopA_TNN,gemm,0.0289,1
51.0,nvjet_sm90_tst_192x128_64x5_1x2_h_bz_coopB_TNT,gemm,0.25,1
51.0,nvjet_sm90_tst_192x208_64x4_2x1_v_bz_coopB_TNT,gemm,22.6823,49
51.0,nvjet_sm90_tst_256x128_64x4_1x2_h_bz_coopA_TNT,gemm,36.5481,97
51.0,nvjet_sm90_tst_256x160_64x4_1x2_h_bz_coopA_TNT,gemm,58.9856,49
51.0,nvjet_sm90_tst_32x64_64x16_1x2_h_bz_TNN,gemm,0.0041,1
51.25,block_copy,layout_copy,0.6207,43
51.25,cast_bf16_f32_bias_act,cast_quant,0.3614,3
51.25,cast_f32_bf16,cast_quant,0.1281,3
51.25,flash_mma_fwd2_d64,attention,44.6092,48
51.25,gather_nd,layout_copy,2.8756,16
51.25,h3v_merge_heads_bf16,layout_copy,7.5797,48
51.25,h3v_qkv_heads_bf16,layout_copy,34.5021,48
51.25,h3v_residual_norm_bf16,norm_elementwise,14.5125,96
51.25,h3v_swiglu_bf16,norm_elementwise,24.8006,48
51.25,layer_norm_last,norm_elementwise,0.1019,1
51.25,memcpy HtoD,copies_memset,0.0181,2
51.25,memset,copies_memset,0.1842,193
51.25,nvjet_sm90_tst_128x256_64x4_2x1_v_bz_coopA_TNN,gemm,0.0268,1
51.25,nvjet_sm90_tst_192x128_64x5_1x2_h_bz_coopB_TNT,gemm,0.2523,1
51.25,nvjet_sm90_tst_192x208_64x4_2x1_v_bz_coopB_TNT,gemm,22.6846,48
51.25,nvjet_sm90_tst_256x128_64x4_1x2_h_bz_coopA_TNT,gemm,36.9157,96
51.25,nvjet_sm90_tst_256x160_64x4_1x2_h_bz_coopA_TNT,gemm,57.6933,47
51.25,nvjet_sm90_tst_32x64_64x16_1x2_h_bz_TNN,gemm,0.0041,1
51.5,block_copy,layout_copy,1.2366,86
51.5,cast_bf16_f32_bias_act,cast_quant,0.7209,6
51.5,cast_f32_bf16,cast_quant,0.2562,6
51.5,flash_mma_fwd2_d64,attention,43.2801,47
51.5,gather_nd,layout_copy,5.7148,32
51.5,h3v_merge_heads_bf16,layout_copy,7.3572,47
51.5,h3v_qkv_heads_bf16,layout_copy,33.5129,47
51.5,h3v_residual_norm_bf16,norm_elementwise,14.5264,97
51.5,h3v_swiglu_bf16,norm_elementwise,24.147,47
51.5,layer_norm_last,norm_elementwise,0.2046,2
51.5,memcpy HtoD,copies_memset,0.0355,4
51.5,memset,copies_memset,0.1828,193
51.5,nvjet_sm90_tst_128x256_64x4_2x1_v_bz_coopA_TNN,gemm,0.0545,2
51.5,nvjet_sm90_tst_192x128_64x5_1x2_h_bz_coopB_TNT,gemm,0.499,2
51.5,nvjet_sm90_tst_192x208_64x4_2x1_v_bz_coopB_TNT,gemm,22.0969,47
51.5,nvjet_sm90_tst_256x128_64x4_1x2_h_bz_coopA_TNT,gemm,36.046,94
51.5,nvjet_sm90_tst_256x160_64x4_1x2_h_bz_coopA_TNT,gemm,58.6485,48
51.5,nvjet_sm90_tst_32x64_64x16_1x2_h_bz_TNN,gemm,0.0083,2
51.75,block_copy,layout_copy,0.6154,43
51.75,cast_bf16_f32_bias_act,cast_quant,0.3578,3
51.75,cast_f32_bf16,cast_quant,0.127,3
51.75,flash_mma_fwd2_d64,attention,44.3649,49
51.75,gather_nd,layout_copy,2.8341,16
51.75,h3v_merge_heads_bf16,layout_copy,7.427,48
51.75,h3v_qkv_heads_bf16,layout_copy,34.5106,49
51.75,h3v_residual_norm_bf16,norm_elementwise,14.7419,98
51.75,h3v_swiglu_bf16,norm_elementwise,24.9388,49
51.75,layer_norm_last,norm_elementwise,0.102,1
51.75,memcpy HtoD,copies_memset,0.0175,2
51.75,memset,copies_memset,0.1816,196
51.75,nvjet_sm90_tst_128x256_64x4_2x1_v_bz_coopA_TNN,gemm,0.0281,1
51.75,nvjet_sm90_tst_192x128_64x5_1x2_h_bz_coopB_TNT,gemm,0.2467,1
51.75,nvjet_sm90_tst_192x208_64x4_2x1_v_bz_coopB_TNT,gemm,22.7861,49
51.75,nvjet_sm90_tst_256x128_64x4_1x2_h_bz_coopA_TNT,gemm,37.0819,97
51.75,nvjet_sm90_tst_256x160_64x4_1x2_h_bz_coopA_TNT,gemm,58.1037,48
51.75,nvjet_sm90_tst_32x64_64x16_1x2_h_bz_TNN,gemm,0.0043,1
52.0,block_copy,layout_copy,0.6214,43
52.0,cast_bf16_f32_bias_act,cast_quant,0.3622,3
52.0,cast_f32_bf16,cast_quant,0.1279,3
52.0,flash_mma_fwd2_d64,attention,43.6244,49
52.0,gather_nd,layout_copy,2.8754,16
52.0,h3v_merge_heads_bf16,layout_copy,7.6103,50
52.0,h3v_qkv_heads_bf16,layout_copy,34.0712,49
52.0,h3v_residual_norm_bf16,norm_elementwise,14.9724,100
52.0,h3v_swiglu_bf16,norm_elementwise,24.6647,49
52.0,layer_norm_last,norm_elementwise,0.1019,1
52.0,memcpy HtoD,copies_memset,0.0173,2
52.0,memset,copies_memset,0.1869,199
52.0,nvjet_sm90_tst_128x256_64x4_2x1_v_bz_coopA_TNN,gemm,0.0259,1
52.0,nvjet_sm90_tst_192x128_64x5_1x2_h_bz_coopB_TNT,gemm,0.2523,1
52.0,nvjet_sm90_tst_192x208_64x4_2x1_v_bz_coopB_TNT,gemm,22.4601,49
52.0,nvjet_sm90_tst_256x128_64x4_1x2_h_bz_coopA_TNT,gemm,37.0362,99
52.0,nvjet_sm90_tst_256x160_64x4_1x2_h_bz_coopA_TNT,gemm,58.4522,49
52.0,nvjet_sm90_tst_32x64_64x16_1x2_h_bz_TNN,gemm,0.0041,1
52.25,bcast_binary,norm_elementwise,3.2011,212
52.25,block_copy,layout_copy,13.594,727
52.25,cast_bf16_f32_bias_act,cast_quant,0.3938,4
52.25,cast_f32_bf16,cast_quant,0.1893,4
52.25,clamp_f,norm_elementwise,0.4533,1
52.25,elem_add,norm_elementwise,0.8089,105
52.25,flash_mma_fwd2_d64,attention,23.0656,43
52.25,gather_nd,layout_copy,7.231,25
52.25,h3v_merge_heads_bf16,layout_copy,3.9187,43
52.25,h3v_qkv_heads_bf16,layout_copy,17.7572,43
52.25,h3v_residual_norm_bf16,norm_elementwise,8.0671,88
52.25,h3v_swiglu_bf16,norm_elementwise,13.2935,44
52.25,layer_norm_last,norm_elementwise,0.1555,2
52.25,memcpy DtoH,copies_memset,55.6423,1
52.25,memcpy HtoD,copies_memset,0.2462,214
52.25,memset,copies_memset,0.1661,177
52.25,nvjet_sm90_tst_192x128_64x5_1x2_h_bz_coopB_TNT,gemm,0.2501,1
52.25,nvjet_sm90_tst_192x160_64x4_2x1_v_bz_coopB_TNT,gemm,8.5285,36
52.25,nvjet_sm90_tst_192x192_64x4_2x1_v_bz_coopB_TNN,gemm,0.1332,1
52.25,nvjet_sm90_tst_192x208_64x4_2x1_v_bz_coopB_TNT,gemm,3.3124,7
52.25,nvjet_sm90_tst_256x128_64x4_1x2_h_bz_coopA_TNT,gemm,5.9868,15
52.25,nvjet_sm90_tst_256x160_64x4_1x2_h_bz_coopA_TNT,gemm,9.8339,8
52.25,nvjet_sm90_tst_256x160_64x4_2x1_v_bz_coopA_TNT,gemm,36.7048,108
52.25,nvjet_sm90_tst_256x96_64x4_2x1_v_bz_coopA_TNT,gemm,0.0183,1
52.25,nvjet_sm90_tst_32x64_64x16_1x4_h_bz_TNN,gemm,0.0032,1
52.25,pack_rgb_u8,layout_copy,0.2254,1
52.5,block_copy,layout_copy,0.3674,36
52.5,cast_bf16_f32_bias_act,cast_quant,0.1384,2
52.5,cast_f32_bf16,cast_quant,0.0042,2
52.5,flash_mma_fwd2_d64,attention,19.5426,23
52.5,h3v_merge_heads_bf16,layout_copy,3.3749,23
52.5,h3v_qkv_heads_bf16,layout_copy,15.4751,23
52.5,h3v_residual_norm_bf16,norm_elementwise,6.9588,47
52.5,h3v_swiglu_bf16,norm_elementwise,11.2954,23
52.5,memcpy HtoD,copies_memset,0.0188,2
52.5,memset,copies_memset,0.0854,94
52.5,nvjet_sm90_tst_128x256_64x4_2x1_v_bz_coopA_TNN,gemm,0.0263,1
52.5,nvjet_sm90_tst_192x208_64x4_2x1_v_bz_coopB_TNT,gemm,10.8701,24
52.5,nvjet_sm90_tst_256x128_64x4_1x2_h_bz_coopA_TNT,gemm,17.1571,46
52.5,nvjet_sm90_tst_256x160_64x4_1x2_h_bz_coopA_TNT,gemm,27.2611,23
52.5,nvjet_sm90_tst_32x64_64x16_1x2_h_bz_TNN,gemm,0.0039,1
52.75,block_copy,layout_copy,0.6168,43
52.75,cast_bf16_f32_bias_act,cast_quant,0.3601,3
52.75,cast_f32_bf16,cast_quant,0.1278,3
52.75,flash_mma_fwd2_d64,attention,44.1647,49
52.75,gather_nd,layout_copy,2.8609,16
52.75,h3v_merge_heads_bf16,layout_copy,7.5158,49
52.75,h3v_qkv_heads_bf16,layout_copy,34.3503,49
52.75,h3v_residual_norm_bf16,norm_elementwise,14.8373,99
52.75,h3v_swiglu_bf16,norm_elementwise,24.8168,49
52.75,layer_norm_last,norm_elementwise,0.102,1
52.75,memcpy HtoD,copies_memset,0.0175,2
52.75,memset,copies_memset,0.1756,197
52.75,nvjet_sm90_tst_128x256_64x4_2x1_v_bz_coopA_TNN,gemm,0.026,1
52.75,nvjet_sm90_tst_192x128_64x5_1x2_h_bz_coopB_TNT,gemm,0.2473,1
52.75,nvjet_sm90_tst_192x208_64x4_2x1_v_bz_coopB_TNT,gemm,22.1138,48
52.75,nvjet_sm90_tst_256x128_64x4_1x2_h_bz_coopA_TNT,gemm,36.9759,98
52.75,nvjet_sm90_tst_256x160_64x4_1x2_h_bz_coopA_TNT,gemm,58.672,49
52.75,nvjet_sm90_tst_32x64_64x16_1x2_h_bz_TNN,gemm,0.0043,1
53.0,block_copy,layout_copy,1.2313,86
53.0,cast_bf16_f32_bias_act,cast_quant,0.7105,6
53.0,cast_f32_bf16,cast_quant,0.2522,6
53.0,flash_mma_fwd2_d64,attention,43.5035,48
53.0,gather_nd,layout_copy,5.6771,32
53.0,h3v_merge_heads_bf16,layout_copy,7.4227,48
53.0,h3v_qkv_heads_bf16,layout_copy,33.871,48
53.0,h3v_residual_norm_bf16,norm_elementwise,14.529,97
53.0,h3v_swiglu_bf16,norm_elementwise,23.9219,47
53.0,layer_norm_last,norm_elementwise,0.2008,2
53.0,memcpy HtoD,copies_memset,0.0347,4
53.0,memset,copies_memset,0.178,195
53.0,nvjet_sm90_tst_128x256_64x4_2x1_v_bz_coopA_TNN,gemm,0.0516,2
53.0,nvjet_sm90_tst_192x128_64x5_1x2_h_bz_coopB_TNT,gemm,0.484,2
53.0,nvjet_sm90_tst_192x208_64x4_2x1_v_bz_coopB_TNT,gemm,22.2798,48
53.0,nvjet_sm90_tst_256x128_64x4_1x2_h_bz_coopA_TNT,gemm,35.8395,95
53.0,nvjet_sm90_tst_256x160_64x4_1x2_h_bz_coopA_TNT,gemm,57.8324,48
53.0,nvjet_sm90_tst_32x64_64x16_1x2_h_bz_TNN,gemm,0.0081,2
53.25,block_copy,layout_copy,0.6128,43
53.25,cast_bf16_f32_bias_act,cast_quant,0.354,3
53.25,cast_f32_bf16,cast_quant,0.1263,3
53.25,flash_mma_fwd2_d64,attention,43.5717,48
53.25,gather_nd,layout_copy,2.8068,16
53.25,h3v_merge_heads_bf16,layout_copy,7.4454,48
53.25,h3v_qkv_heads_bf16,layout_copy,34.6497,49
53.25,h3v_residual_norm_bf16,norm_elementwise,14.7729,98
53.25,h3v_swiglu_bf16,norm_elementwise,24.9873,49
53.25,layer_norm_last,norm_elementwise,0.1,1
53.25,memcpy HtoD,copies_memset,0.0174,2
53.25,memset,copies_memset,0.1776,196
53.25,nvjet_sm90_tst_128x256_64x4_2x1_v_bz_coopA_TNN,gemm,0.0264,1
53.25,nvjet_sm90_tst_192x128_64x5_1x2_h_bz_coopB_TNT,gemm,0.2432,1
53.25,nvjet_sm90_tst_192x208_64x4_2x1_v_bz_coopB_TNT,gemm,22.8632,49
53.25,nvjet_sm90_tst_256x128_64x4_1x2_h_bz_coopA_TNT,gemm,37.1698,97
53.25,nvjet_sm90_tst_256x160_64x4_1x2_h_bz_coopA_TNT,gemm,58.1818,48
53.25,nvjet_sm90_tst_32x64_64x16_1x2_h_bz_TNN,gemm,0.004,1
53.5,block_copy,layout_copy,0.6387,43
53.5,cast_bf16_f32_bias_act,cast_quant,0.3755,3
53.5,cast_f32_bf16,cast_quant,0.1316,3
53.5,flash_mma_fwd2_d64,attention,45.0056,47
53.5,gather_nd,layout_copy,3.0128,16
53.5,h3v_merge_heads_bf16,layout_copy,7.6226,47
53.5,h3v_qkv_heads_bf16,layout_copy,33.8813,46
53.5,h3v_residual_norm_bf16,norm_elementwise,14.3513,94
53.5,h3v_swiglu_bf16,norm_elementwise,24.762,47
53.5,layer_norm_last,norm_elementwise,0.1072,1
53.5,memcpy HtoD,copies_memset,0.0185,2
53.5,memset,copies_memset,0.1719,188
53.5,nvjet_sm90_tst_128x256_64x4_2x1_v_bz_coopA_TNN,gemm,0.0269,1
53.5,nvjet_sm90_tst_192x128_64x5_1x2_h_bz_coopB_TNT,gemm,0.2628,1
53.5,nvjet_sm90_tst_192x208_64x4_2x1_v_bz_coopB_TNT,gemm,22.3958,46
53.5,nvjet_sm90_tst_256x128_64x4_1x2_h_bz_coopA_TNT,gemm,36.4628,93
53.5,nvjet_sm90_tst_256x160_64x4_1x2_h_bz_coopA_TNT,gemm,59.3607,47
53.5,nvjet_sm90_tst_32x64_64x16_1x2_h_bz_TNN,gemm,0.0044,1
53.75,block_copy,layout_copy,1.1257,70
53.75,cast_bf16_f32_bias_act,cast_quant,0.6453,6
53.75,cast_f32_bf16,cast_quant,0.2534,6
53.75,flash_mma_fwd2_d64,attention,43.0821,58
53.75,gather_nd,layout_copy,5.6825,32
53.75,h3v_merge_heads_bf16,layout_copy,7.3581,58
53.75,h3v_qkv_heads_bf16,layout_copy,33.5054,58
53.75,h3v_residual_norm_bf16,norm_elementwise,14.7081,118
53.75,h3v_swiglu_bf16,norm_elementwise,23.9296,57
53.75,layer_norm_last,norm_elementwise,0.2036,2
53.75,memcpy HtoD,copies_memset,0.0361,4
53.75,memset,copies_memset,0.2132,236
53.75,nvjet_sm90_tst_128x256_64x4_2x1_v_bz_coopA_TNN,gemm,0.0259,1
53.75,nvjet_sm90_tst_192x128_64x5_1x2_h_bz_coopB_TNT,gemm,0.496,2
53.75,nvjet_sm90_tst_192x160_64x4_2x1_v_bz_coopB_TNT,gemm,4.8912,21
53.75,nvjet_sm90_tst_192x208_64x4_2x1_v_bz_coopB_TNT,gemm,17.2165,37
53.75,nvjet_sm90_tst_256x128_64x4_1x2_h_bz_coopA_TNT,gemm,28.6464,75
53.75,nvjet_sm90_tst_256x160_64x4_1x2_h_bz_coopA_TNT,gemm,44.6638,37
53.75,nvjet_sm90_tst_256x160_64x4_2x1_v_bz_coopA_TNT,gemm,20.7682,62
53.75,nvjet_sm90_tst_256x96_64x4_2x1_v_bz_coopA_TNT,gemm,0.0206,1
53.75,nvjet_sm90_tst_32x64_64x16_1x2_h_bz_TNN,gemm,0.0042,1
53.75,nvjet_sm90_tst_32x64_64x16_1x4_h_bz_TNN,gemm,0.0031,1
54.0,bcast_binary,norm_elementwise,3.1579,212
54.0,block_copy,layout_copy,13.9261,779
54.0,cast_bf16_f32_bias_act,cast_quant,0.602,6
54.0,cast_f32_bf16,cast_quant,0.1932,6
54.0,clamp_f,norm_elementwise,0.4549,1
54.0,elem_add,norm_elementwise,0.805,105
54.0,flash_mma_fwd2_d64,attention,39.2369,52
54.0,gather_nd,layout_copy,7.1404,25
54.0,h3v_merge_heads_bf16,layout_copy,6.575,51
54.0,h3v_qkv_heads_bf16,layout_copy,30.7216,52
54.0,h3v_residual_norm_bf16,norm_elementwise,13.4166,105
54.0,h3v_swiglu_bf16,norm_elementwise,22.0502,52
54.0,layer_norm_last,norm_elementwise,0.1541,2
54.0,memcpy DtoH,copies_memset,52.6974,1
54.0,memcpy HtoD,copies_memset,0.2703,216
54.0,memset,copies_memset,0.2093,210
54.0,nvjet_sm90_tst_128x256_64x4_2x1_v_bz_coopA_TNN,gemm,0.053,2
54.0,nvjet_sm90_tst_192x128_64x5_1x2_h_bz_coopB_TNT,gemm,0.2477,1
54.0,nvjet_sm90_tst_192x160_64x4_2x1_v_bz_coopB_TNT,gemm,3.5032,15
54.0,nvjet_sm90_tst_192x192_64x4_2x1_v_bz_coopB_TNN,gemm,0.1301,1
54.0,nvjet_sm90_tst_192x208_64x4_2x1_v_bz_coopB_TNT,gemm,16.913,37
54.0,nvjet_sm90_tst_256x128_64x4_1x2_h_bz_coopA_TNT,gemm,27.0067,72
54.0,nvjet_sm90_tst_256x160_64x4_1x2_h_bz_coopA_TNT,gemm,42.8317,36
54.0,nvjet_sm90_tst_256x160_64x4_2x1_v_bz_coopA_TNT,gemm,15.4113,46
54.0,nvjet_sm90_tst_32x64_64x16_1x2_h_bz_TNN,gemm,0.008,2
54.0,pack_rgb_u8,layout_copy,0.2231,1
54.25,block_copy,layout_copy,0.6121,43
54.25,cast_bf16_f32_bias_act,cast_quant,0.3569,3
54.25,cast_f32_bf16,cast_quant,0.1267,3
54.25,flash_mma_fwd2_d64,attention,44.1962,49
54.25,gather_nd,layout_copy,2.8235,16
54.25,h3v_merge_heads_bf16,layout_copy,7.5426,49
54.25,h3v_qkv_heads_bf16,layout_copy,34.4078,49
54.25,h3v_residual_norm_bf16,norm_elementwise,14.8658,99
54.25,h3v_swiglu_bf16,norm_elementwise,24.8454,49
54.25,layer_norm_last,norm_elementwise,0.1005,1
54.25,memcpy HtoD,copies_memset,0.0173,2
54.25,memset,copies_memset,0.1899,198
54.25,nvjet_sm90_tst_128x256_64x4_2x1_v_bz_coopA_TNN,gemm,0.0265,1
54.25,nvjet_sm90_tst_192x128_64x5_1x2_h_bz_coopB_TNT,gemm,0.2455,1
54.25,nvjet_sm90_tst_192x208_64x4_2x1_v_bz_coopB_TNT,gemm,22.6446,49
54.25,nvjet_sm90_tst_256x128_64x4_1x2_h_bz_coopA_TNT,gemm,37.0547,98
54.25,nvjet_sm90_tst_256x160_64x4_1x2_h_bz_coopA_TNT,gemm,58.8271,49
54.25,nvjet_sm90_tst_32x64_64x16_1x2_h_bz_TNN,gemm,0.004,1
54.5,block_copy,layout_copy,0.6152,43
54.5,cast_bf16_f32_bias_act,cast_quant,0.3575,3
54.5,cast_f32_bf16,cast_quant,0.1269,3
54.5,flash_mma_fwd2_d64,attention,44.3681,48
54.5,gather_nd,layout_copy,2.8265,16
54.5,h3v_merge_heads_bf16,layout_copy,7.5519,48
54.5,h3v_qkv_heads_bf16,layout_copy,34.3367,48
54.5,h3v_residual_norm_bf16,norm_elementwise,14.6425,97
54.5,h3v_swiglu_bf16,norm_elementwise,24.729,48
54.5,layer_norm_last,norm_elementwise,0.1023,1
54.5,memcpy HtoD,copies_memset,0.0223,2
54.5,memset,copies_memset,0.1817,194
54.5,nvjet_sm90_tst_128x256_64x4_2x1_v_bz_coopA_TNN,gemm,0.0296,1
54.5,nvjet_sm90_tst_192x128_64x5_1x2_h_bz_coopB_TNT,gemm,0.2463,1
54.5,nvjet_sm90_tst_192x208_64x4_2x1_v_bz_coopB_TNT,gemm,22.6102,48
54.5,nvjet_sm90_tst_256x128_64x4_1x2_h_bz_coopA_TNT,gemm,36.7766,96
54.5,nvjet_sm90_tst_256x160_64x4_1x2_h_bz_coopA_TNT,gemm,58.6964,48
54.5,nvjet_sm90_tst_32x64_64x16_1x2_h_bz_TNN,gemm,0.0042,1
54.75,block_copy,layout_copy,1.2361,86
54.75,cast_bf16_f32_bias_act,cast_quant,0.7217,6
54.75,cast_f32_bf16,cast_quant,0.2552,6
54.75,flash_mma_fwd2_d64,attention,43.4436,47
54.75,gather_nd,layout_copy,5.7227,32
54.75,h3v_merge_heads_bf16,layout_copy,7.3825,47
54.75,h3v_qkv_heads_bf16,layout_copy,33.6022,47
54.75,h3v_residual_norm_bf16,norm_elementwise,14.3823,96
54.75,h3v_swiglu_bf16,norm_elementwise,24.1904,47
54.75,layer_norm_last,norm_elementwise,0.2048,2
54.75,memcpy HtoD,copies_memset,0.0348,4
54.75,memset,copies_memset,0.1861,192
54.75,nvjet_sm90_tst_128x256_64x4_2x1_v_bz_coopA_TNN,gemm,0.0518,2
54.75,nvjet_sm90_tst_192x128_64x5_1x2_h_bz_coopB_TNT,gemm,0.4975,2
54.75,nvjet_sm90_tst_192x208_64x4_2x1_v_bz_coopB_TNT,gemm,22.153,47
54.75,nvjet_sm90_tst_256x128_64x4_1x2_h_bz_coopA_TNT,gemm,36.0281,94
54.75,nvjet_sm90_tst_256x160_64x4_1x2_h_bz_coopA_TNT,gemm,57.5496,47
54.75,nvjet_sm90_tst_32x64_64x16_1x2_h_bz_TNN,gemm,0.0083,2
55.0,block_copy,layout_copy,0.6177,43
55.0,cast_bf16_f32_bias_act,cast_quant,0.3619,3
55.0,cast_f32_bf16,cast_quant,0.1289,3
55.0,flash_mma_fwd2_d64,attention,43.3116,48
55.0,gather_nd,layout_copy,2.8756,16
55.0,h3v_merge_heads_bf16,layout_copy,7.5279,49
55.0,h3v_qkv_heads_bf16,layout_copy,34.3367,49
55.0,h3v_residual_norm_bf16,norm_elementwise,14.8586,99
55.0,h3v_swiglu_bf16,norm_elementwise,24.8268,49
55.0,layer_norm_last,norm_elementwise,0.1034,1
55.0,memcpy HtoD,copies_memset,0.0174,2
55.0,memset,copies_memset,0.184,198
55.0,nvjet_sm90_tst_128x256_64x4_2x1_v_bz_coopA_TNN,gemm,0.0276,1
55.0,nvjet_sm90_tst_192x128_64x5_1x2_h_bz_coopB_TNT,gemm,0.2532,1
55.0,nvjet_sm90_tst_192x208_64x4_2x1_v_bz_coopB_TNT,gemm,22.5655,49
55.0,nvjet_sm90_tst_256x128_64x4_1x2_h_bz_coopA_TNT,gemm,37.0614,98
55.0,nvjet_sm90_tst_256x160_64x4_1x2_h_bz_coopA_TNT,gemm,58.736,49
55.0,nvjet_sm90_tst_32x64_64x16_1x2_h_bz_TNN,gemm,0.0041,1
55.25,bcast_binary,norm_elementwise,3.2759,212
55.25,block_copy,layout_copy,13.7474,727
55.25,cast_bf16_f32_bias_act,cast_quant,0.3913,4
55.25,cast_f32_bf16,cast_quant,0.1891,4
55.25,clamp_f,norm_elementwise,0.4618,1
55.25,elem_add,norm_elementwise,0.8237,105
55.25,flash_mma_fwd2_d64,attention,36.4201,59
55.25,gather_nd,layout_copy,7.2123,25
55.25,h3v_merge_heads_bf16,layout_copy,6.237,59
55.25,h3v_qkv_heads_bf16,layout_copy,27.7208,58
55.25,h3v_residual_norm_bf16,norm_elementwise,12.6769,119
55.25,h3v_swiglu_bf16,norm_elementwise,20.5965,59
55.25,layer_norm_last,norm_elementwise,0.1556,2
55.25,memcpy DtoH,copies_memset,54.619,1
55.25,memcpy HtoD,copies_memset,0.247,214
55.25,memset,copies_memset,0.2298,238
55.25,nvjet_sm90_tst_192x128_64x5_1x2_h_bz_coopB_TNT,gemm,0.2459,1
55.25,nvjet_sm90_tst_192x160_64x4_2x1_v_bz_coopB_TNT,gemm,8.4741,36
55.25,nvjet_sm90_tst_192x192_64x4_2x1_v_bz_coopB_TNN,gemm,0.1321,1
55.25,nvjet_sm90_tst_192x208_64x4_2x1_v_bz_coopB_TNT,gemm,9.9962,22
55.25,nvjet_sm90_tst_256x128_64x4_1x2_h_bz_coopA_TNT,gemm,17.1864,46
55.25,nvjet_sm90_tst_256x160_64x4_1x2_h_bz_coopA_TNT,gemm,27.2936,23
55.25,nvjet_sm90_tst_256x160_64x4_2x1_v_bz_coopA_TNT,gemm,36.4352,108
55.25,nvjet_sm90_tst_256x96_64x4_2x1_v_bz_coopA_TNT,gemm,0.0202,1
55.25,nvjet_sm90_tst_32x64_64x16_1x4_h_bz_TNN,gemm,0.0033,1
55.25,pack_rgb_u8,layout_copy,0.2247,1
55.5,block_copy,layout_copy,0.3666,36
55.5,cast_bf16_f32_bias_act,cast_quant,0.1385,2
55.5,cast_f32_bf16,cast_quant,0.0041,2
55.5,flash_mma_fwd2_d64,attention,7.3691,9
55.5,h3v_merge_heads_bf16,layout_copy,1.2887,9
55.5,h3v_qkv_heads_bf16,layout_copy,5.9372,9
55.5,h3v_residual_norm_bf16,norm_elementwise,2.6085,18
55.5,h3v_swiglu_bf16,norm_elementwise,4.3436,9
55.5,memcpy HtoD,copies_memset,0.0186,2
55.5,memset,copies_memset,0.0334,37
55.5,nvjet_sm90_tst_128x256_64x4_2x1_v_bz_coopA_TNN,gemm,0.0256,1
55.5,nvjet_sm90_tst_192x208_64x4_2x1_v_bz_coopB_TNT,gemm,4.0347,9
55.5,nvjet_sm90_tst_256x128_64x4_1x2_h_bz_coopA_TNT,gemm,6.6471,18
55.5,nvjet_sm90_tst_256x160_64x4_1x2_h_bz_coopA_TNT,gemm,10.6088,9
55.5,nvjet_sm90_tst_32x64_64x16_1x2_h_bz_TNN,gemm,0.0041,1
55.75,block_copy,layout_copy,0.6098,43
55.75,cast_bf16_f32_bias_act,cast_quant,0.3533,3
55.75,cast_f32_bf16,cast_quant,0.1263,3
55.75,flash_mma_fwd2_d64,attention,44.0955,49
55.75,gather_nd,layout_copy,2.7988,16
55.75,h3v_merge_heads_bf16,layout_copy,7.5323,49
55.75,h3v_qkv_heads_bf16,layout_copy,34.3595,49
55.75,h3v_residual_norm_bf16,norm_elementwise,14.8497,99
55.75,h3v_swiglu_bf16,norm_elementwise,24.3401,48
55.75,layer_norm_last,norm_elementwise,0.1004,1
55.75,memcpy HtoD,copies_memset,0.0174,2
55.75,memset,copies_memset,0.1779,197
55.75,nvjet_sm90_tst_128x256_64x4_2x1_v_bz_coopA_TNN,gemm,0.0269,1
55.75,nvjet_sm90_tst_192x128_64x5_1x2_h_bz_coopB_TNT,gemm,0.2431,1
55.75,nvjet_sm90_tst_192x208_64x4_2x1_v_bz_coopB_TNT,gemm,22.7051,49
55.75,nvjet_sm90_tst_256x128_64x4_1x2_h_bz_coopA_TNT,gemm,36.5053,97
55.75,nvjet_sm90_tst_256x160_64x4_1x2_h_bz_coopA_TNT,gemm,59.01,49
55.75,nvjet_sm90_tst_32x64_64x16_1x2_h_bz_TNN,gemm,0.0042,1
56.0,block_copy,layout_copy,0.6226,43
56.0,cast_bf16_f32_bias_act,cast_quant,0.3612,3
56.0,cast_f32_bf16,cast_quant,0.1288,3
56.0,flash_mma_fwd2_d64,attention,44.5725,49
56.0,gather_nd,layout_copy,2.8753,16
56.0,h3v_merge_heads_bf16,layout_copy,7.4327,48
56.0,h3v_qkv_heads_bf16,layout_copy,34.5715,49
56.0,h3v_residual_norm_bf16,norm_elementwise,14.733,98
56.0,h3v_swiglu_bf16,norm_elementwise,24.9428,49
56.0,layer_norm_last,norm_elementwise,0.102,1
56.0,memcpy HtoD,copies_memset,0.0174,2
56.0,memset,copies_memset,0.1772,196
56.0,nvjet_sm90_tst_128x256_64x4_2x1_v_bz_coopA_TNN,gemm,0.0263,1
56.0,nvjet_sm90_tst_192x128_64x5_1x2_h_bz_coopB_TNT,gemm,0.2502,1
56.0,nvjet_sm90_tst_192x208_64x4_2x1_v_bz_coopB_TNT,gemm,22.7005,49
56.0,nvjet_sm90_tst_256x128_64x4_1x2_h_bz_coopA_TNT,gemm,37.0306,97
56.0,nvjet_sm90_tst_256x160_64x4_1x2_h_bz_coopA_TNT,gemm,57.828,48
56.0,nvjet_sm90_tst_32x64_64x16_1x2_h_bz_TNN,gemm,0.0041,1
56.25,block_copy,layout_copy,1.2158,86
56.25,cast_bf16_f32_bias_act,cast_quant,0.7067,6
56.25,cast_f32_bf16,cast_quant,0.2516,6
56.25,flash_mma_fwd2_d64,attention,42.4964,48
56.25,gather_nd,layout_copy,5.5806,32
56.25,h3v_merge_heads_bf16,layout_copy,7.4322,49
56.25,h3v_qkv_heads_bf16,layout_copy,33.2618,48
56.25,h3v_residual_norm_bf16,norm_elementwise,14.7119,99
56.25,h3v_swiglu_bf16,norm_elementwise,24.6254,49
56.25,layer_norm_last,norm_elementwise,0.1991,2
56.25,memcpy HtoD,copies_memset,0.0347,4
56.25,memset,copies_memset,0.1742,198
56.25,nvjet_sm90_tst_128x256_64x4_2x1_v_bz_coopA_TNN,gemm,0.0549,2
56.25,nvjet_sm90_tst_192x128_64x5_1x2_h_bz_coopB_TNT,gemm,0.4848,2
56.25,nvjet_sm90_tst_192x208_64x4_2x1_v_bz_coopB_TNT,gemm,21.949,48
56.25,nvjet_sm90_tst_256x128_64x4_1x2_h_bz_coopA_TNT,gemm,36.1847,97
56.25,nvjet_sm90_tst_256x160_64x4_1x2_h_bz_coopA_TNT,gemm,58.3436,49
56.25,nvjet_sm90_tst_32x64_64x16_1x2_h_bz_TNN,gemm,0.0081,2
56.5,block_copy,layout_copy,0.6466,43
56.5,cast_bf16_f32_bias_act,cast_quant,0.3822,3
56.5,cast_f32_bf16,cast_quant,0.1337,3
56.5,flash_mma_fwd2_d64,attention,44.1688,46
56.5,gather_nd,layout_copy,3.0796,16
56.5,h3v_merge_heads_bf16,layout_copy,7.487,46
56.5,h3v_qkv_heads_bf16,layout_copy,34.6167,47
56.5,h3v_residual_norm_bf16,norm_elementwise,14.3648,94
56.5,h3v_swiglu_bf16,norm_elementwise,24.2808,46
56.5,layer_norm_last,norm_elementwise,0.108,1
56.5,memcpy HtoD,copies_memset,0.0175,2
56.5,memset,copies_memset,0.1695,188
56.5,nvjet_sm90_tst_128x256_64x4_2x1_v_bz_coopA_TNN,gemm,0.0278,1
56.5,nvjet_sm90_tst_192x128_64x5_1x2_h_bz_coopB_TNT,gemm,0.2705,1
56.5,nvjet_sm90_tst_192x208_64x4_2x1_v_bz_coopB_TNT,gemm,22.9416,47
56.5,nvjet_sm90_tst_256x128_64x4_1x2_h_bz_coopA_TNT,gemm,37.1969,93
56.5,nvjet_sm90_tst_256x160_64x4_1x2_h_bz_coopA_TNT,gemm,58.4462,46
56.5,nvjet_sm90_tst_32x64_64x16_1x2_h_bz_TNN,gemm,0.0043,1
56.75,block_copy,layout_copy,0.6124,43
56.75,cast_bf16_f32_bias_act,cast_quant,0.3568,3
56.75,cast_f32_bf16,cast_quant,0.1267,3
56.75,flash_mma_fwd2_d64,attention,44.9942,49
56.75,gather_nd,layout_copy,2.822,16
56.75,h3v_merge_heads_bf16,layout_copy,7.6655,49
56.75,h3v_qkv_heads_bf16,layout_copy,34.1927,48
56.75,h3v_residual_norm_bf16,norm_elementwise,14.6365,97
56.75,h3v_swiglu_bf16,norm_elementwise,24.6363,48
56.75,layer_norm_last,norm_elementwise,0.101,1
56.75,memcpy HtoD,copies_memset,0.0174,2
56.75,memset,copies_memset,0.1733,194
56.75,nvjet_sm90_tst_128x256_64x4_2x1_v_bz_coopA_TNN,gemm,0.0298,1
56.75,nvjet_sm90_tst_192x128_64x5_1x2_h_bz_coopB_TNT,gemm,0.2442,1
56.75,nvjet_sm90_tst_192x208_64x4_2x1_v_bz_coopB_TNT,gemm,22.4532,48
56.75,nvjet_sm90_tst_256x128_64x4_1x2_h_bz_coopA_TNT,gemm,36.5978,96
56.75,nvjet_sm90_tst_256x160_64x4_1x2_h_bz_coopA_TNT,gemm,58.3157,48
56.75,nvjet_sm90_tst_32x64_64x16_1x2_h_bz_TNN,gemm,0.0042,1
57.0,bcast_binary,norm_elementwise,3.4493,214
57.0,block_copy,layout_copy,13.5934,728
57.0,cast_bf16_f32_bias_act,cast_quant,0.3883,4
57.0,cast_f32_bf16,cast_quant,0.187,4
57.0,clamp_f,norm_elementwise,0.5884,2
57.0,elem_add,norm_elementwise,0.83,105
57.0,flash_mma_fwd2_d64,attention,18.2045,38
57.0,gather_nd,layout_copy,8.0005,26
57.0,h3v_merge_heads_bf16,layout_copy,3.1002,38
57.0,h3v_qkv_heads_bf16,layout_copy,14.0439,38
57.0,h3v_residual_norm_bf16,norm_elementwise,6.6712,79
57.0,h3v_swiglu_bf16,norm_elementwise,10.6575,39
57.0,layer_norm_last,norm_elementwise,0.1542,2
57.0,memcpy DtoH,copies_memset,69.6241,2
57.0,memcpy HtoD,copies_memset,0.2475,216
57.0,memset,copies_memset,0.1422,158
57.0,nvjet_sm90_tst_192x128_64x5_1x2_h_bz_coopB_TNT,gemm,0.2422,1
57.0,nvjet_sm90_tst_192x160_64x4_2x1_v_bz_coopB_TNT,gemm,8.4744,36
57.0,nvjet_sm90_tst_192x192_64x4_2x1_v_bz_coopB_TNN,gemm,0.1307,1
57.0,nvjet_sm90_tst_192x208_64x4_2x1_v_bz_coopB_TNT,gemm,0.9177,2
57.0,nvjet_sm90_tst_256x128_64x4_1x2_h_bz_coopA_TNT,gemm,2.2442,6
57.0,nvjet_sm90_tst_256x160_64x4_1x2_h_bz_coopA_TNT,gemm,3.5871,3
57.0,nvjet_sm90_tst_256x160_64x4_2x1_v_bz_coopA_TNT,gemm,36.4763,108
57.0,nvjet_sm90_tst_256x96_64x4_2x1_v_bz_coopA_TNT,gemm,0.0192,1
57.0,nvjet_sm90_tst_32x64_64x16_1x4_h_bz_TNN,gemm,0.0031,1
57.0,pack_rgb_u8,layout_copy,0.295,2
