t_s,name,category,ms,n
0.0,bcast_binary,norm_elementwise,0.4007,1
0.0,cast_bf16_f32_bias_act,cast_quant,1.6622,2
0.0,cast_f32_bf16,cast_quant,0.0339,4
0.0,cutlass3x_sm100_simt_sgemm_f32_f32_f32_f32_f32_128x64x16_1x1x1_3_nnn_align1_bias_f32_relu,gemm,0.5388,1
0.0,cutlass3x_sm100_simt_sgemm_f32_f32_f32_f32_f32_64x32x16_1x1x1_3_tnn_align1_bias_f32_relu,gemm,0.699,1
0.0,fa_dc100_fwd_d128,attention,0.0123,2
0.0,fill_f,layout_copy,1.6038,2
0.0,fvf_split_heads_rows,layout_copy,1.5188,4
0.0,h3_norm_mod,norm_elementwise,1.3976,1
0.0,h3_qk_norm_rope,norm_elementwise,10.073,6
0.0,memcpy HtoD,copies_memset,4.1131,10
0.0,mx_binary,norm_elementwise,0.0118,4
0.0,mx_block_copy,layout_copy,1.9053,3
0.0,mx_merge_heads,layout_copy,0.0066,2
0.0,mx_rms_norm,norm_elementwise,0.0712,5
0.0,mx_swiglu,norm_elementwise,0.0076,2
0.0,nvjet_sm100_tst_128x256_64x6_2x1_2cta_v_bz_TNT,gemm,14.3128,2
0.0,nvjet_sm100_tst_192x32_64x8_4x1_2cta_v_bz_TNT,gemm,0.0793,2
0.0,nvjet_sm100_tst_256x32_64x6_4x1_2cta_v_bz_TNT,gemm,0.0985,2
0.0,nvjet_sm100_tst_256x64_64x5_1x1_h_bz_TNT,gemm,0.0048,1
0.0,nvjet_sm100_tst_64x32_64x16_2x1_2cta_v_bz_splitK_TNT,gemm,0.0826,4
0.0,nvjet_sm100_tst_64x32_64x16_2x1_2cta_v_bz_splitK_bias_TNT,gemm,0.0132,1
0.0,softmax_last,attention,0.4071,1
0.0,"cublasLt::splitKreduce_kernel<(int)32, (int)16, int, float, __nv_bfloat16, float, __nv_bfloat16, (bool)0, float, __nv_bfloat16, __nv_bfloat16, (bool)1, (bool)0,…",gemm,0.0208,4
0.0,"cublasLt::splitKreduce_kernel<(int)32, (int)16, int, float, __nv_bfloat16, float, __nv_bfloat16, (bool)0, float, __nv_bfloat16, __nv_bfloat16, (bool)1, (bool)1,…",gemm,0.0034,1
0.0,vsa_mma_attn_tma2,attention,79.0471,1
0.0,vsa_tile_mean,attention,2.4638,3
0.0,vsa_tile_qkv,attention,8.991,3
0.0,vsa_topk2,attention,0.9127,1
0.25,bcast_binary,norm_elementwise,0.4815,1
0.25,block_copy,layout_copy,0.0452,3
0.25,cast_bf16_f32_bias_act,cast_quant,0.0086,1
0.25,cast_f32_bf16,cast_quant,5.7625,6
0.25,cutlass3x_sm100_simt_sgemm_f32_f32_f32_f32_f32_128x64x16_1x1x1_3_nnn_align1_bias_f32_relu,gemm,0.6107,1
0.25,cutlass3x_sm100_simt_sgemm_f32_f32_f32_f32_f32_64x32x16_1x1x1_3_tnn_align1_bias_f32_relu,gemm,0.8783,1
0.25,fa_dc100_fwd_d128,attention,1.183,1
0.25,fill_f,layout_copy,1.9692,2
0.25,fvf_h3_gate_res_norm_mod,norm_elementwise,1.8944,1
0.25,fvf_split_heads_rows,layout_copy,1.696,2
0.25,h3_qk_norm_rope,norm_elementwise,12.4533,2
0.25,h3_res_gate_norm_mod,norm_elementwise,2.0741,1
0.25,index_select_rows,layout_copy,0.0148,1
0.25,memcpy HtoD,copies_memset,0.006,1
0.25,mx_binary,norm_elementwise,0.0364,2
0.25,mx_block_copy,layout_copy,3.668,20
0.25,mx_merge_heads,layout_copy,3.3212,1
0.25,mx_swiglu,norm_elementwise,5.7629,10
0.25,nvjet_sm100_tst_128x256_64x6_2x1_2cta_v_bz_TNT,gemm,31.344,12
0.25,nvjet_sm100_tst_192x224_64x5_2x1_2cta_v_bz_TNT,gemm,0.2016,1
0.25,nvjet_sm100_tst_256x256_64x4_2x1_2cta_v_bz_TNT,gemm,7.1498,9
0.25,softmax_last,attention,0.4814,1
0.25,vsa_combine,attention,3.7359,1
0.25,vsa_mma_attn_tma2,attention,83.4411,1
0.25,vsa_tile_mean,attention,2.8686,3
0.25,vsa_tile_qkv,attention,10.7249,3
0.25,vsa_topk2,attention,1.1494,1
0.5,bcast_binary,norm_elementwise,0.8065,2
0.5,block_copy,layout_copy,0.0859,6
0.5,cast_bf16_f32_bias_act,cast_quant,0.0173,2
0.5,cast_f32_bf16,cast_quant,9.6069,11
0.5,cutlass3x_sm100_simt_sgemm_f32_f32_f32_f32_f32_128x64x16_1x1x1_3_nnn_align1_bias_f32_relu,gemm,1.0588,2
0.5,cutlass3x_sm100_simt_sgemm_f32_f32_f32_f32_f32_64x32x16_1x1x1_3_tnn_align1_bias_f32_relu,gemm,1.3976,2
0.5,fa_dc100_fwd_d128,attention,2.4198,2
0.5,fill_f,layout_copy,2.4766,3
0.5,fvf_h3_gate_res_norm_mod,norm_elementwise,3.7851,2
0.5,fvf_merge_heads_mx,layout_copy,2.7096,1
0.5,fvf_split_heads_rows,layout_copy,3.0078,4
0.5,h3_qk_norm_rope,norm_elementwise,20.0947,4
0.5,h3_res_gate_norm_mod,norm_elementwise,4.1255,2
0.5,h3_swiglu_mx,norm_elementwise,5.5141,10
0.5,index_select_rows,layout_copy,0.0299,2
0.5,memcpy HtoD,copies_memset,0.0133,2
0.5,memset,copies_memset,0.0508,23
0.5,mx_binary,norm_elementwise,0.0736,4
0.5,mx_block_copy,layout_copy,7.3717,40
0.5,mx_merge_heads,layout_copy,3.3197,1
0.5,mx_swiglu,norm_elementwise,5.7642,10
0.5,mxfp8_quantize,cast_quant,4.4755,12
0.5,nvjet_sm100_qqtst_128x256_128x6_2x1_2cta_v_bz_Avec32UE8M0_Bvec32UE8M0_TNT,gemm,20.5499,13
0.5,nvjet_sm100_qqtst_256x128_128x5_2x2f_2cta_h_bz_Avec32UE8M0_Bvec32UE8M0_TNT,gemm,3.8625,10
0.5,nvjet_sm100_tst_128x256_64x6_2x1_2cta_v_bz_TNT,gemm,24.1177,13
0.5,nvjet_sm100_tst_192x224_64x5_2x1_2cta_v_bz_TNT,gemm,0.1984,1
0.5,nvjet_sm100_tst_256x256_64x4_2x1_2cta_v_bz_TNT,gemm,7.0901,9
0.5,softmax_last,attention,0.8107,2
0.5,vsa_combine,attention,7.4903,2
0.5,vsa_mma_attn_tma2,attention,81.7769,1
0.5,vsa_tile_mean,attention,4.9155,6
0.5,vsa_tile_qkv,attention,18.8935,6
0.5,vsa_topk2,attention,1.963,2
0.75,bcast_binary,norm_elementwise,0.4508,1
0.75,block_copy,layout_copy,0.0585,4
0.75,cast_bf16_f32_bias_act,cast_quant,0.0088,1
0.75,cast_f32_bf16,cast_quant,5.7633,7
0.75,cutlass3x_sm100_simt_sgemm_f32_f32_f32_f32_f32_128x64x16_1x1x1_3_nnn_align1_bias_f32_relu,gemm,0.5661,1
0.75,cutlass3x_sm100_simt_sgemm_f32_f32_f32_f32_f32_64x32x16_1x1x1_3_tnn_align1_bias_f32_relu,gemm,0.811,1
0.75,fa_dc100_fwd_d128,attention,1.1782,1
0.75,fill_f,layout_copy,2.663,3
0.75,fvf_h3_gate_res_norm_mod,norm_elementwise,1.8921,1
0.75,fvf_merge_heads_mx,layout_copy,2.6998,1
0.75,fvf_split_heads_rows,layout_copy,1.6221,2
0.75,h3_qk_norm_rope,norm_elementwise,10.9327,2
0.75,h3_res_gate_norm_mod,norm_elementwise,2.072,1
0.75,h3_swiglu_mx,norm_elementwise,5.5121,10
0.75,index_select_rows,layout_copy,0.015,1
0.75,memcpy HtoD,copies_memset,0.0061,1
0.75,memset,copies_memset,0.0471,22
0.75,mx_binary,norm_elementwise,0.0363,2
0.75,mx_block_copy,layout_copy,3.6964,20
0.75,mxfp8_quantize,cast_quant,3.0169,11
0.75,nvjet_sm100_qqtst_128x256_128x6_2x1_2cta_v_bz_Avec32UE8M0_Bvec32UE8M0_TNT,gemm,14.7822,12
0.75,nvjet_sm100_qqtst_256x128_128x5_2x2f_2cta_h_bz_Avec32UE8M0_Bvec32UE8M0_TNT,gemm,3.8608,10
0.75,nvjet_sm100_tst_128x256_64x6_2x1_2cta_v_bz_TNT,gemm,3.5139,1
0.75,softmax_last,attention,0.4526,1
0.75,vsa_combine,attention,7.4823,2
0.75,vsa_mma_attn_tma2,attention,162.5578,2
0.75,vsa_tile_mean,attention,2.7152,3
0.75,vsa_tile_qkv,attention,10.0655,3
0.75,vsa_topk2,attention,1.0659,1
1.0,bcast_binary,norm_elementwise,0.8498,2
1.0,block_copy,layout_copy,0.0692,5
1.0,cast_bf16_f32_bias_act,cast_quant,0.0176,2
1.0,cast_f32_bf16,cast_quant,5.7732,8
1.0,cutlass3x_sm100_simt_sgemm_f32_f32_f32_f32_f32_128x64x16_1x1x1_3_nnn_align1_bias_f32_relu,gemm,1.0956,2
1.0,cutlass3x_sm100_simt_sgemm_f32_f32_f32_f32_f32_64x32x16_1x1x1_3_tnn_align1_bias_f32_relu,gemm,1.5105,2
1.0,fa_dc100_fwd_d128,attention,2.3605,2
1.0,fill_f,layout_copy,3.3772,4
1.0,fvf_h3_gate_res_norm_mod,norm_elementwise,3.7902,2
1.0,fvf_merge_heads_mx,layout_copy,5.4104,2
1.0,fvf_split_heads_rows,layout_copy,3.1199,4
1.0,h3_qk_norm_rope,norm_elementwise,21.5996,4
1.0,h3_res_gate_norm_mod,norm_elementwise,4.129,2
1.0,h3_swiglu_mx,norm_elementwise,11.0197,20
1.0,index_select_rows,layout_copy,0.03,2
1.0,memcpy HtoD,copies_memset,0.0114,2
1.0,memset,copies_memset,0.0941,44
1.0,mx_binary,norm_elementwise,0.073,4
1.0,mx_block_copy,layout_copy,7.3915,40
1.0,mxfp8_quantize,cast_quant,6.0437,22
1.0,nvjet_sm100_qqtst_128x256_128x6_2x1_2cta_v_bz_Avec32UE8M0_Bvec32UE8M0_TNT,gemm,29.5392,24
1.0,nvjet_sm100_qqtst_256x128_128x5_2x2f_2cta_h_bz_Avec32UE8M0_Bvec32UE8M0_TNT,gemm,7.7129,20
1.0,nvjet_sm100_tst_128x256_64x6_2x1_2cta_v_bz_TNT,gemm,7.0385,2
1.0,softmax_last,attention,0.8575,2
1.0,vsa_combine,attention,3.7327,1
1.0,vsa_mma_attn_tma2,attention,161.5706,2
1.0,vsa_tile_mean,attention,5.1672,6
1.0,vsa_tile_qkv,attention,19.0038,6
1.0,vsa_topk2,attention,1.9735,2
1.25,bcast_binary,norm_elementwise,0.4212,1
1.25,block_copy,layout_copy,0.0858,6
1.25,cast_bf16_f32_bias_act,cast_quant,0.0175,2
1.25,cast_f32_bf16,cast_quant,7.693,10
1.25,cutlass3x_sm100_simt_sgemm_f32_f32_f32_f32_f32_128x64x16_1x1x1_3_nnn_align1_bias_f32_relu,gemm,0.5649,1
1.25,cutlass3x_sm100_simt_sgemm_f32_f32_f32_f32_f32_64x32x16_1x1x1_3_tnn_align1_bias_f32_relu,gemm,0.7217,1
1.25,fa_dc100_fwd_d128,attention,2.4293,2
1.25,fill_f,layout_copy,1.6813,2
1.25,fvf_h3_gate_res_norm_mod,norm_elementwise,1.8934,1
1.25,fvf_merge_heads_mx,layout_copy,5.4105,2
1.25,fvf_split_heads_rows,layout_copy,1.5037,2
1.25,h3_qk_norm_rope,norm_elementwise,10.0479,2
1.25,h3_res_gate_norm_mod,norm_elementwise,4.1341,2
1.25,h3_swiglu_mx,norm_elementwise,7.888,14
1.25,index_select_rows,layout_copy,0.0302,2
1.25,memcpy HtoD,copies_memset,0.0113,2
1.25,memset,copies_memset,0.0674,31
1.25,mx_binary,norm_elementwise,0.0734,4
1.25,mx_block_copy,layout_copy,4.5038,24
1.25,mxfp8_quantize,cast_quant,3.6856,15
1.25,nvjet_sm100_qqtst_128x256_128x6_2x1_2cta_v_bz_Avec32UE8M0_Bvec32UE8M0_TNT,gemm,19.6876,17
1.25,nvjet_sm100_qqtst_256x128_128x5_2x2f_2cta_h_bz_Avec32UE8M0_Bvec32UE8M0_TNT,gemm,5.5273,14
1.25,nvjet_sm100_tst_128x256_64x6_2x1_2cta_v_bz_TNT,gemm,3.538,1
1.25,softmax_last,attention,0.4241,1
1.25,vsa_combine,attention,7.479,2
1.25,vsa_mma_attn_tma2,attention,81.3519,1
1.25,vsa_tile_mean,attention,2.4915,3
1.25,vsa_tile_qkv,attention,9.5211,3
1.25,vsa_topk2,attention,0.9755,1
1.5,bcast_binary,norm_elementwise,0.8716,2
1.5,block_copy,layout_copy,0.0428,3
1.5,cast_bf16_f32_bias_act,cast_quant,0.0089,1
1.5,cast_f32_bf16,cast_quant,3.852,5
1.5,cutlass3x_sm100_simt_sgemm_f32_f32_f32_f32_f32_128x64x16_1x1x1_3_nnn_align1_bias_f32_relu,gemm,1.0863,2
1.5,cutlass3x_sm100_simt_sgemm_f32_f32_f32_f32_f32_64x32x16_1x1x1_3_tnn_align1_bias_f32_relu,gemm,1.5664,2
1.5,fa_dc100_fwd_d128,attention,1.2257,1
1.5,fill_f,layout_copy,3.4062,4
1.5,fvf_h3_gate_res_norm_mod,norm_elementwise,3.8607,2
1.5,fvf_merge_heads_mx,layout_copy,2.7103,1
1.5,fvf_split_heads_rows,layout_copy,3.1736,4
1.5,h3_qk_norm_rope,norm_elementwise,20.7703,4
1.5,h3_res_gate_norm_mod,norm_elementwise,2.0724,1
1.5,h3_swiglu_mx,norm_elementwise,8.6812,16
1.5,index_select_rows,layout_copy,0.0151,1
1.5,memcpy HtoD,copies_memset,0.0052,1
1.5,memset,copies_memset,0.0735,35
1.5,mx_binary,norm_elementwise,0.0367,2
1.5,mx_block_copy,layout_copy,6.6449,36
1.5,mxfp8_quantize,cast_quant,5.4298,18
1.5,nvjet_sm100_qqtst_128x256_128x6_2x1_2cta_v_bz_Avec32UE8M0_Bvec32UE8M0_TNT,gemm,24.5893,19
1.5,nvjet_sm100_qqtst_256x128_128x5_2x2f_2cta_h_bz_Avec32UE8M0_Bvec32UE8M0_TNT,gemm,6.08,16
1.5,nvjet_sm100_tst_128x256_64x6_2x1_2cta_v_bz_TNT,gemm,6.9662,2
1.5,softmax_last,attention,0.8782,2
1.5,vsa_combine,attention,3.7459,1
1.5,vsa_mma_attn_tma2,attention,162.0119,2
1.5,vsa_tile_mean,attention,5.2855,6
1.5,vsa_tile_qkv,attention,18.9393,6
1.5,vsa_topk2,attention,2.0434,2
1.75,bcast_binary,norm_elementwise,0.4413,1
1.75,block_copy,layout_copy,0.0861,6
1.75,cast_bf16_f32_bias_act,cast_quant,0.0176,2
1.75,cast_f32_bf16,cast_quant,7.6926,10
1.75,cutlass3x_sm100_simt_sgemm_f32_f32_f32_f32_f32_128x64x16_1x1x1_3_nnn_align1_bias_f32_relu,gemm,0.5489,1
1.75,cutlass3x_sm100_simt_sgemm_f32_f32_f32_f32_f32_64x32x16_1x1x1_3_tnn_align1_bias_f32_relu,gemm,0.7902,1
1.75,fa_dc100_fwd_d128,attention,2.4417,2
1.75,fill_f,layout_copy,1.714,2
1.75,fvf_h3_gate_res_norm_mod,norm_elementwise,3.9373,2
1.75,fvf_merge_heads_mx,layout_copy,5.4089,2
1.75,fvf_split_heads_rows,layout_copy,1.579,2
1.75,h3_qk_norm_rope,norm_elementwise,10.7616,2
1.75,h3_res_gate_norm_mod,norm_elementwise,4.1308,2
1.75,h3_swiglu_mx,norm_elementwise,11.094,20
1.75,index_select_rows,layout_copy,0.0306,2
1.75,memcpy HtoD,copies_memset,0.0113,2
1.75,memset,copies_memset,0.0945,44
1.75,mx_binary,norm_elementwise,0.0729,4
1.75,mx_block_copy,layout_copy,7.4998,40
1.75,mxfp8_quantize,cast_quant,6.1697,22
1.75,nvjet_sm100_qqtst_128x256_128x6_2x1_2cta_v_bz_Avec32UE8M0_Bvec32UE8M0_TNT,gemm,29.4645,24
1.75,nvjet_sm100_qqtst_256x128_128x5_2x2f_2cta_h_bz_Avec32UE8M0_Bvec32UE8M0_TNT,gemm,7.7494,20
1.75,nvjet_sm100_tst_128x256_64x6_2x1_2cta_v_bz_TNT,gemm,3.4623,1
1.75,softmax_last,attention,0.4439,1
1.75,vsa_combine,attention,7.481,2
1.75,vsa_mma_attn_tma2,attention,81.2222,1
1.75,vsa_tile_mean,attention,2.6732,3
1.75,vsa_tile_qkv,attention,9.6824,3
1.75,vsa_topk2,attention,1.0418,1
2.0,bcast_binary,norm_elementwise,0.8606,2
2.0,block_copy,layout_copy,0.0428,3
2.0,cast_bf16_f32_bias_act,cast_quant,0.0088,1
2.0,cast_f32_bf16,cast_quant,3.8512,5
2.0,cutlass3x_sm100_simt_sgemm_f32_f32_f32_f32_f32_128x64x16_1x1x1_3_nnn_align1_bias_f32_relu,gemm,1.0633,2
2.0,cutlass3x_sm100_simt_sgemm_f32_f32_f32_f32_f32_64x32x16_1x1x1_3_tnn_align1_bias_f32_relu,gemm,1.4708,2
2.0,fa_dc100_fwd_d128,attention,1.2031,1
2.0,fill_f,layout_copy,3.3929,4
2.0,fvf_h3_gate_res_norm_mod,norm_elementwise,1.9368,1
2.0,fvf_merge_heads_mx,layout_copy,2.71,1
2.0,fvf_split_heads_rows,layout_copy,3.0783,4
2.0,h3_qk_norm_rope,norm_elementwise,21.1185,4
2.0,h3_res_gate_norm_mod,norm_elementwise,2.0728,1
2.0,h3_swiglu_mx,norm_elementwise,5.5355,10
2.0,index_select_rows,layout_copy,0.0151,1
2.0,memcpy HtoD,copies_memset,0.0052,1
2.0,memset,copies_memset,0.0471,22
2.0,mx_binary,norm_elementwise,0.0364,2
2.0,mx_block_copy,layout_copy,3.7316,20
2.0,mxfp8_quantize,cast_quant,3.0606,11
2.0,nvjet_sm100_qqtst_128x256_128x6_2x1_2cta_v_bz_Avec32UE8M0_Bvec32UE8M0_TNT,gemm,14.7222,12
2.0,nvjet_sm100_qqtst_256x128_128x5_2x2f_2cta_h_bz_Avec32UE8M0_Bvec32UE8M0_TNT,gemm,3.868,10
2.0,nvjet_sm100_tst_128x256_64x6_2x1_2cta_v_bz_TNT,gemm,6.993,2
2.0,softmax_last,attention,0.8653,2
2.0,vsa_combine,attention,3.7457,1
2.0,vsa_mma_attn_tma2,attention,161.0269,2
2.0,vsa_tile_mean,attention,5.0788,6
2.0,vsa_tile_qkv,attention,18.9928,6
2.0,vsa_topk2,attention,2.0057,2
2.25,bcast_binary,norm_elementwise,0.433,1
2.25,block_copy,layout_copy,0.0858,6
2.25,cast_bf16_f32_bias_act,cast_quant,0.0173,2
2.25,cast_f32_bf16,cast_quant,7.6898,10
2.25,cutlass3x_sm100_simt_sgemm_f32_f32_f32_f32_f32_128x64x16_1x1x1_3_nnn_align1_bias_f32_relu,gemm,0.5387,1
2.25,cutlass3x_sm100_simt_sgemm_f32_f32_f32_f32_f32_64x32x16_1x1x1_3_tnn_align1_bias_f32_relu,gemm,1.5696,2
2.25,fa_dc100_fwd_d128,attention,2.4016,2
2.25,fill_f,layout_copy,1.6936,2
2.25,fvf_h3_gate_res_norm_mod,norm_elementwise,3.785,2
2.25,fvf_merge_heads_mx,layout_copy,5.4001,2
2.25,fvf_split_heads_rows,layout_copy,3.1496,4
2.25,h3_qk_norm_rope,norm_elementwise,20.7159,4
2.25,h3_res_gate_norm_mod,norm_elementwise,4.1325,2
2.25,h3_swiglu_mx,norm_elementwise,11.0362,20
2.25,index_select_rows,layout_copy,0.0302,2
2.25,memcpy HtoD,copies_memset,0.0111,2
2.25,memset,copies_memset,0.0945,44
2.25,mx_binary,norm_elementwise,0.073,4
2.25,mx_block_copy,layout_copy,7.397,40
2.25,mxfp8_quantize,cast_quant,6.0349,22
2.25,nvjet_sm100_qqtst_128x256_128x6_2x1_2cta_v_bz_Avec32UE8M0_Bvec32UE8M0_TNT,gemm,29.6231,24
2.25,nvjet_sm100_qqtst_256x128_128x5_2x2f_2cta_h_bz_Avec32UE8M0_Bvec32UE8M0_TNT,gemm,7.7219,20
2.25,nvjet_sm100_tst_128x256_64x6_2x1_2cta_v_bz_TNT,gemm,7.0444,2
2.25,softmax_last,attention,0.4354,1
2.25,vsa_combine,attention,7.4958,2
2.25,vsa_mma_attn_tma2,attention,80.5711,1
2.25,vsa_tile_mean,attention,4.4028,5
2.25,vsa_tile_qkv,attention,9.4475,3
2.25,vsa_topk2,attention,1.0117,1
2.5,bcast_binary,norm_elementwise,0.8717,2
2.5,block_copy,layout_copy,0.0432,3
2.5,cast_bf16_f32_bias_act,cast_quant,0.0088,1
2.5,cast_f32_bf16,cast_quant,3.8594,5
2.5,cutlass3x_sm100_simt_sgemm_f32_f32_f32_f32_f32_128x64x16_1x1x1_3_nnn_align1_bias_f32_relu,gemm,1.0911,2
2.5,cutlass3x_sm100_simt_sgemm_f32_f32_f32_f32_f32_64x32x16_1x1x1_3_tnn_align1_bias_f32_relu,gemm,0.7758,1
2.5,fa_dc100_fwd_d128,attention,1.2019,1
2.5,fill_f,layout_copy,3.4531,4
2.5,fvf_h3_gate_res_norm_mod,norm_elementwise,1.8926,1
2.5,fvf_merge_heads_mx,layout_copy,2.7202,1
2.5,fvf_split_heads_rows,layout_copy,1.5752,2
2.5,h3_qk_norm_rope,norm_elementwise,10.2515,2
2.5,h3_res_gate_norm_mod,norm_elementwise,2.0671,1
2.5,h3_swiglu_mx,norm_elementwise,5.5259,10
2.5,index_select_rows,layout_copy,0.0152,1
2.5,memcpy HtoD,copies_memset,0.0053,1
2.5,memset,copies_memset,0.0472,22
2.5,mx_binary,norm_elementwise,0.0369,2
2.5,mx_block_copy,layout_copy,3.6993,20
2.5,mxfp8_quantize,cast_quant,3.0187,11
2.5,nvjet_sm100_qqtst_128x256_128x6_2x1_2cta_v_bz_Avec32UE8M0_Bvec32UE8M0_TNT,gemm,14.7871,12
2.5,nvjet_sm100_qqtst_256x128_128x5_2x2f_2cta_h_bz_Avec32UE8M0_Bvec32UE8M0_TNT,gemm,3.8603,10
2.5,nvjet_sm100_tst_128x256_64x6_2x1_2cta_v_bz_TNT,gemm,3.5251,1
2.5,softmax_last,attention,0.8778,2
2.5,vsa_combine,attention,3.7549,1
2.5,vsa_mma_attn_tma2,attention,161.8571,2
2.5,vsa_tile_mean,attention,3.5088,4
2.5,vsa_tile_qkv,attention,19.3256,6
2.5,vsa_topk2,attention,2.045,2
2.75,bcast_binary,norm_elementwise,0.8634,2
2.75,block_copy,layout_copy,0.0854,6
2.75,cast_bf16_f32_bias_act,cast_quant,0.0175,2
2.75,cast_f32_bf16,cast_quant,7.694,10
2.75,cutlass3x_sm100_simt_sgemm_f32_f32_f32_f32_f32_128x64x16_1x1x1_3_nnn_align1_bias_f32_relu,gemm,1.0609,2
2.75,cutlass3x_sm100_simt_sgemm_f32_f32_f32_f32_f32_64x32x16_1x1x1_3_tnn_align1_bias_f32_relu,gemm,1.473,2
2.75,fa_dc100_fwd_d128,attention,2.3862,2
2.75,fill_f,layout_copy,3.4128,4
2.75,fvf_h3_gate_res_norm_mod,norm_elementwise,3.8404,2
2.75,fvf_merge_heads_mx,layout_copy,5.4093,2
2.75,fvf_split_heads_rows,layout_copy,3.081,4
2.75,h3_qk_norm_rope,norm_elementwise,21.0934,4
2.75,h3_res_gate_norm_mod,norm_elementwise,4.1322,2
2.75,h3_swiglu_mx,norm_elementwise,11.0705,20
2.75,index_select_rows,layout_copy,0.0306,2
2.75,memcpy HtoD,copies_memset,0.0108,2
2.75,memset,copies_memset,0.0951,44
2.75,mx_binary,norm_elementwise,0.0728,4
2.75,mx_block_copy,layout_copy,7.434,40
2.75,mxfp8_quantize,cast_quant,6.0862,22
2.75,nvjet_sm100_qqtst_128x256_128x6_2x1_2cta_v_bz_Avec32UE8M0_Bvec32UE8M0_TNT,gemm,29.5528,24
2.75,nvjet_sm100_qqtst_256x128_128x5_2x2f_2cta_h_bz_Avec32UE8M0_Bvec32UE8M0_TNT,gemm,7.7228,20
2.75,nvjet_sm100_tst_128x256_64x6_2x1_2cta_v_bz_TNT,gemm,6.9923,2
2.75,softmax_last,attention,0.8422,2
2.75,vsa_combine,attention,7.4773,2
2.75,vsa_mma_attn_tma2,attention,161.4737,2
2.75,vsa_tile_mean,attention,5.0811,6
2.75,vsa_tile_qkv,attention,19.0748,6
2.75,vsa_topk2,attention,2.0192,2
3.0,bcast_binary,norm_elementwise,0.4272,1
3.0,block_copy,layout_copy,0.0866,6
3.0,cast_bf16_f32_bias_act,cast_quant,0.0176,2
3.0,cast_f32_bf16,cast_quant,7.6938,10
3.0,cutlass3x_sm100_simt_sgemm_f32_f32_f32_f32_f32_128x64x16_1x1x1_3_nnn_align1_bias_f32_relu,gemm,0.5258,1
3.0,cutlass3x_sm100_simt_sgemm_f32_f32_f32_f32_f32_64x32x16_1x1x1_3_tnn_align1_bias_f32_relu,gemm,0.7563,1
3.0,fa_dc100_fwd_d128,attention,2.418,2
3.0,fill_f,layout_copy,1.7099,2
3.0,fvf_h3_gate_res_norm_mod,norm_elementwise,1.9012,1
3.0,fvf_merge_heads_mx,layout_copy,5.411,2
3.0,fvf_split_heads_rows,layout_copy,1.5641,2
3.0,h3_qk_norm_rope,norm_elementwise,10.8264,2
3.0,h3_res_gate_norm_mod,norm_elementwise,4.1422,2
3.0,h3_swiglu_mx,norm_elementwise,5.5421,10
3.0,index_select_rows,layout_copy,0.0305,2
3.0,memcpy HtoD,copies_memset,0.0105,2
3.0,memset,copies_memset,0.0512,23
3.0,mx_binary,norm_elementwise,0.0732,4
3.0,mx_block_copy,layout_copy,3.7095,20
3.0,mxfp8_quantize,cast_quant,3.0261,11
3.0,nvjet_sm100_qqtst_128x256_128x6_2x1_2cta_v_bz_Avec32UE8M0_Bvec32UE8M0_TNT,gemm,16.56,13
3.0,nvjet_sm100_qqtst_256x128_128x5_2x2f_2cta_h_bz_Avec32UE8M0_Bvec32UE8M0_TNT,gemm,3.8496,10
3.0,nvjet_sm100_tst_128x256_64x6_2x1_2cta_v_bz_TNT,gemm,3.5309,1
3.0,softmax_last,attention,0.4305,1
3.0,vsa_combine,attention,7.4765,2
3.0,vsa_mma_attn_tma2,attention,80.471,1
3.0,vsa_tile_mean,attention,2.5953,3
3.0,vsa_tile_qkv,attention,9.5455,3
3.0,vsa_topk2,attention,0.995,1
3.25,bcast_binary,norm_elementwise,0.8741,2
3.25,block_copy,layout_copy,0.0428,3
3.25,cast_bf16_f32_bias_act,cast_quant,0.0088,1
3.25,cast_f32_bf16,cast_quant,3.844,5
3.25,cutlass3x_sm100_simt_sgemm_f32_f32_f32_f32_f32_128x64x16_1x1x1_3_nnn_align1_bias_f32_relu,gemm,1.0892,2
3.25,cutlass3x_sm100_simt_sgemm_f32_f32_f32_f32_f32_64x32x16_1x1x1_3_tnn_align1_bias_f32_relu,gemm,1.5679,2
3.25,fa_dc100_fwd_d128,attention,1.1828,1
3.25,fill_f,layout_copy,3.4082,4
3.25,fvf_h3_gate_res_norm_mod,norm_elementwise,3.8628,2
3.25,fvf_merge_heads_mx,layout_copy,2.7001,1
3.25,fvf_split_heads_rows,layout_copy,3.1748,4
3.25,h3_qk_norm_rope,norm_elementwise,21.6373,4
3.25,h3_res_gate_norm_mod,norm_elementwise,2.0711,1
3.25,h3_swiglu_mx,norm_elementwise,11.1137,20
3.25,index_select_rows,layout_copy,0.015,1
3.25,memcpy HtoD,copies_memset,0.006,1
3.25,memset,copies_memset,0.0902,43
3.25,mx_binary,norm_elementwise,0.0365,2
3.25,mx_block_copy,layout_copy,7.4602,40
3.25,mxfp8_quantize,cast_quant,6.1042,22
3.25,nvjet_sm100_qqtst_128x256_128x6_2x1_2cta_v_bz_Avec32UE8M0_Bvec32UE8M0_TNT,gemm,27.8544,23
3.25,nvjet_sm100_qqtst_256x128_128x5_2x2f_2cta_h_bz_Avec32UE8M0_Bvec32UE8M0_TNT,gemm,7.7529,20
3.25,nvjet_sm100_tst_128x256_64x6_2x1_2cta_v_bz_TNT,gemm,7.0021,2
3.25,softmax_last,attention,0.8782,2
3.25,vsa_combine,attention,3.7308,1
3.25,vsa_mma_attn_tma2,attention,161.3376,2
3.25,vsa_tile_mean,attention,5.2938,6
3.25,vsa_tile_qkv,attention,19.1501,6
3.25,vsa_topk2,attention,2.0476,2
3.5,bcast_binary,norm_elementwise,0.4259,1
3.5,block_copy,layout_copy,0.0853,6
3.5,cast_bf16_f32_bias_act,cast_quant,0.0173,2
3.5,cast_f32_bf16,cast_quant,7.6937,10
3.5,cutlass3x_sm100_simt_sgemm_f32_f32_f32_f32_f32_128x64x16_1x1x1_3_nnn_align1_bias_f32_relu,gemm,0.5243,1
3.5,cutlass3x_sm100_simt_sgemm_f32_f32_f32_f32_f32_64x32x16_1x1x1_3_tnn_align1_bias_f32_relu,gemm,0.7554,1
3.5,fa_dc100_fwd_d128,attention,2.3873,2
3.5,fill_f,layout_copy,1.7042,2
3.5,fvf_h3_gate_res_norm_mod,norm_elementwise,1.9328,1
3.5,fvf_merge_heads_mx,layout_copy,5.4109,2
3.5,fvf_split_heads_rows,layout_copy,1.5616,2
3.5,h3_qk_norm_rope,norm_elementwise,10.8625,2
3.5,h3_res_gate_norm_mod,norm_elementwise,4.1505,2
3.5,h3_swiglu_mx,norm_elementwise,10.3194,18
3.5,index_select_rows,layout_copy,0.0304,2
3.5,memcpy HtoD,copies_memset,0.0107,2
3.5,memset,copies_memset,0.0853,40
3.5,mx_binary,norm_elementwise,0.0729,4
3.5,mx_block_copy,layout_copy,5.5167,29
3.5,mxfp8_quantize,cast_quant,4.5845,20
3.5,nvjet_sm100_qqtst_128x256_128x6_2x1_2cta_v_bz_Avec32UE8M0_Bvec32UE8M0_TNT,gemm,23.6733,22
3.5,nvjet_sm100_qqtst_256x128_128x5_2x2f_2cta_h_bz_Avec32UE8M0_Bvec32UE8M0_TNT,gemm,7.2024,18
3.5,nvjet_sm100_tst_128x256_64x6_2x1_2cta_v_bz_TNT,gemm,3.5064,1
3.5,softmax_last,attention,0.4305,1
3.5,vsa_combine,attention,7.477,2
3.5,vsa_mma_attn_tma2,attention,80.2363,1
3.5,vsa_tile_mean,attention,2.5886,3
3.5,vsa_tile_qkv,attention,9.5212,3
3.5,vsa_topk2,attention,0.991,1
3.75,bcast_binary,norm_elementwise,0.8716,2
3.75,block_copy,layout_copy,0.0423,3
3.75,cast_bf16_f32_bias_act,cast_quant,0.0087,1
3.75,cast_f32_bf16,cast_quant,3.8424,5
3.75,cutlass3x_sm100_simt_sgemm_f32_f32_f32_f32_f32_128x64x16_1x1x1_3_nnn_align1_bias_f32_relu,gemm,1.0883,2
3.75,cutlass3x_sm100_simt_sgemm_f32_f32_f32_f32_f32_64x32x16_1x1x1_3_tnn_align1_bias_f32_relu,gemm,1.4877,2
3.75,fa_dc100_fwd_d128,attention,1.1934,1
3.75,fill_f,layout_copy,3.4547,4
3.75,fvf_h3_gate_res_norm_mod,norm_elementwise,3.8012,2
3.75,fvf_merge_heads_mx,layout_copy,2.6995,1
3.75,fvf_split_heads_rows,layout_copy,3.0968,4
3.75,h3_qk_norm_rope,norm_elementwise,21.2123,4
3.75,h3_res_gate_norm_mod,norm_elementwise,2.064,1
3.75,h3_swiglu_mx,norm_elementwise,6.3377,12
3.75,index_select_rows,layout_copy,0.015,1
3.75,memcpy HtoD,copies_memset,0.0052,1
3.75,memset,copies_memset,0.0561,26
3.75,mx_binary,norm_elementwise,0.0364,2
3.75,mx_block_copy,layout_copy,5.5908,31
3.75,mxfp8_quantize,cast_quant,4.5653,13
3.75,nvjet_sm100_qqtst_128x256_128x6_2x1_2cta_v_bz_Avec32UE8M0_Bvec32UE8M0_TNT,gemm,20.928,14
3.75,nvjet_sm100_qqtst_256x128_128x5_2x2f_2cta_h_bz_Avec32UE8M0_Bvec32UE8M0_TNT,gemm,4.4153,12
3.75,nvjet_sm100_tst_128x256_64x6_2x1_2cta_v_bz_TNT,gemm,7.0624,2
3.75,softmax_last,attention,0.8477,2
3.75,vsa_combine,attention,3.7342,1
3.75,vsa_mma_attn_tma2,attention,161.6164,2
3.75,vsa_tile_mean,attention,5.1125,6
3.75,vsa_tile_qkv,attention,19.3158,6
3.75,vsa_topk2,attention,2.048,2
4.0,bcast_binary,norm_elementwise,0.4288,1
4.0,block_copy,layout_copy,0.0862,6
4.0,cast_bf16_f32_bias_act,cast_quant,0.0174,2
4.0,cast_f32_bf16,cast_quant,7.6858,10
4.0,cutlass3x_sm100_simt_sgemm_f32_f32_f32_f32_f32_128x64x16_1x1x1_3_nnn_align1_bias_f32_relu,gemm,0.5289,1
4.0,cutlass3x_sm100_simt_sgemm_f32_f32_f32_f32_f32_64x32x16_1x1x1_3_tnn_align1_bias_f32_relu,gemm,0.762,1
4.0,fa_dc100_fwd_d128,attention,2.3658,2
4.0,fill_f,layout_copy,1.6786,2
4.0,fvf_h3_gate_res_norm_mod,norm_elementwise,3.8711,2
4.0,fvf_merge_heads_mx,layout_copy,5.3996,2
4.0,fvf_split_heads_rows,layout_copy,1.5672,2
4.0,h3_qk_norm_rope,norm_elementwise,16.2151,3
4.0,h3_res_gate_norm_mod,norm_elementwise,4.1215,2
4.0,h3_swiglu_mx,norm_elementwise,11.1677,20
4.0,index_select_rows,layout_copy,0.0303,2
4.0,memcpy HtoD,copies_memset,0.0111,2
4.0,memset,copies_memset,0.0946,44
4.0,mx_binary,norm_elementwise,0.0727,4
4.0,mx_block_copy,layout_copy,7.4755,40
4.0,mxfp8_quantize,cast_quant,6.1197,22
4.0,nvjet_sm100_qqtst_128x256_128x6_2x1_2cta_v_bz_Avec32UE8M0_Bvec32UE8M0_TNT,gemm,29.8199,24
4.0,nvjet_sm100_qqtst_256x128_128x5_2x2f_2cta_h_bz_Avec32UE8M0_Bvec32UE8M0_TNT,gemm,7.7714,20
4.0,nvjet_sm100_tst_128x256_64x6_2x1_2cta_v_bz_TNT,gemm,7.0779,2
4.0,softmax_last,attention,0.4316,1
4.0,vsa_combine,attention,7.4656,2
4.0,vsa_mma_attn_tma2,attention,80.1396,1
4.0,vsa_tile_mean,attention,2.6023,3
4.0,vsa_tile_qkv,attention,9.3012,3
4.0,vsa_topk2,attention,0.9989,1
4.25,bcast_binary,norm_elementwise,0.8668,2
4.25,block_copy,layout_copy,0.0429,3
4.25,cast_bf16_f32_bias_act,cast_quant,0.0088,1
4.25,cast_f32_bf16,cast_quant,3.8417,5
4.25,cutlass3x_sm100_simt_sgemm_f32_f32_f32_f32_f32_128x64x16_1x1x1_3_nnn_align1_bias_f32_relu,gemm,1.0808,2
4.25,cutlass3x_sm100_simt_sgemm_f32_f32_f32_f32_f32_64x32x16_1x1x1_3_tnn_align1_bias_f32_relu,gemm,1.5507,2
4.25,fa_dc100_fwd_d128,attention,1.179,1
4.25,fill_f,layout_copy,3.4282,4
4.25,fvf_h3_gate_res_norm_mod,norm_elementwise,2.0298,1
4.25,fvf_merge_heads_mx,layout_copy,2.6999,1
4.25,fvf_split_heads_rows,layout_copy,3.1587,4
4.25,h3_qk_norm_rope,norm_elementwise,16.3765,3
4.25,h3_res_gate_norm_mod,norm_elementwise,2.0621,1
4.25,h3_swiglu_mx,norm_elementwise,5.5713,10
4.25,index_select_rows,layout_copy,0.015,1
4.25,memcpy HtoD,copies_memset,0.0053,1
4.25,memset,copies_memset,0.0472,22
4.25,mx_binary,norm_elementwise,0.0364,2
4.25,mx_block_copy,layout_copy,3.7037,20
4.25,mxfp8_quantize,cast_quant,3.1349,11
4.25,nvjet_sm100_qqtst_128x256_128x6_2x1_2cta_v_bz_Avec32UE8M0_Bvec32UE8M0_TNT,gemm,14.8609,12
4.25,nvjet_sm100_qqtst_256x128_128x5_2x2f_2cta_h_bz_Avec32UE8M0_Bvec32UE8M0_TNT,gemm,3.8671,10
4.25,nvjet_sm100_tst_128x256_64x6_2x1_2cta_v_bz_TNT,gemm,3.5039,1
4.25,softmax_last,attention,0.8724,2
4.25,vsa_combine,attention,3.7331,1
4.25,vsa_mma_attn_tma2,attention,161.3109,2
4.25,vsa_tile_mean,attention,5.2557,6
4.25,vsa_tile_qkv,attention,19.2152,6
4.25,vsa_topk2,attention,2.0296,2
4.5,bcast_binary,norm_elementwise,0.8537,2
4.5,block_copy,layout_copy,0.0862,6
4.5,cast_bf16_f32_bias_act,cast_quant,0.0176,2
4.5,cast_f32_bf16,cast_quant,7.6872,10
4.5,cutlass3x_sm100_simt_sgemm_f32_f32_f32_f32_f32_128x64x16_1x1x1_3_nnn_align1_bias_f32_relu,gemm,1.0585,2
4.5,cutlass3x_sm100_simt_sgemm_f32_f32_f32_f32_f32_64x32x16_1x1x1_3_tnn_align1_bias_f32_relu,gemm,1.5218,2
4.5,fa_dc100_fwd_d128,attention,2.3596,2
4.5,fill_f,layout_copy,2.4604,3
4.5,fvf_h3_gate_res_norm_mod,norm_elementwise,3.7945,2
4.5,fvf_merge_heads_mx,layout_copy,5.3989,2
4.5,fvf_split_heads_rows,layout_copy,3.1297,4
4.5,h3_qk_norm_rope,norm_elementwise,20.7109,4
4.5,h3_res_gate_norm_mod,norm_elementwise,4.1205,2
4.5,h3_swiglu_mx,norm_elementwise,11.1341,20
4.5,index_select_rows,layout_copy,0.0303,2
4.5,memcpy HtoD,copies_memset,0.0105,2
4.5,memset,copies_memset,0.0953,44
4.5,mx_binary,norm_elementwise,0.0729,4
4.5,mx_block_copy,layout_copy,7.4082,40
4.5,mxfp8_quantize,cast_quant,6.0411,22
4.5,nvjet_sm100_qqtst_128x256_128x6_2x1_2cta_v_bz_Avec32UE8M0_Bvec32UE8M0_TNT,gemm,29.98,24
4.5,nvjet_sm100_qqtst_256x128_128x5_2x2f_2cta_h_bz_Avec32UE8M0_Bvec32UE8M0_TNT,gemm,7.7579,20
4.5,nvjet_sm100_tst_128x256_64x6_2x1_2cta_v_bz_TNT,gemm,7.1918,2
4.5,softmax_last,attention,0.8597,2
4.5,vsa_combine,attention,7.4812,2
4.5,vsa_mma_attn_tma2,attention,79.6192,1
4.5,vsa_tile_mean,attention,5.1905,6
4.5,vsa_tile_qkv,attention,15.7139,5
4.5,vsa_topk2,attention,1.9935,2
4.75,bcast_binary,norm_elementwise,0.4324,1
4.75,block_copy,layout_copy,0.0427,3
4.75,cast_bf16_f32_bias_act,cast_quant,0.0086,1
4.75,cast_f32_bf16,cast_quant,3.8421,5
4.75,cutlass3x_sm100_simt_sgemm_f32_f32_f32_f32_f32_128x64x16_1x1x1_3_nnn_align1_bias_f32_relu,gemm,0.5379,1
4.75,cutlass3x_sm100_simt_sgemm_f32_f32_f32_f32_f32_64x32x16_1x1x1_3_tnn_align1_bias_f32_relu,gemm,0.7755,1
4.75,fa_dc100_fwd_d128,attention,1.1699,1
4.75,fill_f,layout_copy,2.6217,3
4.75,fvf_h3_gate_res_norm_mod,norm_elementwise,1.8927,1
4.75,fvf_merge_heads_mx,layout_copy,2.7004,1
4.75,fvf_split_heads_rows,layout_copy,1.5786,2
4.75,h3_qk_norm_rope,norm_elementwise,11.0929,2
4.75,h3_res_gate_norm_mod,norm_elementwise,2.0614,1
4.75,h3_swiglu_mx,norm_elementwise,5.5643,10
4.75,index_select_rows,layout_copy,0.0155,1
4.75,memcpy HtoD,copies_memset,0.0053,1
4.75,memset,copies_memset,0.0469,22
4.75,mx_binary,norm_elementwise,0.0363,2
4.75,mx_block_copy,layout_copy,3.7028,20
4.75,mxfp8_quantize,cast_quant,3.0153,11
4.75,nvjet_sm100_qqtst_128x256_128x6_2x1_2cta_v_bz_Avec32UE8M0_Bvec32UE8M0_TNT,gemm,14.9843,12
4.75,nvjet_sm100_qqtst_256x128_128x5_2x2f_2cta_h_bz_Avec32UE8M0_Bvec32UE8M0_TNT,gemm,3.887,10
4.75,nvjet_sm100_tst_128x256_64x6_2x1_2cta_v_bz_TNT,gemm,3.5789,1
4.75,softmax_last,attention,0.435,1
4.75,vsa_combine,attention,7.4624,2
4.75,vsa_mma_attn_tma2,attention,161.5399,2
4.75,vsa_tile_mean,attention,2.625,3
4.75,vsa_tile_qkv,attention,12.7869,4
4.75,vsa_topk2,attention,1.0131,1
5.0,bcast_binary,norm_elementwise,0.8478,2
5.0,block_copy,layout_copy,0.0852,6
5.0,cast_bf16_f32_bias_act,cast_quant,0.0173,2
5.0,cast_f32_bf16,cast_quant,7.683,10
5.0,cutlass3x_sm100_simt_sgemm_f32_f32_f32_f32_f32_128x64x16_1x1x1_3_nnn_align1_bias_f32_relu,gemm,1.0908,2
5.0,cutlass3x_sm100_simt_sgemm_f32_f32_f32_f32_f32_64x32x16_1x1x1_3_tnn_align1_bias_f32_relu,gemm,1.5006,2
5.0,fa_dc100_fwd_d128,attention,2.3377,2
5.0,fill_f,layout_copy,3.3503,4
5.0,fvf_h3_gate_res_norm_mod,norm_elementwise,3.8249,2
5.0,fvf_merge_heads_mx,layout_copy,5.3996,2
5.0,fvf_split_heads_rows,layout_copy,3.0984,4
5.0,h3_qk_norm_rope,norm_elementwise,20.793,4
5.0,h3_res_gate_norm_mod,norm_elementwise,4.1382,2
5.0,h3_swiglu_mx,norm_elementwise,11.1606,20
5.0,index_select_rows,layout_copy,0.0303,2
5.0,memcpy HtoD,copies_memset,0.0104,2
5.0,memset,copies_memset,0.0944,44
5.0,mx_binary,norm_elementwise,0.0728,4
5.0,mx_block_copy,layout_copy,7.4082,40
5.0,mxfp8_quantize,cast_quant,6.113,22
5.0,nvjet_sm100_qqtst_128x256_128x6_2x1_2cta_v_bz_Avec32UE8M0_Bvec32UE8M0_TNT,gemm,29.9748,24
5.0,nvjet_sm100_qqtst_256x128_128x5_2x2f_2cta_h_bz_Avec32UE8M0_Bvec32UE8M0_TNT,gemm,7.759,20
5.0,nvjet_sm100_tst_128x256_64x6_2x1_2cta_v_bz_TNT,gemm,7.2437,2
5.0,softmax_last,attention,0.8521,2
5.0,vsa_combine,attention,3.7306,1
5.0,vsa_mma_attn_tma2,attention,160.4458,2
5.0,vsa_tile_mean,attention,5.1545,6
5.0,vsa_tile_qkv,attention,18.6911,6
5.0,vsa_topk2,attention,1.9747,2
5.25,bcast_binary,norm_elementwise,0.4183,1
5.25,block_copy,layout_copy,0.0862,6
5.25,cast_bf16_f32_bias_act,cast_quant,0.0174,2
5.25,cast_f32_bf16,cast_quant,7.7057,10
5.25,cutlass3x_sm100_simt_sgemm_f32_f32_f32_f32_f32_128x64x16_1x1x1_3_nnn_align1_bias_f32_relu,gemm,0.5144,1
5.25,cutlass3x_sm100_simt_sgemm_f32_f32_f32_f32_f32_64x32x16_1x1x1_3_tnn_align1_bias_f32_relu,gemm,0.7382,1
5.25,fa_dc100_fwd_d128,attention,2.3403,2
5.25,fill_f,layout_copy,1.6748,2
5.25,fvf_h3_gate_res_norm_mod,norm_elementwise,2.0065,1
5.25,fvf_merge_heads_mx,layout_copy,5.42,2
5.25,fvf_split_heads_rows,layout_copy,1.5457,2
5.25,h3_qk_norm_rope,norm_elementwise,10.6265,2
5.25,h3_res_gate_norm_mod,norm_elementwise,4.136,2
5.25,h3_swiglu_mx,norm_elementwise,7.4333,13
5.25,index_select_rows,layout_copy,0.0303,2
5.25,memcpy HtoD,copies_memset,0.0112,2
5.25,memset,copies_memset,0.0656,30
5.25,mx_binary,norm_elementwise,0.0725,4
5.25,mx_block_copy,layout_copy,4.6002,24
5.25,mxfp8_quantize,cast_quant,3.7881,15
5.25,nvjet_sm100_qqtst_128x256_128x6_2x1_2cta_v_bz_Avec32UE8M0_Bvec32UE8M0_TNT,gemm,19.9825,17
5.25,nvjet_sm100_qqtst_256x128_128x5_2x2f_2cta_h_bz_Avec32UE8M0_Bvec32UE8M0_TNT,gemm,5.1851,13
5.25,nvjet_sm100_tst_128x256_64x6_2x1_2cta_v_bz_TNT,gemm,3.6132,1
5.25,softmax_last,attention,0.4216,1
5.25,vsa_combine,attention,7.5173,2
5.25,vsa_mma_attn_tma2,attention,81.4885,1
5.25,vsa_tile_mean,attention,2.5501,3
5.25,vsa_tile_qkv,attention,9.4474,3
5.25,vsa_topk2,attention,0.9736,1
5.5,bcast_binary,norm_elementwise,0.8639,2
5.5,block_copy,layout_copy,0.0424,3
5.5,cast_bf16_f32_bias_act,cast_quant,0.0087,1
5.5,cast_f32_bf16,cast_quant,3.8423,5
5.5,cutlass3x_sm100_simt_sgemm_f32_f32_f32_f32_f32_128x64x16_1x1x1_3_nnn_align1_bias_f32_relu,gemm,1.078,2
5.5,cutlass3x_sm100_simt_sgemm_f32_f32_f32_f32_f32_64x32x16_1x1x1_3_tnn_align1_bias_f32_relu,gemm,1.5528,2
5.5,fa_dc100_fwd_d128,attention,1.1719,1
5.5,fill_f,layout_copy,3.4218,4
5.5,fvf_h3_gate_res_norm_mod,norm_elementwise,3.7866,2
5.5,fvf_merge_heads_mx,layout_copy,2.6996,1
5.5,fvf_split_heads_rows,layout_copy,3.1506,4
5.5,h3_qk_norm_rope,norm_elementwise,21.0187,4
5.5,h3_res_gate_norm_mod,norm_elementwise,2.0634,1
5.5,h3_swiglu_mx,norm_elementwise,9.3576,17
5.5,index_select_rows,layout_copy,0.0149,1
5.5,memcpy HtoD,copies_memset,0.006,1
5.5,memset,copies_memset,0.0767,36
5.5,mx_binary,norm_elementwise,0.0364,2
5.5,mx_block_copy,layout_copy,6.5996,36
5.5,mxfp8_quantize,cast_quant,5.3659,18
5.5,nvjet_sm100_qqtst_128x256_128x6_2x1_2cta_v_bz_Avec32UE8M0_Bvec32UE8M0_TNT,gemm,25.1043,19
5.5,nvjet_sm100_qqtst_256x128_128x5_2x2f_2cta_h_bz_Avec32UE8M0_Bvec32UE8M0_TNT,gemm,6.5545,17
5.5,nvjet_sm100_tst_128x256_64x6_2x1_2cta_v_bz_TNT,gemm,7.3603,2
5.5,softmax_last,attention,0.8697,2
5.5,vsa_combine,attention,3.734,1
5.5,vsa_mma_attn_tma2,attention,160.9177,2
5.5,vsa_tile_mean,attention,5.2441,6
5.5,vsa_tile_qkv,attention,19.0453,6
5.5,vsa_topk2,attention,2.0318,2
5.75,bcast_binary,norm_elementwise,0.4324,1
5.75,block_copy,layout_copy,0.0854,6
5.75,cast_bf16_f32_bias_act,cast_quant,0.0175,2
5.75,cast_f32_bf16,cast_quant,7.6943,10
5.75,cutlass3x_sm100_simt_sgemm_f32_f32_f32_f32_f32_128x64x16_1x1x1_3_nnn_align1_bias_f32_relu,gemm,0.5385,1
5.75,cutlass3x_sm100_simt_sgemm_f32_f32_f32_f32_f32_64x32x16_1x1x1_3_tnn_align1_bias_f32_relu,gemm,0.7761,1
5.75,fa_dc100_fwd_d128,attention,2.3318,2
5.75,fill_f,layout_copy,1.6938,2
5.75,fvf_h3_gate_res_norm_mod,norm_elementwise,3.8595,2
5.75,fvf_merge_heads_mx,layout_copy,5.4116,2
5.75,fvf_split_heads_rows,layout_copy,1.5789,2
5.75,h3_qk_norm_rope,norm_elementwise,10.5025,2
5.75,h3_res_gate_norm_mod,norm_elementwise,4.1411,2
5.75,h3_swiglu_mx,norm_elementwise,11.1573,20
5.75,index_select_rows,layout_copy,0.0307,2
5.75,memcpy HtoD,copies_memset,0.0103,2
5.75,memset,copies_memset,0.0953,44
5.75,mx_binary,norm_elementwise,0.0726,4
5.75,mx_block_copy,layout_copy,7.4371,40
5.75,mxfp8_quantize,cast_quant,6.0988,22
5.75,nvjet_sm100_qqtst_128x256_128x6_2x1_2cta_v_bz_Avec32UE8M0_Bvec32UE8M0_TNT,gemm,30.0288,24
5.75,nvjet_sm100_qqtst_256x128_128x5_2x2f_2cta_h_bz_Avec32UE8M0_Bvec32UE8M0_TNT,gemm,7.7691,20
5.75,nvjet_sm100_tst_128x256_64x6_2x1_2cta_v_bz_TNT,gemm,3.6623,1
5.75,softmax_last,attention,0.4351,1
5.75,vsa_combine,attention,7.4797,2
5.75,vsa_mma_attn_tma2,attention,80.4305,1
5.75,vsa_tile_mean,attention,2.6271,3
5.75,vsa_tile_qkv,attention,9.4494,3
5.75,vsa_topk2,attention,1.0171,1
6.0,bcast_binary,norm_elementwise,0.8601,2
6.0,block_copy,layout_copy,0.0426,3
6.0,cast_bf16_f32_bias_act,cast_quant,0.0087,1
6.0,cast_f32_bf16,cast_quant,3.8425,5
6.0,cutlass3x_sm100_simt_sgemm_f32_f32_f32_f32_f32_128x64x16_1x1x1_3_nnn_align1_bias_f32_relu,gemm,1.0653,2
6.0,cutlass3x_sm100_simt_sgemm_f32_f32_f32_f32_f32_64x32x16_1x1x1_3_tnn_align1_bias_f32_relu,gemm,1.4703,2
6.0,fa_dc100_fwd_d128,attention,1.1676,1
6.0,fill_f,layout_copy,3.3823,4
6.0,fvf_h3_gate_res_norm_mod,norm_elementwise,1.9221,1
6.0,fvf_merge_heads_mx,layout_copy,2.7001,1
6.0,fvf_split_heads_rows,layout_copy,3.073,4
6.0,h3_qk_norm_rope,norm_elementwise,21.0754,4
6.0,h3_res_gate_norm_mod,norm_elementwise,2.0692,1
6.0,h3_swiglu_mx,norm_elementwise,5.579,10
6.0,index_select_rows,layout_copy,0.015,1
6.0,memcpy HtoD,copies_memset,0.0052,1
6.0,memset,copies_memset,0.0476,22
6.0,mx_binary,norm_elementwise,0.0364,2
6.0,mx_block_copy,layout_copy,3.7247,20
6.0,mxfp8_quantize,cast_quant,3.0471,11
6.0,nvjet_sm100_qqtst_128x256_128x6_2x1_2cta_v_bz_Avec32UE8M0_Bvec32UE8M0_TNT,gemm,15.0197,12
6.0,nvjet_sm100_qqtst_256x128_128x5_2x2f_2cta_h_bz_Avec32UE8M0_Bvec32UE8M0_TNT,gemm,3.8883,10
6.0,nvjet_sm100_tst_128x256_64x6_2x1_2cta_v_bz_TNT,gemm,7.3103,2
6.0,softmax_last,attention,0.8658,2
6.0,vsa_combine,attention,3.7323,1
6.0,vsa_mma_attn_tma2,attention,160.9292,2
6.0,vsa_tile_mean,attention,5.1161,6
6.0,vsa_tile_qkv,attention,18.9494,6
6.0,vsa_topk2,attention,2.0171,2
6.25,bcast_binary,norm_elementwise,0.4226,1
6.25,block_copy,layout_copy,0.0852,6
6.25,cast_bf16_f32_bias_act,cast_quant,0.0173,2
6.25,cast_f32_bf16,cast_quant,7.6937,10
6.25,cutlass3x_sm100_simt_sgemm_f32_f32_f32_f32_f32_128x64x16_1x1x1_3_nnn_align1_bias_f32_relu,gemm,0.5192,1
6.25,cutlass3x_sm100_simt_sgemm_f32_f32_f32_f32_f32_64x32x16_1x1x1_3_tnn_align1_bias_f32_relu,gemm,0.7469,1
6.25,fa_dc100_fwd_d128,attention,2.3337,2
6.25,fill_f,layout_copy,1.6854,2
6.25,fvf_h3_gate_res_norm_mod,norm_elementwise,3.784,2
6.25,fvf_merge_heads_mx,layout_copy,5.4046,2
6.25,fvf_split_heads_rows,layout_copy,3.1279,4
6.25,h3_qk_norm_rope,norm_elementwise,21.7936,4
6.25,h3_res_gate_norm_mod,norm_elementwise,4.1443,2
6.25,h3_swiglu_mx,norm_elementwise,11.1414,20
6.25,index_select_rows,layout_copy,0.0301,2
6.25,memcpy HtoD,copies_memset,0.0104,2
6.25,memset,copies_memset,0.0947,44
6.25,mx_binary,norm_elementwise,0.0726,4
6.25,mx_block_copy,layout_copy,7.4063,40
6.25,mxfp8_quantize,cast_quant,6.0327,22
6.25,nvjet_sm100_qqtst_128x256_128x6_2x1_2cta_v_bz_Avec32UE8M0_Bvec32UE8M0_TNT,gemm,30.062,24
6.25,nvjet_sm100_qqtst_256x128_128x5_2x2f_2cta_h_bz_Avec32UE8M0_Bvec32UE8M0_TNT,gemm,7.7324,20
6.25,nvjet_sm100_tst_128x256_64x6_2x1_2cta_v_bz_TNT,gemm,7.2952,2
6.25,softmax_last,attention,0.4255,1
6.25,vsa_combine,attention,7.4933,2
6.25,vsa_mma_attn_tma2,attention,80.0744,1
6.25,vsa_tile_mean,attention,2.571,3
6.25,vsa_tile_qkv,attention,9.4457,3
6.25,vsa_topk2,attention,0.9824,1
6.5,bcast_binary,norm_elementwise,0.8548,2
6.5,block_copy,layout_copy,0.0431,3
6.5,cast_bf16_f32_bias_act,cast_quant,0.0088,1
6.5,cast_f32_bf16,cast_quant,3.8513,5
6.5,cutlass3x_sm100_simt_sgemm_f32_f32_f32_f32_f32_128x64x16_1x1x1_3_nnn_align1_bias_f32_relu,gemm,1.0584,2
6.5,cutlass3x_sm100_simt_sgemm_f32_f32_f32_f32_f32_64x32x16_1x1x1_3_tnn_align1_bias_f32_relu,gemm,1.5191,2
6.5,fa_dc100_fwd_d128,attention,1.1647,1
6.5,fill_f,layout_copy,3.3899,4
6.5,fvf_h3_gate_res_norm_mod,norm_elementwise,1.9224,1
6.5,fvf_merge_heads_mx,layout_copy,2.7102,1
6.5,fvf_split_heads_rows,layout_copy,1.5553,2
6.5,h3_qk_norm_rope,norm_elementwise,10.4143,2
6.5,h3_res_gate_norm_mod,norm_elementwise,2.0783,1
6.5,h3_swiglu_mx,norm_elementwise,5.5867,10
6.5,index_select_rows,layout_copy,0.0153,1
6.5,memcpy HtoD,copies_memset,0.0053,1
6.5,memset,copies_memset,0.0477,22
6.5,mx_binary,norm_elementwise,0.0364,2
6.5,mx_block_copy,layout_copy,3.7251,20
6.5,mxfp8_quantize,cast_quant,3.0478,11
6.5,nvjet_sm100_qqtst_128x256_128x6_2x1_2cta_v_bz_Avec32UE8M0_Bvec32UE8M0_TNT,gemm,15.062,12
6.5,nvjet_sm100_qqtst_256x128_128x5_2x2f_2cta_h_bz_Avec32UE8M0_Bvec32UE8M0_TNT,gemm,3.8989,10
6.5,nvjet_sm100_tst_128x256_64x6_2x1_2cta_v_bz_TNT,gemm,3.6738,1
6.5,softmax_last,attention,0.8609,2
6.5,vsa_combine,attention,3.7446,1
6.5,vsa_mma_attn_tma2,attention,160.4916,2
6.5,vsa_tile_mean,attention,5.1938,6
6.5,vsa_tile_qkv,attention,18.9978,6
6.5,vsa_topk2,attention,1.9964,2
6.75,bcast_binary,norm_elementwise,0.8567,2
6.75,block_copy,layout_copy,0.0857,6
6.75,cast_bf16_f32_bias_act,cast_quant,0.0175,2
6.75,cast_f32_bf16,cast_quant,7.6852,10
6.75,cutlass3x_sm100_simt_sgemm_f32_f32_f32_f32_f32_128x64x16_1x1x1_3_nnn_align1_bias_f32_relu,gemm,1.0607,2
6.75,cutlass3x_sm100_simt_sgemm_f32_f32_f32_f32_f32_64x32x16_1x1x1_3_tnn_align1_bias_f32_relu,gemm,1.5275,2
6.75,fa_dc100_fwd_d128,attention,2.3381,2
6.75,fill_f,layout_copy,3.3862,4
6.75,fvf_h3_gate_res_norm_mod,norm_elementwise,3.7846,2
6.75,fvf_merge_heads_mx,layout_copy,5.3998,2
6.75,fvf_split_heads_rows,layout_copy,3.1337,4
6.75,h3_qk_norm_rope,norm_elementwise,20.9679,4
6.75,h3_res_gate_norm_mod,norm_elementwise,4.1473,2
6.75,h3_swiglu_mx,norm_elementwise,11.163,20
6.75,index_select_rows,layout_copy,0.0302,2
6.75,memcpy HtoD,copies_memset,0.0112,2
6.75,memset,copies_memset,0.0944,44
6.75,mx_binary,norm_elementwise,0.0726,4
6.75,mx_block_copy,layout_copy,7.4107,40
6.75,mxfp8_quantize,cast_quant,6.0669,22
6.75,nvjet_sm100_qqtst_128x256_128x6_2x1_2cta_v_bz_Avec32UE8M0_Bvec32UE8M0_TNT,gemm,30.074,24
6.75,nvjet_sm100_qqtst_256x128_128x5_2x2f_2cta_h_bz_Avec32UE8M0_Bvec32UE8M0_TNT,gemm,7.7284,20
6.75,nvjet_sm100_tst_128x256_64x6_2x1_2cta_v_bz_TNT,gemm,7.3246,2
6.75,softmax_last,attention,0.8623,2
6.75,vsa_combine,attention,7.4706,2
6.75,vsa_mma_attn_tma2,attention,160.4954,2
6.75,vsa_tile_mean,attention,5.2,6
6.75,vsa_tile_qkv,attention,18.8494,6
6.75,vsa_topk2,attention,1.9986,2
7.0,bcast_binary,norm_elementwise,0.4332,1
7.0,block_copy,layout_copy,0.0856,6
7.0,cast_bf16_f32_bias_act,cast_quant,0.0176,2
7.0,cast_f32_bf16,cast_quant,7.6931,10
7.0,cutlass3x_sm100_simt_sgemm_f32_f32_f32_f32_f32_128x64x16_1x1x1_3_nnn_align1_bias_f32_relu,gemm,0.5385,1
7.0,cutlass3x_sm100_simt_sgemm_f32_f32_f32_f32_f32_64x32x16_1x1x1_3_tnn_align1_bias_f32_relu,gemm,0.7759,1
7.0,fa_dc100_fwd_d128,attention,2.3337,2
7.0,fill_f,layout_copy,1.7352,2
7.0,fvf_h3_gate_res_norm_mod,norm_elementwise,1.9352,1
7.0,fvf_merge_heads_mx,layout_copy,5.4074,2
7.0,fvf_split_heads_rows,layout_copy,1.579,2
7.0,h3_qk_norm_rope,norm_elementwise,11.0763,2
7.0,h3_res_gate_norm_mod,norm_elementwise,2.0638,1
7.0,h3_swiglu_mx,norm_elementwise,5.5753,10
7.0,index_select_rows,layout_copy,0.0304,2
7.0,memcpy HtoD,copies_memset,0.0105,2
7.0,memset,copies_memset,0.051,23
7.0,mx_binary,norm_elementwise,0.0727,4
7.0,mx_block_copy,layout_copy,3.7023,20
7.0,mxfp8_quantize,cast_quant,3.0683,11
7.0,nvjet_sm100_qqtst_128x256_128x6_2x1_2cta_v_bz_Avec32UE8M0_Bvec32UE8M0_TNT,gemm,16.7551,13
7.0,nvjet_sm100_qqtst_256x128_128x5_2x2f_2cta_h_bz_Avec32UE8M0_Bvec32UE8M0_TNT,gemm,3.8525,10
7.0,nvjet_sm100_tst_128x256_64x6_2x1_2cta_v_bz_TNT,gemm,3.6505,1
7.0,softmax_last,attention,0.4358,1
7.0,vsa_combine,attention,7.4758,2
7.0,vsa_mma_attn_tma2,attention,80.4804,1
7.0,vsa_tile_mean,attention,2.6269,3
7.0,vsa_tile_qkv,attention,9.6819,3
7.0,vsa_topk2,attention,1.0141,1
7.25,bcast_binary,norm_elementwise,0.8646,2
7.25,block_copy,layout_copy,0.0427,3
7.25,cast_bf16_f32_bias_act,cast_quant,0.0089,1
7.25,cast_f32_bf16,cast_quant,3.8596,5
7.25,cutlass3x_sm100_simt_sgemm_f32_f32_f32_f32_f32_128x64x16_1x1x1_3_nnn_align1_bias_f32_relu,gemm,1.0699,2
7.25,cutlass3x_sm100_simt_sgemm_f32_f32_f32_f32_f32_64x32x16_1x1x1_3_tnn_align1_bias_f32_relu,gemm,1.5405,2
7.25,fa_dc100_fwd_d128,attention,1.1873,1
7.25,fill_f,layout_copy,3.4524,4
7.25,fvf_h3_gate_res_norm_mod,norm_elementwise,3.8177,2
7.25,fvf_merge_heads_mx,layout_copy,2.7205,1
7.25,fvf_split_heads_rows,layout_copy,3.1565,4
7.25,h3_qk_norm_rope,norm_elementwise,21.7755,4
7.25,h3_res_gate_norm_mod,norm_elementwise,4.14,2
7.25,h3_swiglu_mx,norm_elementwise,11.1619,20
7.25,index_select_rows,layout_copy,0.0154,1
7.25,memcpy HtoD,copies_memset,0.0053,1
7.25,memset,copies_memset,0.0911,43
7.25,mx_binary,norm_elementwise,0.0367,2
7.25,mx_block_copy,layout_copy,7.4173,40
7.25,mxfp8_quantize,cast_quant,6.0628,22
7.25,nvjet_sm100_qqtst_128x256_128x6_2x1_2cta_v_bz_Avec32UE8M0_Bvec32UE8M0_TNT,gemm,27.9632,23
7.25,nvjet_sm100_qqtst_256x128_128x5_2x2f_2cta_h_bz_Avec32UE8M0_Bvec32UE8M0_TNT,gemm,7.6946,20
7.25,nvjet_sm100_tst_128x256_64x6_2x1_2cta_v_bz_TNT,gemm,7.2686,2
7.25,softmax_last,attention,0.8709,2
7.25,vsa_combine,attention,3.7551,1
7.25,vsa_mma_attn_tma2,attention,161.6443,2
7.25,vsa_tile_mean,attention,5.2488,6
7.25,vsa_tile_qkv,attention,19.3234,6
7.25,vsa_topk2,attention,2.0297,2
7.5,bcast_binary,norm_elementwise,0.4236,1
7.5,block_copy,layout_copy,0.0861,6
7.5,cast_bf16_f32_bias_act,cast_quant,0.0174,2
7.5,cast_f32_bf16,cast_quant,7.6849,10
7.5,cutlass3x_sm100_simt_sgemm_f32_f32_f32_f32_f32_128x64x16_1x1x1_3_nnn_align1_bias_f32_relu,gemm,0.5206,1
7.5,cutlass3x_sm100_simt_sgemm_f32_f32_f32_f32_f32_64x32x16_1x1x1_3_tnn_align1_bias_f32_relu,gemm,0.7507,1
7.5,fa_dc100_fwd_d128,attention,2.346,2
7.5,fill_f,layout_copy,1.6638,2
7.5,fvf_h3_gate_res_norm_mod,norm_elementwise,1.8936,1
7.5,fvf_merge_heads_mx,layout_copy,5.3991,2
7.5,fvf_split_heads_rows,layout_copy,1.5561,2
7.5,h3_qk_norm_rope,norm_elementwise,10.1736,2
7.5,h3_res_gate_norm_mod,norm_elementwise,4.1332,2
7.5,h3_swiglu_mx,norm_elementwise,10.374,18
7.5,index_select_rows,layout_copy,0.0301,2
7.5,memcpy HtoD,copies_memset,0.0104,2
7.5,memset,copies_memset,0.0846,39
7.5,mx_binary,norm_elementwise,0.0724,4
7.5,mx_block_copy,layout_copy,5.3111,28
7.5,mxfp8_quantize,cast_quant,4.3567,19
7.5,nvjet_sm100_qqtst_128x256_128x6_2x1_2cta_v_bz_Avec32UE8M0_Bvec32UE8M0_TNT,gemm,22.991,21
7.5,nvjet_sm100_qqtst_256x128_128x5_2x2f_2cta_h_bz_Avec32UE8M0_Bvec32UE8M0_TNT,gemm,6.756,17
7.5,nvjet_sm100_tst_128x256_64x6_2x1_2cta_v_bz_TNT,gemm,3.6695,1
7.5,softmax_last,attention,0.4263,1
7.5,vsa_combine,attention,7.4671,2
7.5,vsa_mma_attn_tma2,attention,80.1659,1
7.5,vsa_tile_mean,attention,2.5755,3
7.5,vsa_tile_qkv,attention,9.2136,3
7.5,vsa_topk2,attention,0.9848,1
7.75,bcast_binary,norm_elementwise,0.9134,2
7.75,block_copy,layout_copy,0.0431,3
7.75,cast_bf16_f32_bias_act,cast_quant,0.0088,1
7.75,cast_f32_bf16,cast_quant,5.7542,6
7.75,cutlass3x_sm100_simt_sgemm_f32_f32_f32_f32_f32_128x64x16_1x1x1_3_nnn_align1_bias_f32_relu,gemm,1.1463,2
7.75,cutlass3x_sm100_simt_sgemm_f32_f32_f32_f32_f32_64x32x16_1x1x1_3_tnn_align1_bias_f32_relu,gemm,1.6501,2
7.75,fa_dc100_fwd_d128,attention,1.1641,1
7.75,fill_f,layout_copy,3.6784,4
7.75,fvf_h3_gate_res_norm_mod,norm_elementwise,4.1756,2
7.75,fvf_split_heads_rows,layout_copy,3.274,4
7.75,h3_qk_norm_rope,norm_elementwise,23.4306,4
7.75,h3_res_gate_norm_mod,norm_elementwise,2.0585,1
7.75,h3_swiglu_mx,norm_elementwise,0.7837,2
7.75,index_select_rows,layout_copy,0.0152,1
7.75,memcpy HtoD,copies_memset,0.0052,1
7.75,memset,copies_memset,0.0073,4
7.75,mx_binary,norm_elementwise,0.0364,2
7.75,mx_block_copy,layout_copy,6.0555,32
7.75,mx_merge_heads,layout_copy,3.3213,1
7.75,mx_swiglu,norm_elementwise,5.8716,10
7.75,mxfp8_quantize,cast_quant,0.218,2
7.75,nvjet_sm100_qqtst_128x256_128x6_2x1_2cta_v_bz_Avec32UE8M0_Bvec32UE8M0_TNT,gemm,0.9857,2
7.75,nvjet_sm100_qqtst_256x128_128x5_2x2f_2cta_h_bz_Avec32UE8M0_Bvec32UE8M0_TNT,gemm,0.9484,3
7.75,nvjet_sm100_tst_128x256_64x6_2x1_2cta_v_bz_TNT,gemm,46.1414,13
7.75,nvjet_sm100_tst_192x224_64x5_2x1_2cta_v_bz_TNT,gemm,0.222,1
7.75,nvjet_sm100_tst_256x256_64x4_2x1_2cta_v_bz_TNT,gemm,7.3187,9
7.75,softmax_last,attention,0.9171,2
7.75,vsa_combine,attention,3.7442,1
7.75,vsa_mma_attn_tma2,attention,166.2028,2
7.75,vsa_tile_mean,attention,5.4958,6
7.75,vsa_tile_qkv,attention,20.3837,6
7.75,vsa_topk2,attention,2.1716,2
8.0,bcast_binary,norm_elementwise,0.4376,1
8.0,block_copy,layout_copy,0.0427,3
8.0,cast_bf16_f32_bias_act,cast_quant,0.0088,1
8.0,cast_f32_bf16,cast_quant,5.7505,6
8.0,cutlass3x_sm100_simt_sgemm_f32_f32_f32_f32_f32_128x64x16_1x1x1_3_nnn_align1_bias_f32_relu,gemm,0.5499,1
8.0,cutlass3x_sm100_simt_sgemm_f32_f32_f32_f32_f32_64x32x16_1x1x1_3_tnn_align1_bias_f32_relu,gemm,0.7866,1
8.0,fa_dc100_fwd_d128,attention,1.1712,1
8.0,fill_f,layout_copy,1.7543,2
8.0,fvf_h3_gate_res_norm_mod,norm_elementwise,2.1315,1
8.0,fvf_split_heads_rows,layout_copy,1.5884,2
8.0,h3_qk_norm_rope,norm_elementwise,11.2899,2
8.0,h3_res_gate_norm_mod,norm_elementwise,2.0544,1
8.0,index_select_rows,layout_copy,0.0151,1
8.0,memcpy HtoD,copies_memset,0.0053,1
8.0,mx_binary,norm_elementwise,0.0364,2
8.0,mx_block_copy,layout_copy,3.8446,20
8.0,mx_merge_heads,layout_copy,3.3206,1
8.0,mx_swiglu,norm_elementwise,5.7771,10
8.0,nvjet_sm100_tst_128x256_64x6_2x1_2cta_v_bz_TNT,gemm,31.6592,12
8.0,nvjet_sm100_tst_192x224_64x5_2x1_2cta_v_bz_TNT,gemm,0.2148,1
8.0,nvjet_sm100_tst_256x256_64x4_2x1_2cta_v_bz_TNT,gemm,7.2226,9
8.0,softmax_last,attention,0.4412,1
8.0,vsa_combine,attention,7.4822,2
8.0,vsa_mma_attn_tma2,attention,81.9919,1
8.0,vsa_tile_mean,attention,2.647,3
8.0,vsa_tile_qkv,attention,9.7537,3
8.0,vsa_topk2,attention,1.0327,1
8.25,bcast_binary,norm_elementwise,0.4129,1
8.25,block_copy,layout_copy,0.0929,10
8.25,cast_bf16_f32_bias_act,cast_quant,3.1092,8
8.25,cast_f32_bf16,cast_quant,12.8923,20
8.25,cutlass3x_sm100_simt_sgemm_f32_f32_f32_f32_f32_128x64x16_1x1x1_3_nnn_align1_bias_f32_relu,gemm,0.5551,1
8.25,cutlass3x_sm100_simt_sgemm_f32_f32_f32_f32_f32_64x32x16_1x1x1_3_tnn_align1_bias_f32_relu,gemm,0.732,1
8.25,fa_dc100_fwd_d128,attention,2.3611,2
8.25,fill_f,layout_copy,1.6611,2
8.25,fvf_split_heads_rows,layout_copy,1.5367,2
8.25,h3_gate_residual,norm_elementwise,2.5888,1
8.25,h3_norm_mod,norm_elementwise,1.4435,1
8.25,h3_qk_norm_rope,norm_elementwise,10.3206,2
8.25,h3_res_gate_norm_mod,norm_elementwise,4.1451,2
8.25,index_select_rows,layout_copy,0.0306,2
8.25,lincomb3,norm_elementwise,0.0577,4
8.25,memcpy HtoD,copies_memset,1.2071,3
8.25,mx_binary,norm_elementwise,4.4032,8
8.25,mx_block_copy,layout_copy,8.0591,28
8.25,mx_merge_heads,layout_copy,6.6507,2
8.25,mx_rms_norm,norm_elementwise,1.0398,2
8.25,mx_swiglu,norm_elementwise,7.029,12
8.25,nvjet_sm100_tst_128x256_64x6_2x1_2cta_v_bz_TNT,gemm,39.7457,17
8.25,nvjet_sm100_tst_192x224_64x5_2x1_2cta_v_bz_TNT,gemm,0.2002,1
8.25,nvjet_sm100_tst_256x256_64x4_2x1_2cta_v_bz_TNT,gemm,8.7914,11
8.25,nvjet_sm100_tst_256x64_64x5_1x1_h_bz_TNT,gemm,0.005,1
8.25,nvjet_sm100_tst_64x32_64x16_1x4_h_bz_splitK_TNT,gemm,0.0052,1
8.25,nvjet_sm100_tst_96x256_64x5_1x2_2cta_h_bz_TNN,gemm,0.1363,1
8.25,softmax_last,attention,0.4189,1
8.25,"cublasLt::splitKreduce_kernel<(int)32, (int)16, int, float, __nv_bfloat16, float, __nv_bfloat16, (bool)0, float, __nv_bfloat16, __nv_bfloat16, (bool)1, (bool)0,…",gemm,0.004,1
8.25,vsa_combine,attention,3.733,1
8.25,vsa_mma_attn_tma2,attention,79.5144,1
8.25,vsa_tile_mean,attention,2.4951,3
8.25,vsa_tile_qkv,attention,9.2634,3
8.25,vsa_topk2,attention,0.9551,1
8.5,bcast_binary,norm_elementwise,0.9145,2
8.5,block_copy,layout_copy,0.0429,3
8.5,cast_bf16_f32_bias_act,cast_quant,0.0086,1
8.5,cast_f32_bf16,cast_quant,5.6809,6
8.5,cutlass3x_sm100_simt_sgemm_f32_f32_f32_f32_f32_128x64x16_1x1x1_3_nnn_align1_bias_f32_relu,gemm,1.1527,2
8.5,cutlass3x_sm100_simt_sgemm_f32_f32_f32_f32_f32_64x32x16_1x1x1_3_tnn_align1_bias_f32_relu,gemm,1.6599,2
8.5,fa_dc100_fwd_d128,attention,1.2104,1
8.5,fill_f,layout_copy,2.7465,3
8.5,fvf_h3_gate_res_norm_mod,norm_elementwise,3.8863,2
8.5,fvf_split_heads_rows,layout_copy,3.2823,4
8.5,h3_qk_norm_rope,norm_elementwise,23.8616,4
8.5,h3_res_gate_norm_mod,norm_elementwise,2.0703,1
8.5,index_select_rows,layout_copy,0.0155,1
8.5,memcpy HtoD,copies_memset,0.0061,1
8.5,memset,copies_memset,0.0034,1
8.5,mx_binary,norm_elementwise,0.0371,2
8.5,mx_block_copy,layout_copy,6.8383,37
8.5,mx_merge_heads,layout_copy,3.3307,1
8.5,mx_swiglu,norm_elementwise,10.3458,18
8.5,mxfp8_quantize,cast_quant,1.4586,1
8.5,nvjet_sm100_qqtst_128x256_128x6_2x1_2cta_v_bz_Avec32UE8M0_Bvec32UE8M0_TNT,gemm,5.6312,1
8.5,nvjet_sm100_tst_128x256_64x6_2x1_2cta_v_bz_TNT,gemm,43.3049,20
8.5,nvjet_sm100_tst_192x224_64x5_2x1_2cta_v_bz_TNT,gemm,0.4075,2
8.5,nvjet_sm100_tst_256x256_64x4_2x1_2cta_v_bz_TNT,gemm,12.7098,16
8.5,softmax_last,attention,0.9188,2
8.5,vsa_combine,attention,3.7435,1
8.5,vsa_mma_attn_tma2,attention,87.3731,1
8.5,vsa_tile_mean,attention,5.4408,6
8.5,vsa_tile_qkv,attention,20.7028,6
8.5,vsa_topk2,attention,2.1728,2
8.75,bcast_binary,norm_elementwise,0.4376,1
8.75,block_copy,layout_copy,0.0424,3
8.75,cast_bf16_f32_bias_act,cast_quant,0.0087,1
8.75,cast_f32_bf16,cast_quant,3.796,5
8.75,cutlass3x_sm100_simt_sgemm_f32_f32_f32_f32_f32_128x64x16_1x1x1_3_nnn_align1_bias_f32_relu,gemm,0.5447,1
8.75,cutlass3x_sm100_simt_sgemm_f32_f32_f32_f32_f32_64x32x16_1x1x1_3_tnn_align1_bias_f32_relu,gemm,0.7851,1
8.75,fa_dc100_fwd_d128,attention,1.1818,1
8.75,fill_f,layout_copy,2.7554,3
8.75,fvf_h3_gate_res_norm_mod,norm_elementwise,1.9009,1
8.75,fvf_merge_heads_mx,layout_copy,2.7109,1
8.75,fvf_split_heads_rows,layout_copy,1.5952,2
8.75,h3_qk_norm_rope,norm_elementwise,11.116,2
8.75,h3_res_gate_norm_mod,norm_elementwise,2.0692,1
8.75,h3_swiglu_mx,norm_elementwise,5.5321,10
8.75,index_select_rows,layout_copy,0.0153,1
8.75,memcpy HtoD,copies_memset,0.006,1
8.75,memset,copies_memset,0.0475,22
8.75,mx_binary,norm_elementwise,0.0368,2
8.75,mx_block_copy,layout_copy,3.7206,20
8.75,mxfp8_quantize,cast_quant,3.0293,11
8.75,nvjet_sm100_qqtst_128x256_128x6_2x1_2cta_v_bz_Avec32UE8M0_Bvec32UE8M0_TNT,gemm,14.6928,12
8.75,nvjet_sm100_qqtst_256x128_128x5_2x2f_2cta_h_bz_Avec32UE8M0_Bvec32UE8M0_TNT,gemm,3.8642,10
8.75,nvjet_sm100_tst_128x256_64x6_2x1_2cta_v_bz_TNT,gemm,3.4768,1
8.75,softmax_last,attention,0.4423,1
8.75,vsa_combine,attention,7.4922,2
8.75,vsa_mma_attn_tma2,attention,165.4002,2
8.75,vsa_tile_mean,attention,2.6257,3
8.75,vsa_tile_qkv,attention,9.8026,3
8.75,vsa_topk2,attention,1.0335,1
9.0,bcast_binary,norm_elementwise,0.8439,2
9.0,block_copy,layout_copy,0.0848,6
9.0,cast_bf16_f32_bias_act,cast_quant,0.0173,2
9.0,cast_f32_bf16,cast_quant,7.5829,10
9.0,cutlass3x_sm100_simt_sgemm_f32_f32_f32_f32_f32_128x64x16_1x1x1_3_nnn_align1_bias_f32_relu,gemm,1.0936,2
9.0,cutlass3x_sm100_simt_sgemm_f32_f32_f32_f32_f32_64x32x16_1x1x1_3_tnn_align1_bias_f32_relu,gemm,1.51,2
9.0,fa_dc100_fwd_d128,attention,2.3598,2
9.0,fill_f,layout_copy,3.3419,4
9.0,fvf_h3_gate_res_norm_mod,norm_elementwise,3.8353,2
9.0,fvf_merge_heads_mx,layout_copy,5.4095,2
9.0,fvf_split_heads_rows,layout_copy,3.1136,4
9.0,h3_qk_norm_rope,norm_elementwise,20.9108,4
9.0,h3_res_gate_norm_mod,norm_elementwise,4.1468,2
9.0,h3_swiglu_mx,norm_elementwise,11.0595,20
9.0,index_select_rows,layout_copy,0.0306,2
9.0,memcpy HtoD,copies_memset,0.0105,2
9.0,memset,copies_memset,0.0943,44
9.0,mx_binary,norm_elementwise,0.0737,4
9.0,mx_block_copy,layout_copy,7.455,40
9.0,mxfp8_quantize,cast_quant,6.0864,22
9.0,nvjet_sm100_qqtst_128x256_128x6_2x1_2cta_v_bz_Avec32UE8M0_Bvec32UE8M0_TNT,gemm,29.3941,24
9.0,nvjet_sm100_qqtst_256x128_128x5_2x2f_2cta_h_bz_Avec32UE8M0_Bvec32UE8M0_TNT,gemm,7.7276,20
9.0,nvjet_sm100_tst_128x256_64x6_2x1_2cta_v_bz_TNT,gemm,6.9723,2
9.0,softmax_last,attention,0.8517,2
9.0,vsa_combine,attention,3.7352,1
9.0,vsa_mma_attn_tma2,attention,160.4069,2
9.0,vsa_tile_mean,attention,5.0861,6
9.0,vsa_tile_qkv,attention,18.6811,6
9.0,vsa_topk2,attention,1.9641,2
9.25,bcast_binary,norm_elementwise,0.3985,1
9.25,block_copy,layout_copy,0.0848,6
9.25,cast_bf16_f32_bias_act,cast_quant,0.0175,2
9.25,cast_f32_bf16,cast_quant,7.5837,10
9.25,cutlass3x_sm100_simt_sgemm_f32_f32_f32_f32_f32_128x64x16_1x1x1_3_nnn_align1_bias_f32_relu,gemm,0.529,1
9.25,cutlass3x_sm100_simt_sgemm_f32_f32_f32_f32_f32_64x32x16_1x1x1_3_tnn_align1_bias_f32_relu,gemm,0.6985,1
9.25,fa_dc100_fwd_d128,attention,2.3941,2
9.25,fill_f,layout_copy,1.6534,2
9.25,fvf_h3_gate_res_norm_mod,norm_elementwise,1.8929,1
9.25,fvf_merge_heads_mx,layout_copy,5.4093,2
9.25,fvf_split_heads_rows,layout_copy,1.5047,2
9.25,h3_qk_norm_rope,norm_elementwise,10.0446,2
9.25,h3_res_gate_norm_mod,norm_elementwise,4.131,2
9.25,h3_swiglu_mx,norm_elementwise,7.8885,14
9.25,index_select_rows,layout_copy,0.0301,2
9.25,memcpy HtoD,copies_memset,0.0104,2
9.25,memset,copies_memset,0.0695,32
9.25,mx_binary,norm_elementwise,0.0738,4
9.25,mx_block_copy,layout_copy,4.72,25
9.25,mxfp8_quantize,cast_quant,3.8572,16
9.25,nvjet_sm100_qqtst_128x256_128x6_2x1_2cta_v_bz_Avec32UE8M0_Bvec32UE8M0_TNT,gemm,20.4471,18
9.25,nvjet_sm100_qqtst_256x128_128x5_2x2f_2cta_h_bz_Avec32UE8M0_Bvec32UE8M0_TNT,gemm,5.5286,14
9.25,nvjet_sm100_tst_128x256_64x6_2x1_2cta_v_bz_TNT,gemm,3.5318,1
9.25,softmax_last,attention,0.4049,1
9.25,vsa_combine,attention,7.4826,2
9.25,vsa_mma_attn_tma2,attention,81.2561,1
9.25,vsa_tile_mean,attention,2.4247,3
9.25,vsa_tile_qkv,attention,9.3499,3
9.25,vsa_topk2,attention,0.9426,1
9.5,bcast_binary,norm_elementwise,0.875,2
9.5,block_copy,layout_copy,0.0424,3
9.5,cast_bf16_f32_bias_act,cast_quant,0.0087,1
9.5,cast_f32_bf16,cast_quant,3.7951,5
9.5,cutlass3x_sm100_simt_sgemm_f32_f32_f32_f32_f32_128x64x16_1x1x1_3_nnn_align1_bias_f32_relu,gemm,1.0978,2
9.5,cutlass3x_sm100_simt_sgemm_f32_f32_f32_f32_f32_64x32x16_1x1x1_3_tnn_align1_bias_f32_relu,gemm,1.5813,2
9.5,fa_dc100_fwd_d128,attention,1.2207,1
9.5,fill_f,layout_copy,3.4201,4
9.5,fvf_h3_gate_res_norm_mod,norm_elementwise,3.8473,2
9.5,fvf_merge_heads_mx,layout_copy,2.7097,1
9.5,fvf_split_heads_rows,layout_copy,3.1608,4
9.5,h3_qk_norm_rope,norm_elementwise,20.5054,4
9.5,h3_res_gate_norm_mod,norm_elementwise,2.0743,1
9.5,h3_swiglu_mx,norm_elementwise,8.6779,16
9.5,index_select_rows,layout_copy,0.0152,1
9.5,memcpy HtoD,copies_memset,0.0052,1
9.5,memset,copies_memset,0.0717,34
9.5,mx_binary,norm_elementwise,0.0368,2
9.5,mx_block_copy,layout_copy,6.4493,35
9.5,mxfp8_quantize,cast_quant,5.2505,17
9.5,nvjet_sm100_qqtst_128x256_128x6_2x1_2cta_v_bz_Avec32UE8M0_Bvec32UE8M0_TNT,gemm,23.8039,18
9.5,nvjet_sm100_qqtst_256x128_128x5_2x2f_2cta_h_bz_Avec32UE8M0_Bvec32UE8M0_TNT,gemm,6.0693,16
9.5,nvjet_sm100_tst_128x256_64x6_2x1_2cta_v_bz_TNT,gemm,7.0224,2
9.5,softmax_last,attention,0.8834,2
9.5,vsa_combine,attention,3.7436,1
9.5,vsa_mma_attn_tma2,attention,162.7562,2
9.5,vsa_tile_mean,attention,5.2506,6
9.5,vsa_tile_qkv,attention,19.1003,6
9.5,vsa_topk2,attention,2.0643,2
9.75,bcast_binary,norm_elementwise,0.4337,1
9.75,block_copy,layout_copy,0.0852,6
9.75,cast_bf16_f32_bias_act,cast_quant,0.0173,2
9.75,cast_f32_bf16,cast_quant,7.5756,10
9.75,cutlass3x_sm100_simt_sgemm_f32_f32_f32_f32_f32_128x64x16_1x1x1_3_nnn_align1_bias_f32_relu,gemm,0.5437,1
9.75,cutlass3x_sm100_simt_sgemm_f32_f32_f32_f32_f32_64x32x16_1x1x1_3_tnn_align1_bias_f32_relu,gemm,0.7821,1
9.75,fa_dc100_fwd_d128,attention,2.4329,2
9.75,fill_f,layout_copy,1.7008,2
9.75,fvf_h3_gate_res_norm_mod,norm_elementwise,3.9432,2
9.75,fvf_merge_heads_mx,layout_copy,5.3997,2
9.75,fvf_split_heads_rows,layout_copy,1.5855,2
9.75,h3_qk_norm_rope,norm_elementwise,10.5446,2
9.75,h3_res_gate_norm_mod,norm_elementwise,4.1361,2
9.75,h3_swiglu_mx,norm_elementwise,11.0988,20
9.75,index_select_rows,layout_copy,0.0305,2
9.75,memcpy HtoD,copies_memset,0.0106,2
9.75,memset,copies_memset,0.0945,44
9.75,mx_binary,norm_elementwise,0.0735,4
9.75,mx_block_copy,layout_copy,7.5417,40
9.75,mxfp8_quantize,cast_quant,6.1747,22
9.75,nvjet_sm100_qqtst_128x256_128x6_2x1_2cta_v_bz_Avec32UE8M0_Bvec32UE8M0_TNT,gemm,29.4615,24
9.75,nvjet_sm100_qqtst_256x128_128x5_2x2f_2cta_h_bz_Avec32UE8M0_Bvec32UE8M0_TNT,gemm,7.7621,20
9.75,nvjet_sm100_tst_128x256_64x6_2x1_2cta_v_bz_TNT,gemm,3.4823,1
9.75,softmax_last,attention,0.4377,1
9.75,vsa_combine,attention,7.4648,2
9.75,vsa_mma_attn_tma2,attention,80.8139,1
9.75,vsa_tile_mean,attention,2.6033,3
9.75,vsa_tile_qkv,attention,9.6321,3
9.75,vsa_topk2,attention,1.0198,1
10.0,bcast_binary,norm_elementwise,0.8393,2
10.0,block_copy,layout_copy,0.0425,3
10.0,cast_bf16_f32_bias_act,cast_quant,0.0086,1
10.0,cast_f32_bf16,cast_quant,3.7865,5
10.0,cutlass3x_sm100_simt_sgemm_f32_f32_f32_f32_f32_128x64x16_1x1x1_3_nnn_align1_bias_f32_relu,gemm,1.0878,2
10.0,cutlass3x_sm100_simt_sgemm_f32_f32_f32_f32_f32_64x32x16_1x1x1_3_tnn_align1_bias_f32_relu,gemm,1.502,2
10.0,fa_dc100_fwd_d128,attention,1.2146,1
10.0,fill_f,layout_copy,3.3456,4
10.0,fvf_h3_gate_res_norm_mod,norm_elementwise,1.9585,1
10.0,fvf_merge_heads_mx,layout_copy,2.699,1
10.0,fvf_split_heads_rows,layout_copy,3.1028,4
10.0,h3_qk_norm_rope,norm_elementwise,20.8848,4
10.0,h3_res_gate_norm_mod,norm_elementwise,2.0617,1
10.0,h3_swiglu_mx,norm_elementwise,5.546,10
10.0,index_select_rows,layout_copy,0.0151,1
10.0,memcpy HtoD,copies_memset,0.0061,1
10.0,memset,copies_memset,0.0476,22
10.0,mx_binary,norm_elementwise,0.0366,2
10.0,mx_block_copy,layout_copy,3.7577,20
10.0,mxfp8_quantize,cast_quant,3.075,11
10.0,nvjet_sm100_qqtst_128x256_128x6_2x1_2cta_v_bz_Avec32UE8M0_Bvec32UE8M0_TNT,gemm,14.7213,12
10.0,nvjet_sm100_qqtst_256x128_128x5_2x2f_2cta_h_bz_Avec32UE8M0_Bvec32UE8M0_TNT,gemm,3.8679,10
10.0,nvjet_sm100_tst_128x256_64x6_2x1_2cta_v_bz_TNT,gemm,6.9649,2
10.0,softmax_last,attention,0.8489,2
10.0,vsa_combine,attention,3.7321,1
10.0,vsa_mma_attn_tma2,attention,161.7553,2
10.0,vsa_tile_mean,attention,5.0612,6
10.0,vsa_tile_qkv,attention,18.7865,6
10.0,vsa_topk2,attention,1.9516,2
10.25,bcast_binary,norm_elementwise,0.4436,1
10.25,block_copy,layout_copy,0.0853,6
10.25,cast_bf16_f32_bias_act,cast_quant,0.0173,2
10.25,cast_f32_bf16,cast_quant,7.5898,10
10.25,cutlass3x_sm100_simt_sgemm_f32_f32_f32_f32_f32_128x64x16_1x1x1_3_nnn_align1_bias_f32_relu,gemm,0.5556,1
10.25,cutlass3x_sm100_simt_sgemm_f32_f32_f32_f32_f32_64x32x16_1x1x1_3_tnn_align1_bias_f32_relu,gemm,0.8019,1
10.25,fa_dc100_fwd_d128,attention,2.3861,2
10.25,fill_f,layout_copy,1.7269,2
10.25,fvf_h3_gate_res_norm_mod,norm_elementwise,3.8806,2
10.25,fvf_merge_heads_mx,layout_copy,5.4191,2
10.25,fvf_split_heads_rows,layout_copy,3.1862,4
10.25,h3_qk_norm_rope,norm_elementwise,20.6245,4
10.25,h3_res_gate_norm_mod,norm_elementwise,4.1496,2
10.25,h3_swiglu_mx,norm_elementwise,11.0768,20
10.25,index_select_rows,layout_copy,0.0305,2
10.25,memcpy HtoD,copies_memset,0.0104,2
10.25,memset,copies_memset,0.0941,44
10.25,mx_binary,norm_elementwise,0.0737,4
10.25,mx_block_copy,layout_copy,7.4892,40
10.25,mxfp8_quantize,cast_quant,6.1218,22
10.25,nvjet_sm100_qqtst_128x256_128x6_2x1_2cta_v_bz_Avec32UE8M0_Bvec32UE8M0_TNT,gemm,29.4655,24
10.25,nvjet_sm100_qqtst_256x128_128x5_2x2f_2cta_h_bz_Avec32UE8M0_Bvec32UE8M0_TNT,gemm,7.7459,20
10.25,nvjet_sm100_tst_128x256_64x6_2x1_2cta_v_bz_TNT,gemm,6.9956,2
10.25,softmax_last,attention,0.4496,1
10.25,vsa_combine,attention,7.4908,2
10.25,vsa_mma_attn_tma2,attention,81.7303,1
10.25,vsa_tile_mean,attention,4.3818,5
10.25,vsa_tile_qkv,attention,9.6164,3
10.25,vsa_topk2,attention,1.0536,1
10.5,bcast_binary,norm_elementwise,0.8772,2
10.5,block_copy,layout_copy,0.0423,3
10.5,cast_bf16_f32_bias_act,cast_quant,0.0088,1
10.5,cast_f32_bf16,cast_quant,3.7878,5
10.5,cutlass3x_sm100_simt_sgemm_f32_f32_f32_f32_f32_128x64x16_1x1x1_3_nnn_align1_bias_f32_relu,gemm,1.1044,2
10.5,cutlass3x_sm100_simt_sgemm_f32_f32_f32_f32_f32_64x32x16_1x1x1_3_tnn_align1_bias_f32_relu,gemm,1.5903,2
10.5,fa_dc100_fwd_d128,attention,1.2041,1
10.5,fill_f,layout_copy,3.43,4
10.5,fvf_h3_gate_res_norm_mod,norm_elementwise,1.8932,1
10.5,fvf_merge_heads_mx,layout_copy,2.6997,1
10.5,fvf_split_heads_rows,layout_copy,1.5437,2
10.5,h3_qk_norm_rope,norm_elementwise,10.0655,2
10.5,h3_res_gate_norm_mod,norm_elementwise,2.063,1
10.5,h3_swiglu_mx,norm_elementwise,5.5174,10
10.5,index_select_rows,layout_copy,0.0156,1
10.5,memcpy HtoD,copies_memset,0.0059,1
10.5,memset,copies_memset,0.0477,22
10.5,mx_binary,norm_elementwise,0.037,2
10.5,mx_block_copy,layout_copy,3.7084,20
10.5,mxfp8_quantize,cast_quant,3.0157,11
10.5,nvjet_sm100_qqtst_128x256_128x6_2x1_2cta_v_bz_Avec32UE8M0_Bvec32UE8M0_TNT,gemm,14.8102,12
10.5,nvjet_sm100_qqtst_256x128_128x5_2x2f_2cta_h_bz_Avec32UE8M0_Bvec32UE8M0_TNT,gemm,3.8597,10
10.5,nvjet_sm100_tst_128x256_64x6_2x1_2cta_v_bz_TNT,gemm,3.5421,1
10.5,softmax_last,attention,0.8858,2
10.5,vsa_combine,attention,3.7321,1
10.5,vsa_mma_attn_tma2,attention,161.8723,2
10.5,vsa_tile_mean,attention,3.4788,4
10.5,vsa_tile_qkv,attention,19.2794,6
10.5,vsa_topk2,attention,2.0695,2
10.75,bcast_binary,norm_elementwise,0.8799,2
10.75,block_copy,layout_copy,0.0848,6
10.75,cast_bf16_f32_bias_act,cast_quant,0.0175,2
10.75,cast_f32_bf16,cast_quant,7.5814,10
10.75,cutlass3x_sm100_simt_sgemm_f32_f32_f32_f32_f32_128x64x16_1x1x1_3_nnn_align1_bias_f32_relu,gemm,1.1016,2
10.75,cutlass3x_sm100_simt_sgemm_f32_f32_f32_f32_f32_64x32x16_1x1x1_3_tnn_align1_bias_f32_relu,gemm,1.5027,2
10.75,fa_dc100_fwd_d128,attention,2.3752,2
10.75,fill_f,layout_copy,3.4381,4
10.75,fvf_h3_gate_res_norm_mod,norm_elementwise,3.8523,2
10.75,fvf_merge_heads_mx,layout_copy,5.4089,2
10.75,fvf_split_heads_rows,layout_copy,3.0801,4
10.75,h3_qk_norm_rope,norm_elementwise,20.4592,4
10.75,h3_res_gate_norm_mod,norm_elementwise,4.1161,2
10.75,h3_swiglu_mx,norm_elementwise,11.0688,20
10.75,index_select_rows,layout_copy,0.0303,2
10.75,memcpy HtoD,copies_memset,0.0111,2
10.75,memset,copies_memset,0.0945,44
10.75,mx_binary,norm_elementwise,0.074,4
10.75,mx_block_copy,layout_copy,7.4651,40
10.75,mxfp8_quantize,cast_quant,6.0925,22
10.75,nvjet_sm100_qqtst_128x256_128x6_2x1_2cta_v_bz_Avec32UE8M0_Bvec32UE8M0_TNT,gemm,29.5566,24
10.75,nvjet_sm100_qqtst_256x128_128x5_2x2f_2cta_h_bz_Avec32UE8M0_Bvec32UE8M0_TNT,gemm,7.73,20
10.75,nvjet_sm100_tst_128x256_64x6_2x1_2cta_v_bz_TNT,gemm,7.0022,2
10.75,softmax_last,attention,0.8512,2
10.75,vsa_combine,attention,7.4771,2
10.75,vsa_mma_attn_tma2,attention,161.9405,2
10.75,vsa_tile_mean,attention,5.0749,6
10.75,vsa_tile_qkv,attention,19.1825,6
10.75,vsa_topk2,attention,2.0768,2
11.0,bcast_binary,norm_elementwise,0.431,1
11.0,block_copy,layout_copy,0.0852,6
11.0,cast_bf16_f32_bias_act,cast_quant,0.0175,2
11.0,cast_f32_bf16,cast_quant,7.5834,10
11.0,cutlass3x_sm100_simt_sgemm_f32_f32_f32_f32_f32_128x64x16_1x1x1_3_nnn_align1_bias_f32_relu,gemm,0.5403,1
11.0,cutlass3x_sm100_simt_sgemm_f32_f32_f32_f32_f32_64x32x16_1x1x1_3_tnn_align1_bias_f32_relu,gemm,0.7787,1
11.0,fa_dc100_fwd_d128,attention,2.3956,2
11.0,fill_f,layout_copy,1.7344,2
11.0,fvf_h3_gate_res_norm_mod,norm_elementwise,1.9005,1
11.0,fvf_merge_heads_mx,layout_copy,5.4109,2
11.0,fvf_split_heads_rows,layout_copy,1.5805,2
11.0,h3_qk_norm_rope,norm_elementwise,11.0234,2
11.0,h3_res_gate_norm_mod,norm_elementwise,2.0752,1
11.0,h3_swiglu_mx,norm_elementwise,5.5541,10
11.0,index_select_rows,layout_copy,0.0306,2
11.0,memcpy HtoD,copies_memset,0.0112,2
11.0,memset,copies_memset,0.0509,23
11.0,mx_binary,norm_elementwise,0.0735,4
11.0,mx_block_copy,layout_copy,3.7191,20
11.0,mxfp8_quantize,cast_quant,3.03,11
11.0,nvjet_sm100_qqtst_128x256_128x6_2x1_2cta_v_bz_Avec32UE8M0_Bvec32UE8M0_TNT,gemm,16.5766,13
11.0,nvjet_sm100_qqtst_256x128_128x5_2x2f_2cta_h_bz_Avec32UE8M0_Bvec32UE8M0_TNT,gemm,3.8549,10
11.0,nvjet_sm100_tst_128x256_64x6_2x1_2cta_v_bz_TNT,gemm,3.4829,1
11.0,softmax_last,attention,0.4361,1
11.0,vsa_combine,attention,7.4791,2
11.0,vsa_mma_attn_tma2,attention,80.6935,1
11.0,vsa_tile_mean,attention,2.5913,3
11.0,vsa_tile_qkv,attention,9.6798,3
11.0,vsa_topk2,attention,1.0116,1
11.25,bcast_binary,norm_elementwise,0.8676,2
11.25,block_copy,layout_copy,0.0421,3
11.25,cast_bf16_f32_bias_act,cast_quant,0.0087,1
11.25,cast_f32_bf16,cast_quant,3.7968,5
11.25,cutlass3x_sm100_simt_sgemm_f32_f32_f32_f32_f32_128x64x16_1x1x1_3_nnn_align1_bias_f32_relu,gemm,1.086,2
11.25,cutlass3x_sm100_simt_sgemm_f32_f32_f32_f32_f32_64x32x16_1x1x1_3_tnn_align1_bias_f32_relu,gemm,1.5652,2
11.25,fa_dc100_fwd_d128,attention,1.1927,1
11.25,fill_f,layout_copy,3.447,4
11.25,fvf_h3_gate_res_norm_mod,norm_elementwise,3.8161,2
11.25,fvf_merge_heads_mx,layout_copy,2.7098,1
11.25,fvf_split_heads_rows,layout_copy,3.1739,4
11.25,h3_qk_norm_rope,norm_elementwise,21.4583,4
11.25,h3_res_gate_norm_mod,norm_elementwise,4.1443,2
11.25,h3_swiglu_mx,norm_elementwise,11.096,20
11.25,index_select_rows,layout_copy,0.0151,1
11.25,memcpy HtoD,copies_memset,0.0052,1
11.25,memset,copies_memset,0.0903,43
11.25,mx_binary,norm_elementwise,0.0368,2
11.25,mx_block_copy,layout_copy,7.4414,40
11.25,mxfp8_quantize,cast_quant,6.063,22
11.25,nvjet_sm100_qqtst_128x256_128x6_2x1_2cta_v_bz_Avec32UE8M0_Bvec32UE8M0_TNT,gemm,27.8725,23
11.25,nvjet_sm100_qqtst_256x128_128x5_2x2f_2cta_h_bz_Avec32UE8M0_Bvec32UE8M0_TNT,gemm,7.7299,20
11.25,nvjet_sm100_tst_128x256_64x6_2x1_2cta_v_bz_TNT,gemm,7.0657,2
11.25,softmax_last,attention,0.8772,2
11.25,vsa_combine,attention,3.7456,1
11.25,vsa_mma_attn_tma2,attention,161.5681,2
11.25,vsa_tile_mean,attention,5.2148,6
11.25,vsa_tile_qkv,attention,19.3872,6
11.25,vsa_topk2,attention,2.0418,2
11.5,bcast_binary,norm_elementwise,0.4192,1
11.5,block_copy,layout_copy,0.0852,6
11.5,cast_bf16_f32_bias_act,cast_quant,0.0172,2
11.5,cast_f32_bf16,cast_quant,7.5753,10
11.5,cutlass3x_sm100_simt_sgemm_f32_f32_f32_f32_f32_128x64x16_1x1x1_3_nnn_align1_bias_f32_relu,gemm,0.5193,1
11.5,cutlass3x_sm100_simt_sgemm_f32_f32_f32_f32_f32_64x32x16_1x1x1_3_tnn_align1_bias_f32_relu,gemm,0.749,1
11.5,fa_dc100_fwd_d128,attention,2.3645,2
11.5,fill_f,layout_copy,1.6525,2
11.5,fvf_h3_gate_res_norm_mod,norm_elementwise,1.8925,1
11.5,fvf_merge_heads_mx,layout_copy,5.3995,2
11.5,fvf_split_heads_rows,layout_copy,1.5506,2
11.5,h3_qk_norm_rope,norm_elementwise,10.1768,2
11.5,h3_res_gate_norm_mod,norm_elementwise,4.134,2
11.5,h3_swiglu_mx,norm_elementwise,10.9676,19
11.5,index_select_rows,layout_copy,0.0302,2
11.5,memcpy HtoD,copies_memset,0.0111,2
11.5,memset,copies_memset,0.0883,41
11.5,mx_binary,norm_elementwise,0.0738,4
11.5,mx_block_copy,layout_copy,5.5411,29
11.5,mxfp8_quantize,cast_quant,4.5353,20
11.5,nvjet_sm100_qqtst_128x256_128x6_2x1_2cta_v_bz_Avec32UE8M0_Bvec32UE8M0_TNT,gemm,23.7033,22
11.5,nvjet_sm100_qqtst_256x128_128x5_2x2f_2cta_h_bz_Avec32UE8M0_Bvec32UE8M0_TNT,gemm,7.1893,18
11.5,nvjet_sm100_tst_128x256_64x6_2x1_2cta_v_bz_TNT,gemm,3.5605,1
11.5,softmax_last,attention,0.4246,1
11.5,vsa_combine,attention,7.4659,2
11.5,vsa_mma_attn_tma2,attention,79.9824,1
11.5,vsa_tile_mean,attention,2.5291,3
11.5,vsa_tile_qkv,attention,9.2265,3
11.5,vsa_topk2,attention,0.9753,1
11.75,bcast_binary,norm_elementwise,0.8472,2
11.75,block_copy,layout_copy,0.0422,3
11.75,cast_bf16_f32_bias_act,cast_quant,0.0087,1
11.75,cast_f32_bf16,cast_quant,3.7965,5
11.75,cutlass3x_sm100_simt_sgemm_f32_f32_f32_f32_f32_128x64x16_1x1x1_3_nnn_align1_bias_f32_relu,gemm,1.0469,2
11.75,cutlass3x_sm100_simt_sgemm_f32_f32_f32_f32_f32_64x32x16_1x1x1_3_tnn_align1_bias_f32_relu,gemm,1.509,2
11.75,fa_dc100_fwd_d128,attention,1.1869,1
11.75,fill_f,layout_copy,3.4189,4
11.75,fvf_h3_gate_res_norm_mod,norm_elementwise,3.9253,2
11.75,fvf_merge_heads_mx,layout_copy,2.71,1
11.75,fvf_split_heads_rows,layout_copy,3.1209,4
11.75,h3_qk_norm_rope,norm_elementwise,21.7118,4
11.75,h3_res_gate_norm_mod,norm_elementwise,2.0836,1
11.75,h3_swiglu_mx,norm_elementwise,5.7527,11
11.75,index_select_rows,layout_copy,0.015,1
11.75,memcpy HtoD,copies_memset,0.0052,1
11.75,memset,copies_memset,0.0536,25
11.75,mx_binary,norm_elementwise,0.0365,2
11.75,mx_block_copy,layout_copy,5.7039,31
11.75,mxfp8_quantize,cast_quant,4.673,13
11.75,nvjet_sm100_qqtst_128x256_128x6_2x1_2cta_v_bz_Avec32UE8M0_Bvec32UE8M0_TNT,gemm,20.7427,14
11.75,nvjet_sm100_qqtst_256x128_128x5_2x2f_2cta_h_bz_Avec32UE8M0_Bvec32UE8M0_TNT,gemm,4.4055,12
11.75,nvjet_sm100_tst_128x256_64x6_2x1_2cta_v_bz_TNT,gemm,6.9858,2
11.75,softmax_last,attention,0.8563,2
11.75,vsa_combine,attention,3.7441,1
11.75,vsa_mma_attn_tma2,attention,161.5814,2
11.75,vsa_tile_mean,attention,5.1015,6
11.75,vsa_tile_qkv,attention,19.2508,6
11.75,vsa_topk2,attention,1.9974,2
12.0,bcast_binary,norm_elementwise,0.4268,1
12.0,block_copy,layout_copy,0.0848,6
12.0,cast_bf16_f32_bias_act,cast_quant,0.0176,2
12.0,cast_f32_bf16,cast_quant,7.5749,10
12.0,cutlass3x_sm100_simt_sgemm_f32_f32_f32_f32_f32_128x64x16_1x1x1_3_nnn_align1_bias_f32_relu,gemm,0.529,1
12.0,cutlass3x_sm100_simt_sgemm_f32_f32_f32_f32_f32_64x32x16_1x1x1_3_tnn_align1_bias_f32_relu,gemm,0.7611,1
12.0,fa_dc100_fwd_d128,attention,2.3802,2
12.0,fill_f,layout_copy,1.7159,2
12.0,fvf_h3_gate_res_norm_mod,norm_elementwise,3.7991,2
12.0,fvf_merge_heads_mx,layout_copy,5.3997,2
12.0,fvf_split_heads_rows,layout_copy,1.5672,2
12.0,h3_qk_norm_rope,norm_elementwise,16.1916,3
12.0,h3_res_gate_norm_mod,norm_elementwise,4.13,2
12.0,h3_swiglu_mx,norm_elementwise,11.1196,20
12.0,index_select_rows,layout_copy,0.03,2
12.0,memcpy HtoD,copies_memset,0.0112,2
12.0,memset,copies_memset,0.0945,44
12.0,mx_binary,norm_elementwise,0.0737,4
12.0,mx_block_copy,layout_copy,7.4218,40
12.0,mxfp8_quantize,cast_quant,6.0714,22
12.0,nvjet_sm100_qqtst_128x256_128x6_2x1_2cta_v_bz_Avec32UE8M0_Bvec32UE8M0_TNT,gemm,29.7492,24
12.0,nvjet_sm100_qqtst_256x128_128x5_2x2f_2cta_h_bz_Avec32UE8M0_Bvec32UE8M0_TNT,gemm,7.7207,20
12.0,nvjet_sm100_tst_128x256_64x6_2x1_2cta_v_bz_TNT,gemm,7.0896,2
12.0,softmax_last,attention,0.4312,1
12.0,vsa_combine,attention,7.4636,2
12.0,vsa_mma_attn_tma2,attention,80.1824,1
12.0,vsa_tile_mean,attention,2.5671,3
12.0,vsa_tile_qkv,attention,9.569,3
12.0,vsa_topk2,attention,0.9995,1
12.25,bcast_binary,norm_elementwise,0.8572,2
12.25,block_copy,layout_copy,0.0427,3
12.25,cast_bf16_f32_bias_act,cast_quant,0.0087,1
12.25,cast_f32_bf16,cast_quant,3.794,5
12.25,cutlass3x_sm100_simt_sgemm_f32_f32_f32_f32_f32_128x64x16_1x1x1_3_nnn_align1_bias_f32_relu,gemm,1.0648,2
12.25,cutlass3x_sm100_simt_sgemm_f32_f32_f32_f32_f32_64x32x16_1x1x1_3_tnn_align1_bias_f32_relu,gemm,1.5359,2
12.25,fa_dc100_fwd_d128,attention,1.173,1
12.25,fill_f,layout_copy,3.4087,4
12.25,fvf_h3_gate_res_norm_mod,norm_elementwise,1.9142,1
12.25,fvf_merge_heads_mx,layout_copy,2.7092,1
12.25,fvf_split_heads_rows,layout_copy,3.1447,4
12.25,h3_qk_norm_rope,norm_elementwise,16.0199,3
12.25,h3_res_gate_norm_mod,norm_elementwise,2.0625,1
12.25,h3_swiglu_mx,norm_elementwise,5.582,10
12.25,index_select_rows,layout_copy,0.015,1
12.25,memcpy HtoD,copies_memset,0.0052,1
12.25,memset,copies_memset,0.0475,22
12.25,mx_binary,norm_elementwise,0.0367,2
12.25,mx_block_copy,layout_copy,3.7317,20
12.25,mxfp8_quantize,cast_quant,3.0397,11
12.25,nvjet_sm100_qqtst_128x256_128x6_2x1_2cta_v_bz_Avec32UE8M0_Bvec32UE8M0_TNT,gemm,14.8066,12
12.25,nvjet_sm100_qqtst_256x128_128x5_2x2f_2cta_h_bz_Avec32UE8M0_Bvec32UE8M0_TNT,gemm,3.8679,10
12.25,nvjet_sm100_tst_128x256_64x6_2x1_2cta_v_bz_TNT,gemm,3.5312,1
12.25,softmax_last,attention,0.8658,2
12.25,vsa_combine,attention,3.7451,1
12.25,vsa_mma_attn_tma2,attention,162.0703,2
12.25,vsa_tile_mean,attention,5.1543,6
12.25,vsa_tile_qkv,attention,18.9583,6
12.25,vsa_topk2,attention,2.0079,2
12.5,bcast_binary,norm_elementwise,0.8599,2
12.5,block_copy,layout_copy,0.0859,6
12.5,cast_bf16_f32_bias_act,cast_quant,0.0173,2
12.5,cast_f32_bf16,cast_quant,7.5831,10
12.5,cutlass3x_sm100_simt_sgemm_f32_f32_f32_f32_f32_128x64x16_1x1x1_3_nnn_align1_bias_f32_relu,gemm,1.0776,2
12.5,cutlass3x_sm100_simt_sgemm_f32_f32_f32_f32_f32_64x32x16_1x1x1_3_tnn_align1_bias_f32_relu,gemm,1.525,2
12.5,fa_dc100_fwd_d128,attention,2.3554,2
12.5,fill_f,layout_copy,2.4941,3
12.5,fvf_h3_gate_res_norm_mod,norm_elementwise,3.955,2
12.5,fvf_merge_heads_mx,layout_copy,5.4097,2
12.5,fvf_split_heads_rows,layout_copy,3.1156,4
12.5,h3_qk_norm_rope,norm_elementwise,21.6122,4
12.5,h3_res_gate_norm_mod,norm_elementwise,4.1246,2
12.5,h3_swiglu_mx,norm_elementwise,11.1779,20
12.5,index_select_rows,layout_copy,0.0303,2
12.5,memcpy HtoD,copies_memset,0.0104,2
12.5,memset,copies_memset,0.0953,44
12.5,mx_binary,norm_elementwise,0.0735,4
12.5,mx_block_copy,layout_copy,7.4956,40
12.5,mxfp8_quantize,cast_quant,6.2181,22
12.5,nvjet_sm100_qqtst_128x256_128x6_2x1_2cta_v_bz_Avec32UE8M0_Bvec32UE8M0_TNT,gemm,29.7371,24
12.5,nvjet_sm100_qqtst_256x128_128x5_2x2f_2cta_h_bz_Avec32UE8M0_Bvec32UE8M0_TNT,gemm,7.7573,20
12.5,nvjet_sm100_tst_128x256_64x6_2x1_2cta_v_bz_TNT,gemm,7.077,2
12.5,softmax_last,attention,0.8693,2
12.5,vsa_combine,attention,7.4951,2
12.5,vsa_mma_attn_tma2,attention,80.4436,1
12.5,vsa_tile_mean,attention,5.1141,6
12.5,vsa_tile_qkv,attention,15.8221,5
12.5,vsa_topk2,attention,2.021,2
12.75,bcast_binary,norm_elementwise,0.4296,1
12.75,block_copy,layout_copy,0.0427,3
12.75,cast_bf16_f32_bias_act,cast_quant,0.0087,1
12.75,cast_f32_bf16,cast_quant,3.7958,5
12.75,cutlass3x_sm100_simt_sgemm_f32_f32_f32_f32_f32_128x64x16_1x1x1_3_nnn_align1_bias_f32_relu,gemm,0.5384,1
12.75,cutlass3x_sm100_simt_sgemm_f32_f32_f32_f32_f32_64x32x16_1x1x1_3_tnn_align1_bias_f32_relu,gemm,0.7764,1
12.75,fa_dc100_fwd_d128,attention,1.1772,1
12.75,fill_f,layout_copy,2.6105,3
12.75,fvf_h3_gate_res_norm_mod,norm_elementwise,1.9122,1
12.75,fvf_merge_heads_mx,layout_copy,2.7101,1
12.75,fvf_split_heads_rows,layout_copy,1.5757,2
12.75,h3_qk_norm_rope,norm_elementwise,10.4547,2
12.75,h3_res_gate_norm_mod,norm_elementwise,2.0696,1
12.75,h3_swiglu_mx,norm_elementwise,5.5724,10
12.75,index_select_rows,layout_copy,0.0152,1
12.75,memcpy HtoD,copies_memset,0.0052,1
12.75,memset,copies_memset,0.0475,22
12.75,mx_binary,norm_elementwise,0.0369,2
12.75,mx_block_copy,layout_copy,3.7283,20
12.75,mxfp8_quantize,cast_quant,3.0346,11
12.75,nvjet_sm100_qqtst_128x256_128x6_2x1_2cta_v_bz_Avec32UE8M0_Bvec32UE8M0_TNT,gemm,14.9132,12
12.75,nvjet_sm100_qqtst_256x128_128x5_2x2f_2cta_h_bz_Avec32UE8M0_Bvec32UE8M0_TNT,gemm,3.8804,10
12.75,nvjet_sm100_tst_128x256_64x6_2x1_2cta_v_bz_TNT,gemm,3.5915,1
12.75,softmax_last,attention,0.4339,1
12.75,vsa_combine,attention,7.4787,2
12.75,vsa_mma_attn_tma2,attention,160.9506,2
12.75,vsa_tile_mean,attention,2.5836,3
12.75,vsa_tile_qkv,attention,12.543,4
12.75,vsa_topk2,attention,1.0097,1
13.0,bcast_binary,norm_elementwise,0.8575,2
13.0,block_copy,layout_copy,0.0848,6
13.0,cast_bf16_f32_bias_act,cast_quant,0.0176,2
13.0,cast_f32_bf16,cast_quant,7.5758,10
13.0,cutlass3x_sm100_simt_sgemm_f32_f32_f32_f32_f32_128x64x16_1x1x1_3_nnn_align1_bias_f32_relu,gemm,1.0675,2
13.0,cutlass3x_sm100_simt_sgemm_f32_f32_f32_f32_f32_64x32x16_1x1x1_3_tnn_align1_bias_f32_relu,gemm,1.5368,2
13.0,fa_dc100_fwd_d128,attention,2.336,2
13.0,fill_f,layout_copy,3.4082,4
13.0,fvf_h3_gate_res_norm_mod,norm_elementwise,3.9156,2
13.0,fvf_merge_heads_mx,layout_copy,5.3985,2
13.0,fvf_split_heads_rows,layout_copy,3.148,4
13.0,h3_qk_norm_rope,norm_elementwise,21.3618,4
13.0,h3_res_gate_norm_mod,norm_elementwise,4.1318,2
13.0,h3_swiglu_mx,norm_elementwise,11.1439,20
13.0,index_select_rows,layout_copy,0.0301,2
13.0,memcpy HtoD,copies_memset,0.0111,2
13.0,memset,copies_memset,0.0955,44
13.0,mx_binary,norm_elementwise,0.0733,4
13.0,mx_block_copy,layout_copy,7.4465,40
13.0,mxfp8_quantize,cast_quant,6.182,22
13.0,nvjet_sm100_qqtst_128x256_128x6_2x1_2cta_v_bz_Avec32UE8M0_Bvec32UE8M0_TNT,gemm,29.8764,24
13.0,nvjet_sm100_qqtst_256x128_128x5_2x2f_2cta_h_bz_Avec32UE8M0_Bvec32UE8M0_TNT,gemm,7.7754,20
13.0,nvjet_sm100_tst_128x256_64x6_2x1_2cta_v_bz_TNT,gemm,7.2111,2
13.0,softmax_last,attention,0.8668,2
13.0,vsa_combine,attention,3.7312,1
13.0,vsa_mma_attn_tma2,attention,160.6912,2
13.0,vsa_tile_mean,attention,5.1583,6
13.0,vsa_tile_qkv,attention,19.0821,6
13.0,vsa_topk2,attention,2.0124,2
13.25,bcast_binary,norm_elementwise,0.4167,1
13.25,block_copy,layout_copy,0.0852,6
13.25,cast_bf16_f32_bias_act,cast_quant,0.0176,2
13.25,cast_f32_bf16,cast_quant,7.5918,10
13.25,cutlass3x_sm100_simt_sgemm_f32_f32_f32_f32_f32_128x64x16_1x1x1_3_nnn_align1_bias_f32_relu,gemm,0.5137,1
13.25,cutlass3x_sm100_simt_sgemm_f32_f32_f32_f32_f32_64x32x16_1x1x1_3_tnn_align1_bias_f32_relu,gemm,0.7391,1
13.25,fa_dc100_fwd_d128,attention,2.3285,2
13.25,fill_f,layout_copy,1.6718,2
13.25,fvf_h3_gate_res_norm_mod,norm_elementwise,2.006,1
13.25,fvf_merge_heads_mx,layout_copy,5.4198,2
13.25,fvf_split_heads_rows,layout_copy,1.5464,2
13.25,h3_qk_norm_rope,norm_elementwise,10.6267,2
13.25,h3_res_gate_norm_mod,norm_elementwise,4.152,2
13.25,h3_swiglu_mx,norm_elementwise,7.4277,13
13.25,index_select_rows,layout_copy,0.0304,2
13.25,memcpy HtoD,copies_memset,0.0111,2
13.25,memset,copies_memset,0.0658,30
13.25,mx_binary,norm_elementwise,0.0732,4
13.25,mx_block_copy,layout_copy,4.6113,24
13.25,mxfp8_quantize,cast_quant,3.7988,15
13.25,nvjet_sm100_qqtst_128x256_128x6_2x1_2cta_v_bz_Avec32UE8M0_Bvec32UE8M0_TNT,gemm,19.1308,16
13.25,nvjet_sm100_qqtst_256x128_128x5_2x2f_2cta_h_bz_Avec32UE8M0_Bvec32UE8M0_TNT,gemm,5.1679,13
13.25,nvjet_sm100_tst_128x256_64x6_2x1_2cta_v_bz_TNT,gemm,3.5935,1
13.25,softmax_last,attention,0.4218,1
13.25,vsa_combine,attention,7.4884,2
13.25,vsa_mma_attn_tma2,attention,81.0839,1
13.25,vsa_tile_mean,attention,2.5155,3
13.25,vsa_tile_qkv,attention,9.4257,3
13.25,vsa_topk2,attention,0.9708,1
13.5,bcast_binary,norm_elementwise,0.8506,2
13.5,block_copy,layout_copy,0.0424,3
13.5,cast_bf16_f32_bias_act,cast_quant,0.0087,1
13.5,cast_f32_bf16,cast_quant,3.7873,5
13.5,cutlass3x_sm100_simt_sgemm_f32_f32_f32_f32_f32_128x64x16_1x1x1_3_nnn_align1_bias_f32_relu,gemm,1.0566,2
13.5,cutlass3x_sm100_simt_sgemm_f32_f32_f32_f32_f32_64x32x16_1x1x1_3_tnn_align1_bias_f32_relu,gemm,1.5219,2
13.5,fa_dc100_fwd_d128,attention,1.1674,1
13.5,fill_f,layout_copy,3.3497,4
13.5,fvf_h3_gate_res_norm_mod,norm_elementwise,3.8382,2
13.5,fvf_merge_heads_mx,layout_copy,2.6998,1
13.5,fvf_split_heads_rows,layout_copy,3.1307,4
13.5,h3_qk_norm_rope,norm_elementwise,21.2925,4
13.5,h3_res_gate_norm_mod,norm_elementwise,2.0654,1
13.5,h3_swiglu_mx,norm_elementwise,9.3925,17
13.5,index_select_rows,layout_copy,0.0152,1
13.5,memcpy HtoD,copies_memset,0.0054,1
13.5,memset,copies_memset,0.0776,36
13.5,mx_binary,norm_elementwise,0.0367,2
13.5,mx_block_copy,layout_copy,6.6614,36
13.5,mxfp8_quantize,cast_quant,5.4166,18
13.5,nvjet_sm100_qqtst_128x256_128x6_2x1_2cta_v_bz_Avec32UE8M0_Bvec32UE8M0_TNT,gemm,25.6099,20
13.5,nvjet_sm100_qqtst_256x128_128x5_2x2f_2cta_h_bz_Avec32UE8M0_Bvec32UE8M0_TNT,gemm,6.5102,17
13.5,nvjet_sm100_tst_128x256_64x6_2x1_2cta_v_bz_TNT,gemm,7.2682,2
13.5,softmax_last,attention,0.8593,2
13.5,vsa_combine,attention,3.7327,1
13.5,vsa_mma_attn_tma2,attention,160.5305,2
13.5,vsa_tile_mean,attention,5.1209,6
13.5,vsa_tile_qkv,attention,18.74,6
13.5,vsa_topk2,attention,1.9964,2
13.75,bcast_binary,norm_elementwise,0.4297,1
13.75,block_copy,layout_copy,0.0846,6
13.75,cast_bf16_f32_bias_act,cast_quant,0.0173,2
13.75,cast_f32_bf16,cast_quant,7.5733,10
13.75,cutlass3x_sm100_simt_sgemm_f32_f32_f32_f32_f32_128x64x16_1x1x1_3_nnn_align1_bias_f32_relu,gemm,0.5374,1
13.75,cutlass3x_sm100_simt_sgemm_f32_f32_f32_f32_f32_64x32x16_1x1x1_3_tnn_align1_bias_f32_relu,gemm,0.7748,1
13.75,fa_dc100_fwd_d128,attention,2.3291,2
13.75,fill_f,layout_copy,1.6868,2
13.75,fvf_h3_gate_res_norm_mod,norm_elementwise,3.8771,2
13.75,fvf_merge_heads_mx,layout_copy,5.4,2
13.75,fvf_split_heads_rows,layout_copy,1.5759,2
13.75,h3_qk_norm_rope,norm_elementwise,11.0786,2
13.75,h3_res_gate_norm_mod,norm_elementwise,4.1331,2
13.75,h3_swiglu_mx,norm_elementwise,11.1528,20
13.75,index_select_rows,layout_copy,0.0305,2
13.75,memcpy HtoD,copies_memset,0.0104,2
13.75,memset,copies_memset,0.0952,44
13.75,mx_binary,norm_elementwise,0.0732,4
13.75,mx_block_copy,layout_copy,7.43,40
13.75,mxfp8_quantize,cast_quant,6.1495,22
13.75,nvjet_sm100_qqtst_128x256_128x6_2x1_2cta_v_bz_Avec32UE8M0_Bvec32UE8M0_TNT,gemm,29.8601,24
13.75,nvjet_sm100_qqtst_256x128_128x5_2x2f_2cta_h_bz_Avec32UE8M0_Bvec32UE8M0_TNT,gemm,7.7612,20
13.75,nvjet_sm100_tst_128x256_64x6_2x1_2cta_v_bz_TNT,gemm,3.6281,1
13.75,softmax_last,attention,0.4344,1
13.75,vsa_combine,attention,7.4652,2
13.75,vsa_mma_attn_tma2,attention,80.3701,1
13.75,vsa_tile_mean,attention,2.5836,3
13.75,vsa_tile_qkv,attention,9.465,3
13.75,vsa_topk2,attention,1.0106,1
14.0,bcast_binary,norm_elementwise,0.8525,2
14.0,block_copy,layout_copy,0.0424,3
14.0,cast_bf16_f32_bias_act,cast_quant,0.009,1
14.0,cast_f32_bf16,cast_quant,3.7868,5
14.0,cutlass3x_sm100_simt_sgemm_f32_f32_f32_f32_f32_128x64x16_1x1x1_3_nnn_align1_bias_f32_relu,gemm,1.0549,2
14.0,cutlass3x_sm100_simt_sgemm_f32_f32_f32_f32_f32_64x32x16_1x1x1_3_tnn_align1_bias_f32_relu,gemm,1.5173,2
14.0,fa_dc100_fwd_d128,attention,1.1648,1
14.0,fill_f,layout_copy,3.4138,4
14.0,fvf_h3_gate_res_norm_mod,norm_elementwise,1.8944,1
14.0,fvf_merge_heads_mx,layout_copy,2.7009,1
14.0,fvf_split_heads_rows,layout_copy,3.1318,4
14.0,h3_qk_norm_rope,norm_elementwise,21.7449,4
14.0,h3_res_gate_norm_mod,norm_elementwise,2.066,1
14.0,h3_swiglu_mx,norm_elementwise,5.5586,10
14.0,index_select_rows,layout_copy,0.0149,1
14.0,memcpy HtoD,copies_memset,0.0052,1
14.0,memset,copies_memset,0.0481,22
14.0,mx_binary,norm_elementwise,0.0368,2
14.0,mx_block_copy,layout_copy,3.7117,20
14.0,mxfp8_quantize,cast_quant,3.0242,11
14.0,nvjet_sm100_qqtst_128x256_128x6_2x1_2cta_v_bz_Avec32UE8M0_Bvec32UE8M0_TNT,gemm,14.9816,12
14.0,nvjet_sm100_qqtst_256x128_128x5_2x2f_2cta_h_bz_Avec32UE8M0_Bvec32UE8M0_TNT,gemm,3.856,10
14.0,nvjet_sm100_tst_128x256_64x6_2x1_2cta_v_bz_TNT,gemm,7.3178,2
14.0,softmax_last,attention,0.86,2
14.0,vsa_combine,attention,3.7329,1
14.0,vsa_mma_attn_tma2,attention,160.2894,2
14.0,vsa_tile_mean,attention,5.1271,6
14.0,vsa_tile_qkv,attention,19.1014,6
14.0,vsa_topk2,attention,1.9974,2
14.25,bcast_binary,norm_elementwise,0.4238,1
14.25,block_copy,layout_copy,0.0847,6
14.25,cast_bf16_f32_bias_act,cast_quant,0.0175,2
14.25,cast_f32_bf16,cast_quant,7.5851,10
14.25,cutlass3x_sm100_simt_sgemm_f32_f32_f32_f32_f32_128x64x16_1x1x1_3_nnn_align1_bias_f32_relu,gemm,0.5236,1
14.25,cutlass3x_sm100_simt_sgemm_f32_f32_f32_f32_f32_64x32x16_1x1x1_3_tnn_align1_bias_f32_relu,gemm,0.7532,1
14.25,fa_dc100_fwd_d128,attention,2.3436,2
14.25,fill_f,layout_copy,1.7038,2
14.25,fvf_h3_gate_res_norm_mod,norm_elementwise,3.852,2
14.25,fvf_merge_heads_mx,layout_copy,5.4095,2
14.25,fvf_split_heads_rows,layout_copy,3.138,4
14.25,h3_qk_norm_rope,norm_elementwise,21.1609,4
14.25,h3_res_gate_norm_mod,norm_elementwise,4.1455,2
14.25,h3_swiglu_mx,norm_elementwise,11.1149,20
14.25,index_select_rows,layout_copy,0.0302,2
14.25,memcpy HtoD,copies_memset,0.0112,2
14.25,memset,copies_memset,0.0957,44
14.25,mx_binary,norm_elementwise,0.0733,4
14.25,mx_block_copy,layout_copy,7.4297,40
14.25,mxfp8_quantize,cast_quant,6.1182,22
14.25,nvjet_sm100_qqtst_128x256_128x6_2x1_2cta_v_bz_Avec32UE8M0_Bvec32UE8M0_TNT,gemm,29.8902,24
14.25,nvjet_sm100_qqtst_256x128_128x5_2x2f_2cta_h_bz_Avec32UE8M0_Bvec32UE8M0_TNT,gemm,7.7082,20
14.25,nvjet_sm100_tst_128x256_64x6_2x1_2cta_v_bz_TNT,gemm,7.3196,2
14.25,softmax_last,attention,0.4283,1
14.25,vsa_combine,attention,7.4889,2
14.25,vsa_mma_attn_tma2,attention,80.075,1
14.25,vsa_tile_mean,attention,4.2771,5
14.25,vsa_tile_qkv,attention,9.5133,3
14.25,vsa_topk2,attention,0.9933,1
14.5,bcast_binary,norm_elementwise,0.8666,2
14.5,block_copy,layout_copy,0.0423,3
14.5,cast_bf16_f32_bias_act,cast_quant,0.0087,1
14.5,cast_f32_bf16,cast_quant,3.7873,5
14.5,cutlass3x_sm100_simt_sgemm_f32_f32_f32_f32_f32_128x64x16_1x1x1_3_nnn_align1_bias_f32_relu,gemm,1.0852,2
14.5,cutlass3x_sm100_simt_sgemm_f32_f32_f32_f32_f32_64x32x16_1x1x1_3_tnn_align1_bias_f32_relu,gemm,1.5651,2
14.5,fa_dc100_fwd_d128,attention,1.1666,1
14.5,fill_f,layout_copy,3.3885,4
14.5,fvf_h3_gate_res_norm_mod,norm_elementwise,1.9367,1
14.5,fvf_merge_heads_mx,layout_copy,2.6997,1
14.5,fvf_split_heads_rows,layout_copy,1.5948,2
14.5,h3_qk_norm_rope,norm_elementwise,10.3152,2
14.5,h3_res_gate_norm_mod,norm_elementwise,2.0762,1
14.5,h3_swiglu_mx,norm_elementwise,5.5777,10
14.5,index_select_rows,layout_copy,0.0152,1
14.5,memcpy HtoD,copies_memset,0.0052,1
14.5,memset,copies_memset,0.0473,22
14.5,mx_binary,norm_elementwise,0.0371,2
14.5,mx_block_copy,layout_copy,3.7428,20
14.5,mxfp8_quantize,cast_quant,3.0575,11
14.5,nvjet_sm100_qqtst_128x256_128x6_2x1_2cta_v_bz_Avec32UE8M0_Bvec32UE8M0_TNT,gemm,14.9922,12
14.5,nvjet_sm100_qqtst_256x128_128x5_2x2f_2cta_h_bz_Avec32UE8M0_Bvec32UE8M0_TNT,gemm,3.8713,10
14.5,nvjet_sm100_tst_128x256_64x6_2x1_2cta_v_bz_TNT,gemm,3.6259,1
14.5,softmax_last,attention,0.8774,2
14.5,vsa_combine,attention,3.7308,1
14.5,vsa_mma_attn_tma2,attention,161.5811,2
14.5,vsa_tile_mean,attention,3.4864,4
14.5,vsa_tile_qkv,attention,18.9736,6
14.5,vsa_topk2,attention,2.0464,2
14.75,bcast_binary,norm_elementwise,0.8565,2
14.75,block_copy,layout_copy,0.0847,6
14.75,cast_bf16_f32_bias_act,cast_quant,0.0174,2
14.75,cast_f32_bf16,cast_quant,7.5818,10
14.75,cutlass3x_sm100_simt_sgemm_f32_f32_f32_f32_f32_128x64x16_1x1x1_3_nnn_align1_bias_f32_relu,gemm,1.0671,2
14.75,cutlass3x_sm100_simt_sgemm_f32_f32_f32_f32_f32_64x32x16_1x1x1_3_tnn_align1_bias_f32_relu,gemm,1.5371,2
14.75,fa_dc100_fwd_d128,attention,2.3316,2
14.75,fill_f,layout_copy,3.4016,4
14.75,fvf_h3_gate_res_norm_mod,norm_elementwise,3.8994,2
14.75,fvf_merge_heads_mx,layout_copy,5.4097,2
14.75,fvf_split_heads_rows,layout_copy,3.1429,4
14.75,h3_qk_norm_rope,norm_elementwise,21.4248,4
14.75,h3_res_gate_norm_mod,norm_elementwise,4.152,2
14.75,h3_swiglu_mx,norm_elementwise,11.1879,20
14.75,index_select_rows,layout_copy,0.0306,2
14.75,memcpy HtoD,copies_memset,0.0104,2
14.75,memset,copies_memset,0.0947,44
14.75,mx_binary,norm_elementwise,0.0733,4
14.75,mx_block_copy,layout_copy,7.495,40
14.75,mxfp8_quantize,cast_quant,6.141,22
14.75,nvjet_sm100_qqtst_128x256_128x6_2x1_2cta_v_bz_Avec32UE8M0_Bvec32UE8M0_TNT,gemm,29.8554,24
14.75,nvjet_sm100_qqtst_256x128_128x5_2x2f_2cta_h_bz_Avec32UE8M0_Bvec32UE8M0_TNT,gemm,7.7597,20
14.75,nvjet_sm100_tst_128x256_64x6_2x1_2cta_v_bz_TNT,gemm,7.2951,2
14.75,softmax_last,attention,0.8637,2
14.75,vsa_combine,attention,7.4753,2
14.75,vsa_mma_attn_tma2,attention,160.6013,2
14.75,vsa_tile_mean,attention,5.1493,6
14.75,vsa_tile_qkv,attention,18.9245,6
14.75,vsa_topk2,attention,2.0121,2
15.0,bcast_binary,norm_elementwise,0.4292,1
15.0,block_copy,layout_copy,0.0844,6
15.0,cast_bf16_f32_bias_act,cast_quant,0.0178,2
15.0,cast_f32_bf16,cast_quant,7.5771,10
15.0,cutlass3x_sm100_simt_sgemm_f32_f32_f32_f32_f32_128x64x16_1x1x1_3_nnn_align1_bias_f32_relu,gemm,0.5374,1
15.0,cutlass3x_sm100_simt_sgemm_f32_f32_f32_f32_f32_64x32x16_1x1x1_3_tnn_align1_bias_f32_relu,gemm,0.7747,1
15.0,fa_dc100_fwd_d128,attention,2.3328,2
15.0,fill_f,layout_copy,1.7293,2
15.0,fvf_h3_gate_res_norm_mod,norm_elementwise,1.952,1
15.0,fvf_merge_heads_mx,layout_copy,5.3993,2
15.0,fvf_split_heads_rows,layout_copy,1.576,2
15.0,h3_qk_norm_rope,norm_elementwise,11.0694,2
15.0,h3_res_gate_norm_mod,norm_elementwise,2.0739,1
15.0,h3_swiglu_mx,norm_elementwise,5.5636,10
15.0,index_select_rows,layout_copy,0.0299,2
15.0,memcpy HtoD,copies_memset,0.0104,2
15.0,memset,copies_memset,0.0513,23
15.0,mx_binary,norm_elementwise,0.0734,4
15.0,mx_block_copy,layout_copy,3.7084,20
15.0,mxfp8_quantize,cast_quant,3.1043,11
15.0,nvjet_sm100_qqtst_128x256_128x6_2x1_2cta_v_bz_Avec32UE8M0_Bvec32UE8M0_TNT,gemm,16.7582,13
15.0,nvjet_sm100_qqtst_256x128_128x5_2x2f_2cta_h_bz_Avec32UE8M0_Bvec32UE8M0_TNT,gemm,3.8614,10
15.0,nvjet_sm100_tst_128x256_64x6_2x1_2cta_v_bz_TNT,gemm,3.6333,1
15.0,softmax_last,attention,0.4334,1
15.0,vsa_combine,attention,7.4735,2
15.0,vsa_mma_attn_tma2,attention,80.3447,1
15.0,vsa_tile_mean,attention,2.5843,3
15.0,vsa_tile_qkv,attention,9.6432,3
15.0,vsa_topk2,attention,1.0104,1
15.25,bcast_binary,norm_elementwise,0.8485,2
15.25,block_copy,layout_copy,0.0426,3
15.25,cast_bf16_f32_bias_act,cast_quant,0.0088,1
15.25,cast_f32_bf16,cast_quant,3.7882,5
15.25,cutlass3x_sm100_simt_sgemm_f32_f32_f32_f32_f32_128x64x16_1x1x1_3_nnn_align1_bias_f32_relu,gemm,1.1041,2
15.25,cutlass3x_sm100_simt_sgemm_f32_f32_f32_f32_f32_64x32x16_1x1x1_3_tnn_align1_bias_f32_relu,gemm,1.5207,2
15.25,fa_dc100_fwd_d128,attention,1.1661,1
15.25,fill_f,layout_copy,3.3658,4
15.25,fvf_h3_gate_res_norm_mod,norm_elementwise,3.7859,2
15.25,fvf_merge_heads_mx,layout_copy,2.6995,1
15.25,fvf_split_heads_rows,layout_copy,3.1272,4
15.25,h3_qk_norm_rope,norm_elementwise,20.8411,4
15.25,h3_res_gate_norm_mod,norm_elementwise,4.1294,2
15.25,h3_swiglu_mx,norm_elementwise,11.132,20
15.25,index_select_rows,layout_copy,0.0153,1
15.25,memcpy HtoD,copies_memset,0.0059,1
15.25,memset,copies_memset,0.0914,43
15.25,mx_binary,norm_elementwise,0.0369,2
15.25,mx_block_copy,layout_copy,7.413,40
15.25,mxfp8_quantize,cast_quant,6.0351,22
15.25,nvjet_sm100_qqtst_128x256_128x6_2x1_2cta_v_bz_Avec32UE8M0_Bvec32UE8M0_TNT,gemm,28.0985,23
15.25,nvjet_sm100_qqtst_256x128_128x5_2x2f_2cta_h_bz_Avec32UE8M0_Bvec32UE8M0_TNT,gemm,7.6968,20
15.25,nvjet_sm100_tst_128x256_64x6_2x1_2cta_v_bz_TNT,gemm,7.372,2
15.25,softmax_last,attention,0.8595,2
15.25,vsa_combine,attention,3.732,1
15.25,vsa_mma_attn_tma2,attention,160.4188,2
15.25,vsa_tile_mean,attention,5.1135,6
15.25,vsa_tile_qkv,attention,18.9678,6
15.25,vsa_topk2,attention,1.9894,2
15.5,bcast_binary,norm_elementwise,0.4415,1
15.5,block_copy,layout_copy,0.0853,6
15.5,cast_bf16_f32_bias_act,cast_quant,0.0174,2
15.5,cast_f32_bf16,cast_quant,7.5828,10
15.5,cutlass3x_sm100_simt_sgemm_f32_f32_f32_f32_f32_128x64x16_1x1x1_3_nnn_align1_bias_f32_relu,gemm,0.5544,1
15.5,cutlass3x_sm100_simt_sgemm_f32_f32_f32_f32_f32_64x32x16_1x1x1_3_tnn_align1_bias_f32_relu,gemm,0.7981,1
15.5,fa_dc100_fwd_d128,attention,2.3282,2
15.5,fill_f,layout_copy,1.7165,2
15.5,fvf_h3_gate_res_norm_mod,norm_elementwise,2.0271,1
15.5,fvf_merge_heads_mx,layout_copy,5.4093,2
15.5,fvf_split_heads_rows,layout_copy,1.5838,2
15.5,h3_qk_norm_rope,norm_elementwise,10.7628,2
15.5,h3_res_gate_norm_mod,norm_elementwise,4.1354,2
15.5,h3_swiglu_mx,norm_elementwise,10.4504,18
15.5,index_select_rows,layout_copy,0.03,2
15.5,memcpy HtoD,copies_memset,0.0118,2
15.5,memset,copies_memset,0.084,39
15.5,mx_binary,norm_elementwise,0.0737,4
15.5,mx_block_copy,layout_copy,5.4347,28
15.5,mxfp8_quantize,cast_quant,4.4856,19
15.5,nvjet_sm100_qqtst_128x256_128x6_2x1_2cta_v_bz_Avec32UE8M0_Bvec32UE8M0_TNT,gemm,22.9275,21
15.5,nvjet_sm100_qqtst_256x128_128x5_2x2f_2cta_h_bz_Avec32UE8M0_Bvec32UE8M0_TNT,gemm,6.7757,17
15.5,nvjet_sm100_tst_128x256_64x6_2x1_2cta_v_bz_TNT,gemm,3.6099,1
15.5,softmax_last,attention,0.4468,1
15.5,vsa_combine,attention,7.4761,2
15.5,vsa_mma_attn_tma2,attention,81.3657,1
15.5,vsa_tile_mean,attention,2.6459,3
15.5,vsa_tile_qkv,attention,9.5368,3
15.5,vsa_topk2,attention,1.0485,1
15.75,bcast_binary,norm_elementwise,0.8577,2
15.75,block_copy,layout_copy,0.0425,3
15.75,cast_bf16_f32_bias_act,cast_quant,0.0088,1
15.75,cast_f32_bf16,cast_quant,3.7878,5
15.75,cutlass3x_sm100_simt_sgemm_f32_f32_f32_f32_f32_128x64x16_1x1x1_3_nnn_align1_bias_f32_relu,gemm,1.1102,2
15.75,cutlass3x_sm100_simt_sgemm_f32_f32_f32_f32_f32_64x32x16_1x1x1_3_tnn_align1_bias_f32_relu,gemm,1.5314,2
15.75,fa_dc100_fwd_d128,attention,1.1755,1
15.75,fill_f,layout_copy,3.4087,4
15.75,fvf_h3_gate_res_norm_mod,norm_elementwise,3.7886,2
15.75,fvf_merge_heads_mx,layout_copy,2.6997,1
15.75,fvf_split_heads_rows,layout_copy,3.1478,4
15.75,h3_qk_norm_rope,norm_elementwise,22.0097,4
15.75,h3_res_gate_norm_mod,norm_elementwise,2.0688,1
15.75,h3_swiglu_mx,norm_elementwise,6.365,12
15.75,index_select_rows,layout_copy,0.015,1
15.75,memcpy HtoD,copies_memset,0.0052,1
15.75,memset,copies_memset,0.0553,26
15.75,mx_binary,norm_elementwise,0.0367,2
15.75,mx_block_copy,layout_copy,5.8045,32
15.75,mxfp8_quantize,cast_quant,3.2364,13
15.75,nvjet_sm100_qqtst_128x256_128x6_2x1_2cta_v_bz_Avec32UE8M0_Bvec32UE8M0_TNT,gemm,15.9598,14
15.75,nvjet_sm100_qqtst_256x128_128x5_2x2f_2cta_h_bz_Avec32UE8M0_Bvec32UE8M0_TNT,gemm,4.801,13
15.75,nvjet_sm100_tst_128x256_64x6_2x1_2cta_v_bz_TNT,gemm,18.1575,2
15.75,softmax_last,attention,0.8671,2
15.75,vsa_combine,attention,3.744,1
15.75,vsa_mma_attn_tma2,attention,160.9347,2
15.75,vsa_tile_mean,attention,5.1573,6
15.75,vsa_tile_qkv,attention,19.1936,6
15.75,vsa_topk2,attention,2.0134,2
16.0,bcast_binary,norm_elementwise,0.4823,1
16.0,block_copy,layout_copy,0.0851,6
16.0,cast_bf16_f32_bias_act,cast_quant,0.0174,2
16.0,cast_f32_bf16,cast_quant,11.3516,12
16.0,cutlass3x_sm100_simt_sgemm_f32_f32_f32_f32_f32_128x64x16_1x1x1_3_nnn_align1_bias_f32_relu,gemm,0.6131,1
16.0,cutlass3x_sm100_simt_sgemm_f32_f32_f32_f32_f32_64x32x16_1x1x1_3_tnn_align1_bias_f32_relu,gemm,0.8829,1
16.0,fa_dc100_fwd_d128,attention,2.3365,2
16.0,fill_f,layout_copy,1.85,2
16.0,fvf_h3_gate_res_norm_mod,norm_elementwise,2.2648,1
16.0,fvf_split_heads_rows,layout_copy,1.6587,2
16.0,h3_qk_norm_rope,norm_elementwise,12.0437,2
16.0,h3_res_gate_norm_mod,norm_elementwise,4.1146,2
16.0,index_select_rows,layout_copy,0.0304,2
16.0,memcpy HtoD,copies_memset,0.0105,2
16.0,mx_binary,norm_elementwise,0.0736,4
16.0,mx_block_copy,layout_copy,4.3554,22
16.0,mx_merge_heads,layout_copy,6.6391,2
16.0,mx_swiglu,norm_elementwise,7.1323,12
16.0,nvjet_sm100_tst_128x256_64x6_2x1_2cta_v_bz_TNT,gemm,38.4003,15
16.0,nvjet_sm100_tst_192x224_64x5_2x1_2cta_v_bz_TNT,gemm,0.2267,1
16.0,nvjet_sm100_tst_256x256_64x4_2x1_2cta_v_bz_TNT,gemm,8.9675,11
16.0,softmax_last,attention,0.4812,1
16.0,vsa_combine,attention,7.4843,2
16.0,vsa_mma_attn_tma2,attention,82.5228,1
16.0,vsa_tile_mean,attention,2.841,3
16.0,vsa_tile_qkv,attention,9.8023,3
16.0,vsa_topk2,attention,1.16,1
16.25,bcast_binary,norm_elementwise,0.4666,1
16.25,block_copy,layout_copy,0.0512,7
16.25,cast_bf16_f32_bias_act,cast_quant,3.424,7
16.25,cast_f32_bf16,cast_quant,7.2599,14
16.25,cutlass3x_sm100_simt_sgemm_f32_f32_f32_f32_f32_128x64x16_1x1x1_3_nnn_align1_bias_f32_relu,gemm,0.5855,1
16.25,cutlass3x_sm100_simt_sgemm_f32_f32_f32_f32_f32_64x32x16_1x1x1_3_tnn_align1_bias_f32_relu,gemm,0.8412,1
16.25,fa_dc100_fwd_d128,attention,1.1771,1
16.25,fill_f,layout_copy,1.8394,2
16.25,fvf_h3_gate_res_norm_mod,norm_elementwise,1.8931,1
16.25,fvf_split_heads_rows,layout_copy,1.662,2
16.25,h3_gate_residual,norm_elementwise,2.8935,1
16.25,h3_qk_norm_rope,norm_elementwise,12.2469,2
16.25,h3_res_gate_norm_mod,norm_elementwise,2.0762,1
16.25,index_select_rows,layout_copy,0.0152,1
16.25,lincomb3,norm_elementwise,0.0619,4
16.25,memcpy HtoD,copies_memset,0.0052,1
16.25,mx_binary,norm_elementwise,4.9862,6
16.25,mx_block_copy,layout_copy,11.2769,43
16.25,mx_merge_heads,layout_copy,3.3304,1
16.25,mx_rms_norm,norm_elementwise,1.1604,2
16.25,mx_swiglu,norm_elementwise,10.3396,18
16.25,nvjet_sm100_tst_128x256_64x6_2x1_2cta_v_bz_TNT,gemm,43.09,21
16.25,nvjet_sm100_tst_192x224_64x5_2x1_2cta_v_bz_TNT,gemm,0.4036,2
16.25,nvjet_sm100_tst_256x256_64x4_2x1_2cta_v_bz_TNT,gemm,12.925,16
16.25,nvjet_sm100_tst_256x64_64x5_1x1_h_bz_TNT,gemm,0.0054,1
16.25,nvjet_sm100_tst_64x32_64x16_1x4_h_bz_splitK_TNT,gemm,0.0058,1
16.25,nvjet_sm100_tst_96x256_64x5_1x2_2cta_h_bz_TNN,gemm,0.1386,1
16.25,softmax_last,attention,0.4668,1
16.25,"cublasLt::splitKreduce_kernel<(int)32, (int)16, int, float, __nv_bfloat16, float, __nv_bfloat16, (bool)0, float, __nv_bfloat16, __nv_bfloat16, (bool)1, (bool)0,…",gemm,0.0044,1
16.25,vsa_combine,attention,3.7493,1
16.25,vsa_mma_attn_tma2,attention,82.3866,1
16.25,vsa_tile_mean,attention,2.7658,3
16.25,vsa_tile_qkv,attention,10.414,3
16.25,vsa_topk2,attention,1.1174,1
16.5,bcast_binary,norm_elementwise,0.841,2
16.5,block_copy,layout_copy,0.0429,3
16.5,cast_bf16_f32_bias_act,cast_quant,0.0086,1
16.5,cast_f32_bf16,cast_quant,5.7488,6
16.5,cutlass3x_sm100_simt_sgemm_f32_f32_f32_f32_f32_128x64x16_1x1x1_3_nnn_align1_bias_f32_relu,gemm,1.0777,2
16.5,cutlass3x_sm100_simt_sgemm_f32_f32_f32_f32_f32_64x32x16_1x1x1_3_tnn_align1_bias_f32_relu,gemm,1.4887,2
16.5,fa_dc100_fwd_d128,attention,1.1879,1
16.5,fill_f,layout_copy,3.3907,4
16.5,fvf_h3_gate_res_norm_mod,norm_elementwise,1.9345,1
16.5,fvf_split_heads_rows,layout_copy,3.1016,4
16.5,h3_norm_mod,norm_elementwise,1.4242,1
16.5,h3_qk_norm_rope,norm_elementwise,21.4396,4
16.5,h3_res_gate_norm_mod,norm_elementwise,2.073,1
16.5,index_select_rows,layout_copy,0.0148,1
16.5,memcpy HtoD,copies_memset,1.1497,2
16.5,mx_binary,norm_elementwise,0.0366,2
16.5,mx_block_copy,layout_copy,3.675,20
16.5,mx_merge_heads,layout_copy,3.3203,1
16.5,mx_swiglu,norm_elementwise,5.7687,10
16.5,nvjet_sm100_tst_128x256_64x6_2x1_2cta_v_bz_TNT,gemm,45.0265,13
16.5,nvjet_sm100_tst_192x224_64x5_2x1_2cta_v_bz_TNT,gemm,0.1992,1
16.5,nvjet_sm100_tst_256x256_64x4_2x1_2cta_v_bz_TNT,gemm,7.1327,9
16.5,softmax_last,attention,0.8465,2
16.5,vsa_combine,attention,3.7424,1
16.5,vsa_mma_attn_tma2,attention,162.7244,2
16.5,vsa_tile_mean,attention,5.0504,6
16.5,vsa_tile_qkv,attention,18.9323,6
16.5,vsa_topk2,attention,1.9425,2
16.75,bcast_binary,norm_elementwise,0.4327,1
16.75,block_copy,layout_copy,0.0851,6
16.75,cast_bf16_f32_bias_act,cast_quant,0.0174,2
16.75,cast_f32_bf16,cast_quant,9.605,11
16.75,cutlass3x_sm100_simt_sgemm_f32_f32_f32_f32_f32_128x64x16_1x1x1_3_nnn_align1_bias_f32_relu,gemm,0.5376,1
16.75,cutlass3x_sm100_simt_sgemm_f32_f32_f32_f32_f32_64x32x16_1x1x1_3_tnn_align1_bias_f32_relu,gemm,0.7752,1
16.75,fa_dc100_fwd_d128,attention,2.3903,2
16.75,fill_f,layout_copy,1.7031,2
16.75,fvf_h3_gate_res_norm_mod,norm_elementwise,2.0926,1
16.75,fvf_merge_heads_mx,layout_copy,2.6998,1
16.75,fvf_split_heads_rows,layout_copy,1.5798,2
16.75,h3_qk_norm_rope,norm_elementwise,11.1062,2
16.75,h3_res_gate_norm_mod,norm_elementwise,4.1316,2
16.75,h3_swiglu_mx,norm_elementwise,0.5884,1
16.75,index_select_rows,layout_copy,0.0309,2
16.75,memcpy HtoD,copies_memset,0.0113,2
16.75,memset,copies_memset,0.0117,4
16.75,mx_binary,norm_elementwise,0.074,4
16.75,mx_block_copy,layout_copy,4.0495,21
16.75,mx_merge_heads,layout_copy,3.3299,1
16.75,mx_swiglu,norm_elementwise,5.8929,10
16.75,mxfp8_quantize,cast_quant,1.7816,2
16.75,nvjet_sm100_qqtst_128x256_128x6_2x1_2cta_v_bz_Avec32UE8M0_Bvec32UE8M0_TNT,gemm,8.152,3
16.75,nvjet_sm100_tst_128x256_64x6_2x1_2cta_v_bz_TNT,gemm,20.2916,12
16.75,nvjet_sm100_tst_192x224_64x5_2x1_2cta_v_bz_TNT,gemm,0.2121,1
16.75,nvjet_sm100_tst_256x256_64x4_2x1_2cta_v_bz_TNT,gemm,7.1576,9
16.75,softmax_last,attention,0.4343,1
16.75,vsa_combine,attention,7.4751,2
16.75,vsa_mma_attn_tma2,attention,80.7135,1
16.75,vsa_tile_mean,attention,2.5919,3
16.75,vsa_tile_qkv,attention,9.5191,3
16.75,vsa_topk2,attention,1.0027,1
17.0,bcast_binary,norm_elementwise,0.8143,2
17.0,block_copy,layout_copy,0.0426,3
17.0,cast_bf16_f32_bias_act,cast_quant,0.0088,1
17.0,cast_f32_bf16,cast_quant,3.8425,5
17.0,cutlass3x_sm100_simt_sgemm_f32_f32_f32_f32_f32_128x64x16_1x1x1_3_nnn_align1_bias_f32_relu,gemm,1.0827,2
17.0,cutlass3x_sm100_simt_sgemm_f32_f32_f32_f32_f32_64x32x16_1x1x1_3_tnn_align1_bias_f32_relu,gemm,1.435,2
17.0,fa_dc100_fwd_d128,attention,1.1784,1
17.0,fill_f,layout_copy,3.2257,4
17.0,fvf_h3_gate_res_norm_mod,norm_elementwise,3.7865,2
17.0,fvf_merge_heads_mx,layout_copy,2.6994,1
17.0,fvf_split_heads_rows,layout_copy,3.0385,4
17.0,h3_qk_norm_rope,norm_elementwise,20.5004,4
17.0,h3_res_gate_norm_mod,norm_elementwise,2.0695,1
17.0,h3_swiglu_mx,norm_elementwise,10.4439,19
17.0,index_select_rows,layout_copy,0.0155,1
17.0,memcpy HtoD,copies_memset,0.0052,1
17.0,memset,copies_memset,0.0866,41
17.0,mx_binary,norm_elementwise,0.0365,2
17.0,mx_block_copy,layout_copy,7.2168,39
17.0,mxfp8_quantize,cast_quant,5.8694,21
17.0,nvjet_sm100_qqtst_128x256_128x6_2x1_2cta_v_bz_Avec32UE8M0_Bvec32UE8M0_TNT,gemm,26.9141,22
17.0,nvjet_sm100_qqtst_256x128_128x5_2x2f_2cta_h_bz_Avec32UE8M0_Bvec32UE8M0_TNT,gemm,7.7404,20
17.0,nvjet_sm100_tst_128x256_64x6_2x1_2cta_v_bz_TNT,gemm,7.0172,2
17.0,softmax_last,attention,0.8213,2
17.0,vsa_combine,attention,3.7333,1
17.0,vsa_mma_attn_tma2,attention,158.7619,2
17.0,vsa_tile_mean,attention,4.915,6
17.0,vsa_tile_qkv,attention,18.1935,6
17.0,vsa_topk2,attention,1.8596,2
17.25,bcast_binary,norm_elementwise,0.4356,1
17.25,block_copy,layout_copy,0.0857,6
17.25,cast_bf16_f32_bias_act,cast_quant,0.0173,2
17.25,cast_f32_bf16,cast_quant,7.6864,10
17.25,cutlass3x_sm100_simt_sgemm_f32_f32_f32_f32_f32_128x64x16_1x1x1_3_nnn_align1_bias_f32_relu,gemm,0.5435,1
17.25,cutlass3x_sm100_simt_sgemm_f32_f32_f32_f32_f32_64x32x16_1x1x1_3_tnn_align1_bias_f32_relu,gemm,0.7823,1
17.25,fa_dc100_fwd_d128,attention,2.355,2
17.25,fill_f,layout_copy,1.7028,2
17.25,fvf_h3_gate_res_norm_mod,norm_elementwise,3.8847,2
17.25,fvf_merge_heads_mx,layout_copy,5.3986,2
17.25,fvf_split_heads_rows,layout_copy,1.585,2
17.25,h3_qk_norm_rope,norm_elementwise,10.5286,2
17.25,h3_res_gate_norm_mod,norm_elementwise,4.13,2
17.25,h3_swiglu_mx,norm_elementwise,11.0825,20
17.25,index_select_rows,layout_copy,0.0303,2
17.25,memcpy HtoD,copies_memset,0.0111,2
17.25,memset,copies_memset,0.0942,44
17.25,mx_binary,norm_elementwise,0.0737,4
17.25,mx_block_copy,layout_copy,7.4921,40
17.25,mxfp8_quantize,cast_quant,6.132,22
17.25,nvjet_sm100_qqtst_128x256_128x6_2x1_2cta_v_bz_Avec32UE8M0_Bvec32UE8M0_TNT,gemm,29.2772,24
17.25,nvjet_sm100_qqtst_256x128_128x5_2x2f_2cta_h_bz_Avec32UE8M0_Bvec32UE8M0_TNT,gemm,7.711,20
17.25,nvjet_sm100_tst_128x256_64x6_2x1_2cta_v_bz_TNT,gemm,3.4888,1
17.25,softmax_last,attention,0.4369,1
17.25,vsa_combine,attention,7.4644,2
17.25,vsa_mma_attn_tma2,attention,80.7173,1
17.25,vsa_tile_mean,attention,2.604,3
17.25,vsa_tile_qkv,attention,9.5409,3
17.25,vsa_topk2,attention,1.0182,1
17.5,bcast_binary,norm_elementwise,0.8317,2
17.5,block_copy,layout_copy,0.0424,3
17.5,cast_bf16_f32_bias_act,cast_quant,0.0087,1
17.5,cast_f32_bf16,cast_quant,3.8451,5
17.5,cutlass3x_sm100_simt_sgemm_f32_f32_f32_f32_f32_128x64x16_1x1x1_3_nnn_align1_bias_f32_relu,gemm,1.0671,2
17.5,cutlass3x_sm100_simt_sgemm_f32_f32_f32_f32_f32_64x32x16_1x1x1_3_tnn_align1_bias_f32_relu,gemm,1.4765,2
17.5,fa_dc100_fwd_d128,attention,1.2038,1
17.5,fill_f,layout_copy,3.3805,4
17.5,fvf_h3_gate_res_norm_mod,norm_elementwise,1.8935,1
17.5,fvf_merge_heads_mx,layout_copy,2.6992,1
17.5,fvf_split_heads_rows,layout_copy,3.0819,4
17.5,h3_qk_norm_rope,norm_elementwise,20.4128,4
17.5,h3_res_gate_norm_mod,norm_elementwise,2.0638,1
17.5,h3_swiglu_mx,norm_elementwise,5.5326,10
17.5,index_select_rows,layout_copy,0.0155,1
17.5,memcpy HtoD,copies_memset,0.0052,1
17.5,memset,copies_memset,0.0469,22
17.5,mx_binary,norm_elementwise,0.0367,2
17.5,mx_block_copy,layout_copy,3.7095,20
17.5,mxfp8_quantize,cast_quant,3.0189,11
17.5,nvjet_sm100_qqtst_128x256_128x6_2x1_2cta_v_bz_Avec32UE8M0_Bvec32UE8M0_TNT,gemm,14.7495,12
17.5,nvjet_sm100_qqtst_256x128_128x5_2x2f_2cta_h_bz_Avec32UE8M0_Bvec32UE8M0_TNT,gemm,3.8495,10
17.5,nvjet_sm100_tst_128x256_64x6_2x1_2cta_v_bz_TNT,gemm,7.0366,2
17.5,softmax_last,attention,0.8392,2
17.5,vsa_combine,attention,3.7327,1
17.5,vsa_mma_attn_tma2,attention,161.5418,2
17.5,vsa_tile_mean,attention,5.0099,6
17.5,vsa_tile_qkv,attention,18.6595,6
17.5,vsa_topk2,attention,1.9306,2
17.75,bcast_binary,norm_elementwise,0.4443,1
17.75,block_copy,layout_copy,0.0861,6
17.75,cast_bf16_f32_bias_act,cast_quant,0.0176,2
17.75,cast_f32_bf16,cast_quant,7.6987,10
17.75,cutlass3x_sm100_simt_sgemm_f32_f32_f32_f32_f32_128x64x16_1x1x1_3_nnn_align1_bias_f32_relu,gemm,0.5566,1
17.75,cutlass3x_sm100_simt_sgemm_f32_f32_f32_f32_f32_64x32x16_1x1x1_3_tnn_align1_bias_f32_relu,gemm,0.7999,1
17.75,fa_dc100_fwd_d128,attention,2.4408,2
17.75,fill_f,layout_copy,1.729,2
17.75,fvf_h3_gate_res_norm_mod,norm_elementwise,3.8172,2
17.75,fvf_merge_heads_mx,layout_copy,5.4091,2
17.75,fvf_split_heads_rows,layout_copy,3.1221,4
17.75,h3_qk_norm_rope,norm_elementwise,20.45,4
17.75,h3_res_gate_norm_mod,norm_elementwise,4.1341,2
17.75,h3_swiglu_mx,norm_elementwise,11.061,20
17.75,index_select_rows,layout_copy,0.0308,2
17.75,memcpy HtoD,copies_memset,0.0104,2
17.75,memset,copies_memset,0.0941,44
17.75,mx_binary,norm_elementwise,0.0738,4
17.75,mx_block_copy,layout_copy,7.4385,40
17.75,mxfp8_quantize,cast_quant,6.0596,22
17.75,nvjet_sm100_qqtst_128x256_128x6_2x1_2cta_v_bz_Avec32UE8M0_Bvec32UE8M0_TNT,gemm,29.4589,24
17.75,nvjet_sm100_qqtst_256x128_128x5_2x2f_2cta_h_bz_Avec32UE8M0_Bvec32UE8M0_TNT,gemm,7.6925,20
17.75,nvjet_sm100_tst_128x256_64x6_2x1_2cta_v_bz_TNT,gemm,7.0241,2
17.75,softmax_last,attention,0.4478,1
17.75,vsa_combine,attention,7.4783,2
17.75,vsa_mma_attn_tma2,attention,82.0018,1
17.75,vsa_tile_mean,attention,4.3133,5
17.75,vsa_tile_qkv,attention,9.6437,3
17.75,vsa_topk2,attention,1.0489,1
18.0,bcast_binary,norm_elementwise,0.8709,2
18.0,block_copy,layout_copy,0.0425,3
18.0,cast_bf16_f32_bias_act,cast_quant,0.0087,1
18.0,cast_f32_bf16,cast_quant,3.8445,5
18.0,cutlass3x_sm100_simt_sgemm_f32_f32_f32_f32_f32_128x64x16_1x1x1_3_nnn_align1_bias_f32_relu,gemm,1.0869,2
18.0,cutlass3x_sm100_simt_sgemm_f32_f32_f32_f32_f32_64x32x16_1x1x1_3_tnn_align1_bias_f32_relu,gemm,1.5661,2
18.0,fa_dc100_fwd_d128,attention,1.2055,1
18.0,fill_f,layout_copy,3.4047,4
18.0,fvf_h3_gate_res_norm_mod,norm_elementwise,1.9789,1
18.0,fvf_merge_heads_mx,layout_copy,2.6992,1
18.0,fvf_split_heads_rows,layout_copy,1.584,2
18.0,h3_qk_norm_rope,norm_elementwise,10.5502,2
18.0,h3_res_gate_norm_mod,norm_elementwise,2.0731,1
18.0,h3_swiglu_mx,norm_elementwise,5.5748,10
18.0,index_select_rows,layout_copy,0.0154,1
18.0,memcpy HtoD,copies_memset,0.0052,1
18.0,memset,copies_memset,0.0473,22
18.0,mx_binary,norm_elementwise,0.037,2
18.0,mx_block_copy,layout_copy,3.7748,20
18.0,mxfp8_quantize,cast_quant,3.0925,11
18.0,nvjet_sm100_qqtst_128x256_128x6_2x1_2cta_v_bz_Avec32UE8M0_Bvec32UE8M0_TNT,gemm,14.6569,12
18.0,nvjet_sm100_qqtst_256x128_128x5_2x2f_2cta_h_bz_Avec32UE8M0_Bvec32UE8M0_TNT,gemm,3.8627,10
18.0,nvjet_sm100_tst_128x256_64x6_2x1_2cta_v_bz_TNT,gemm,3.487,1
18.0,softmax_last,attention,0.8764,2
18.0,vsa_combine,attention,3.7347,1
18.0,vsa_mma_attn_tma2,attention,161.5101,2
18.0,vsa_tile_mean,attention,3.4763,4
18.0,vsa_tile_qkv,attention,19.0281,6
18.0,vsa_topk2,attention,2.0395,2
18.25,bcast_binary,norm_elementwise,0.849,2
18.25,block_copy,layout_copy,0.0861,6
18.25,cast_bf16_f32_bias_act,cast_quant,0.0176,2
18.25,cast_f32_bf16,cast_quant,7.6995,10
18.25,cutlass3x_sm100_simt_sgemm_f32_f32_f32_f32_f32_128x64x16_1x1x1_3_nnn_align1_bias_f32_relu,gemm,1.0924,2
18.25,cutlass3x_sm100_simt_sgemm_f32_f32_f32_f32_f32_64x32x16_1x1x1_3_tnn_align1_bias_f32_relu,gemm,1.5119,2
18.25,fa_dc100_fwd_d128,attention,2.4162,2
18.25,fill_f,layout_copy,3.3647,4
18.25,fvf_h3_gate_res_norm_mod,norm_elementwise,3.8305,2
18.25,fvf_merge_heads_mx,layout_copy,5.4098,2
18.25,fvf_split_heads_rows,layout_copy,3.0703,4
18.25,h3_qk_norm_rope,norm_elementwise,20.3534,4
18.25,h3_res_gate_norm_mod,norm_elementwise,4.1383,2
18.25,h3_swiglu_mx,norm_elementwise,11.0759,20
18.25,index_select_rows,layout_copy,0.0306,2
18.25,memcpy HtoD,copies_memset,0.0111,2
18.25,memset,copies_memset,0.0946,44
18.25,mx_binary,norm_elementwise,0.0738,4
18.25,mx_block_copy,layout_copy,7.4532,40
18.25,mxfp8_quantize,cast_quant,6.0749,22
18.25,nvjet_sm100_qqtst_128x256_128x6_2x1_2cta_v_bz_Avec32UE8M0_Bvec32UE8M0_TNT,gemm,29.4339,24
18.25,nvjet_sm100_qqtst_256x128_128x5_2x2f_2cta_h_bz_Avec32UE8M0_Bvec32UE8M0_TNT,gemm,7.7071,20
18.25,nvjet_sm100_tst_128x256_64x6_2x1_2cta_v_bz_TNT,gemm,7.0215,2
18.25,softmax_last,attention,0.8552,2
18.25,vsa_combine,attention,7.4789,2
18.25,vsa_mma_attn_tma2,attention,162.4537,2
18.25,vsa_tile_mean,attention,5.0927,6
18.25,vsa_tile_qkv,attention,18.8645,6
18.25,vsa_topk2,attention,1.97,2
18.5,bcast_binary,norm_elementwise,0.4351,1
18.5,block_copy,layout_copy,0.0853,6
18.5,cast_bf16_f32_bias_act,cast_quant,0.0174,2
18.5,cast_f32_bf16,cast_quant,7.7015,10
18.5,cutlass3x_sm100_simt_sgemm_f32_f32_f32_f32_f32_128x64x16_1x1x1_3_nnn_align1_bias_f32_relu,gemm,0.5417,1
18.5,cutlass3x_sm100_simt_sgemm_f32_f32_f32_f32_f32_64x32x16_1x1x1_3_tnn_align1_bias_f32_relu,gemm,0.7821,1
18.5,fa_dc100_fwd_d128,attention,2.3871,2
18.5,fill_f,layout_copy,1.7031,2
18.5,fvf_h3_gate_res_norm_mod,norm_elementwise,1.9232,1
18.5,fvf_merge_heads_mx,layout_copy,5.4092,2
18.5,fvf_split_heads_rows,layout_copy,1.5861,2
18.5,h3_qk_norm_rope,norm_elementwise,10.2708,2
18.5,h3_res_gate_norm_mod,norm_elementwise,4.1417,2
18.5,h3_swiglu_mx,norm_elementwise,5.5425,10
18.5,index_select_rows,layout_copy,0.0313,2
18.5,memcpy HtoD,copies_memset,0.0104,2
18.5,memset,copies_memset,0.0514,23
18.5,mx_binary,norm_elementwise,0.0739,4
18.5,mx_block_copy,layout_copy,3.7296,20
18.5,mxfp8_quantize,cast_quant,3.0474,11
18.5,nvjet_sm100_qqtst_128x256_128x6_2x1_2cta_v_bz_Avec32UE8M0_Bvec32UE8M0_TNT,gemm,16.4965,13
18.5,nvjet_sm100_qqtst_256x128_128x5_2x2f_2cta_h_bz_Avec32UE8M0_Bvec32UE8M0_TNT,gemm,3.8561,10
18.5,nvjet_sm100_tst_128x256_64x6_2x1_2cta_v_bz_TNT,gemm,3.5161,1
18.5,softmax_last,attention,0.4373,1
18.5,vsa_combine,attention,7.4784,2
18.5,vsa_mma_attn_tma2,attention,80.9989,1
18.5,vsa_tile_mean,attention,2.6053,3
18.5,vsa_tile_qkv,attention,9.5071,3
18.5,vsa_topk2,attention,1.0202,1
18.75,bcast_binary,norm_elementwise,0.881,2
18.75,block_copy,layout_copy,0.0426,3
18.75,cast_bf16_f32_bias_act,cast_quant,0.0087,1
18.75,cast_f32_bf16,cast_quant,3.8573,5
18.75,cutlass3x_sm100_simt_sgemm_f32_f32_f32_f32_f32_128x64x16_1x1x1_3_nnn_align1_bias_f32_relu,gemm,1.0998,2
18.75,cutlass3x_sm100_simt_sgemm_f32_f32_f32_f32_f32_64x32x16_1x1x1_3_tnn_align1_bias_f32_relu,gemm,1.5838,2
18.75,fa_dc100_fwd_d128,attention,1.1888,1
18.75,fill_f,layout_copy,3.4294,4
18.75,fvf_h3_gate_res_norm_mod,norm_elementwise,3.9915,2
18.75,fvf_merge_heads_mx,layout_copy,2.7099,1
18.75,fvf_split_heads_rows,layout_copy,3.175,4
18.75,h3_qk_norm_rope,norm_elementwise,21.3573,4
18.75,h3_res_gate_norm_mod,norm_elementwise,2.0611,1
18.75,h3_swiglu_mx,norm_elementwise,11.1493,20
18.75,index_select_rows,layout_copy,0.0156,1
18.75,memcpy HtoD,copies_memset,0.0052,1
18.75,memset,copies_memset,0.0906,43
18.75,mx_binary,norm_elementwise,0.0369,2
18.75,mx_block_copy,layout_copy,7.5726,40
18.75,mxfp8_quantize,cast_quant,6.2125,22
18.75,nvjet_sm100_qqtst_128x256_128x6_2x1_2cta_v_bz_Avec32UE8M0_Bvec32UE8M0_TNT,gemm,27.5646,23
18.75,nvjet_sm100_qqtst_256x128_128x5_2x2f_2cta_h_bz_Avec32UE8M0_Bvec32UE8M0_TNT,gemm,7.7128,20
18.75,nvjet_sm100_tst_128x256_64x6_2x1_2cta_v_bz_TNT,gemm,6.9679,2
18.75,softmax_last,attention,0.8871,2
18.75,vsa_combine,attention,3.7454,1
18.75,vsa_mma_attn_tma2,attention,162.2972,2
18.75,vsa_tile_mean,attention,5.2679,6
18.75,vsa_tile_qkv,attention,19.0976,6
18.75,vsa_topk2,attention,2.0749,2
19.0,bcast_binary,norm_elementwise,0.4276,1
19.0,block_copy,layout_copy,0.0857,6
19.0,cast_bf16_f32_bias_act,cast_quant,0.0175,2
19.0,cast_f32_bf16,cast_quant,7.6886,10
19.0,cutlass3x_sm100_simt_sgemm_f32_f32_f32_f32_f32_128x64x16_1x1x1_3_nnn_align1_bias_f32_relu,gemm,0.5266,1
19.0,cutlass3x_sm100_simt_sgemm_f32_f32_f32_f32_f32_64x32x16_1x1x1_3_tnn_align1_bias_f32_relu,gemm,0.7586,1
19.0,fa_dc100_fwd_d128,attention,2.3644,2
19.0,fill_f,layout_copy,1.6778,2
19.0,fvf_h3_gate_res_norm_mod,norm_elementwise,1.8987,1
19.0,fvf_merge_heads_mx,layout_copy,5.3991,2
19.0,fvf_split_heads_rows,layout_copy,1.5643,2
19.0,h3_qk_norm_rope,norm_elementwise,10.3223,2
19.0,h3_res_gate_norm_mod,norm_elementwise,4.1282,2
19.0,h3_swiglu_mx,norm_elementwise,10.3158,18
19.0,index_select_rows,layout_copy,0.0307,2
19.0,memcpy HtoD,copies_memset,0.0104,2
19.0,memset,copies_memset,0.0852,40
19.0,mx_binary,norm_elementwise,0.0735,4
19.0,mx_block_copy,layout_copy,5.5454,29
19.0,mxfp8_quantize,cast_quant,4.5313,20
19.0,nvjet_sm100_qqtst_128x256_128x6_2x1_2cta_v_bz_Avec32UE8M0_Bvec32UE8M0_TNT,gemm,23.5095,22
19.0,nvjet_sm100_qqtst_256x128_128x5_2x2f_2cta_h_bz_Avec32UE8M0_Bvec32UE8M0_TNT,gemm,7.168,18
19.0,nvjet_sm100_tst_128x256_64x6_2x1_2cta_v_bz_TNT,gemm,3.5413,1
19.0,softmax_last,attention,0.4303,1
19.0,vsa_combine,attention,7.4725,2
19.0,vsa_mma_attn_tma2,attention,80.2792,1
19.0,vsa_tile_mean,attention,2.5606,3
19.0,vsa_tile_qkv,attention,9.3146,3
19.0,vsa_topk2,attention,0.9948,1
19.25,bcast_binary,norm_elementwise,0.8442,2
19.25,block_copy,layout_copy,0.0427,3
19.25,cast_bf16_f32_bias_act,cast_quant,0.0087,1
19.25,cast_f32_bf16,cast_quant,3.8445,5
19.25,cutlass3x_sm100_simt_sgemm_f32_f32_f32_f32_f32_128x64x16_1x1x1_3_nnn_align1_bias_f32_relu,gemm,1.0893,2
19.25,cutlass3x_sm100_simt_sgemm_f32_f32_f32_f32_f32_64x32x16_1x1x1_3_tnn_align1_bias_f32_relu,gemm,1.5077,2
19.25,fa_dc100_fwd_d128,attention,1.1963,1
19.25,fill_f,layout_copy,3.4165,4
19.25,fvf_h3_gate_res_norm_mod,norm_elementwise,3.817,2
19.25,fvf_merge_heads_mx,layout_copy,2.7003,1
19.25,fvf_split_heads_rows,layout_copy,3.0996,4
19.25,h3_qk_norm_rope,norm_elementwise,20.3752,4
19.25,h3_res_gate_norm_mod,norm_elementwise,2.0685,1
19.25,h3_swiglu_mx,norm_elementwise,6.3361,12
19.25,index_select_rows,layout_copy,0.0153,1
19.25,memcpy HtoD,copies_memset,0.0052,1
19.25,memset,copies_memset,0.0561,26
19.25,mx_binary,norm_elementwise,0.0367,2
19.25,mx_block_copy,layout_copy,5.6113,31
19.25,mxfp8_quantize,cast_quant,4.5542,13
19.25,nvjet_sm100_qqtst_128x256_128x6_2x1_2cta_v_bz_Avec32UE8M0_Bvec32UE8M0_TNT,gemm,20.7894,14
19.25,nvjet_sm100_qqtst_256x128_128x5_2x2f_2cta_h_bz_Avec32UE8M0_Bvec32UE8M0_TNT,gemm,4.3901,12
19.25,nvjet_sm100_tst_128x256_64x6_2x1_2cta_v_bz_TNT,gemm,7.0466,2
19.25,softmax_last,attention,0.8521,2
19.25,vsa_combine,attention,3.732,1
19.25,vsa_mma_attn_tma2,attention,162.8744,2
19.25,vsa_tile_mean,attention,5.0583,6
19.25,vsa_tile_qkv,attention,19.1217,6
19.25,vsa_topk2,attention,2.0347,2
19.5,bcast_binary,norm_elementwise,0.4313,1
19.5,block_copy,layout_copy,0.0852,6
19.5,cast_bf16_f32_bias_act,cast_quant,0.0175,2
19.5,cast_f32_bf16,cast_quant,7.7007,10
19.5,cutlass3x_sm100_simt_sgemm_f32_f32_f32_f32_f32_128x64x16_1x1x1_3_nnn_align1_bias_f32_relu,gemm,0.5376,1
19.5,cutlass3x_sm100_simt_sgemm_f32_f32_f32_f32_f32_64x32x16_1x1x1_3_tnn_align1_bias_f32_relu,gemm,0.7767,1
19.5,fa_dc100_fwd_d128,attention,2.357,2
19.5,fill_f,layout_copy,1.6855,2
19.5,fvf_h3_gate_res_norm_mod,norm_elementwise,3.8595,2
19.5,fvf_merge_heads_mx,layout_copy,5.41,2
19.5,fvf_split_heads_rows,layout_copy,1.5755,2
19.5,h3_qk_norm_rope,norm_elementwise,15.5427,3
19.5,h3_res_gate_norm_mod,norm_elementwise,4.1455,2
19.5,h3_swiglu_mx,norm_elementwise,11.1326,20
19.5,index_select_rows,layout_copy,0.0309,2
19.5,memcpy HtoD,copies_memset,0.0105,2
19.5,memset,copies_memset,0.0939,44
19.5,mx_binary,norm_elementwise,0.0737,4
19.5,mx_block_copy,layout_copy,7.4692,40
19.5,mxfp8_quantize,cast_quant,6.102,22
19.5,nvjet_sm100_qqtst_128x256_128x6_2x1_2cta_v_bz_Avec32UE8M0_Bvec32UE8M0_TNT,gemm,29.536,24
19.5,nvjet_sm100_qqtst_256x128_128x5_2x2f_2cta_h_bz_Avec32UE8M0_Bvec32UE8M0_TNT,gemm,7.7179,20
19.5,nvjet_sm100_tst_128x256_64x6_2x1_2cta_v_bz_TNT,gemm,7.0547,2
19.5,softmax_last,attention,0.4339,1
19.5,vsa_combine,attention,7.4784,2
19.5,vsa_mma_attn_tma2,attention,80.4407,1
19.5,vsa_tile_mean,attention,2.5849,3
19.5,vsa_tile_qkv,attention,9.3808,3
19.5,vsa_topk2,attention,1.0077,1
19.75,bcast_binary,norm_elementwise,0.8744,2
19.75,block_copy,layout_copy,0.0428,3
19.75,cast_bf16_f32_bias_act,cast_quant,0.0087,1
19.75,cast_f32_bf16,cast_quant,3.8516,5
19.75,cutlass3x_sm100_simt_sgemm_f32_f32_f32_f32_f32_128x64x16_1x1x1_3_nnn_align1_bias_f32_relu,gemm,1.0899,2
19.75,cutlass3x_sm100_simt_sgemm_f32_f32_f32_f32_f32_64x32x16_1x1x1_3_tnn_align1_bias_f32_relu,gemm,1.5743,2
19.75,fa_dc100_fwd_d128,attention,1.188,1
19.75,fill_f,layout_copy,3.459,4
19.75,fvf_h3_gate_res_norm_mod,norm_elementwise,1.9601,1
19.75,fvf_merge_heads_mx,layout_copy,2.7098,1
19.75,fvf_split_heads_rows,layout_copy,3.1839,4
19.75,h3_qk_norm_rope,norm_elementwise,16.4595,3
19.75,h3_res_gate_norm_mod,norm_elementwise,2.0636,1
19.75,h3_swiglu_mx,norm_elementwise,5.5518,10
19.75,index_select_rows,layout_copy,0.0156,1
19.75,memcpy HtoD,copies_memset,0.0059,1
19.75,memset,copies_memset,0.0475,22
19.75,mx_binary,norm_elementwise,0.0368,2
19.75,mx_block_copy,layout_copy,3.7088,20
19.75,mxfp8_quantize,cast_quant,3.1067,11
19.75,nvjet_sm100_qqtst_128x256_128x6_2x1_2cta_v_bz_Avec32UE8M0_Bvec32UE8M0_TNT,gemm,14.7177,12
19.75,nvjet_sm100_qqtst_256x128_128x5_2x2f_2cta_h_bz_Avec32UE8M0_Bvec32UE8M0_TNT,gemm,3.8412,10
19.75,nvjet_sm100_tst_128x256_64x6_2x1_2cta_v_bz_TNT,gemm,3.4758,1
19.75,softmax_last,attention,0.8797,2
19.75,vsa_combine,attention,3.7442,1
19.75,vsa_mma_attn_tma2,attention,162.1134,2
19.75,vsa_tile_mean,attention,5.2368,6
19.75,vsa_tile_qkv,attention,19.3684,6
19.75,vsa_topk2,attention,2.056,2
20.0,bcast_binary,norm_elementwise,0.8496,2
20.0,block_copy,layout_copy,0.0849,6
20.0,cast_bf16_f32_bias_act,cast_quant,0.0174,2
20.0,cast_f32_bf16,cast_quant,7.6842,10
20.0,cutlass3x_sm100_simt_sgemm_f32_f32_f32_f32_f32_128x64x16_1x1x1_3_nnn_align1_bias_f32_relu,gemm,1.0479,2
20.0,cutlass3x_sm100_simt_sgemm_f32_f32_f32_f32_f32_64x32x16_1x1x1_3_tnn_align1_bias_f32_relu,gemm,1.5087,2
20.0,fa_dc100_fwd_d128,attention,2.3455,2
20.0,fill_f,layout_copy,2.4514,3
20.0,fvf_h3_gate_res_norm_mod,norm_elementwise,3.821,2
20.0,fvf_merge_heads_mx,layout_copy,5.4005,2
20.0,fvf_split_heads_rows,layout_copy,3.118,4
20.0,h3_qk_norm_rope,norm_elementwise,21.5507,4
20.0,h3_res_gate_norm_mod,norm_elementwise,4.1401,2
20.0,h3_swiglu_mx,norm_elementwise,11.112,20
20.0,index_select_rows,layout_copy,0.0308,2
20.0,memcpy HtoD,copies_memset,0.0112,2
20.0,memset,copies_memset,0.0951,44
20.0,mx_binary,norm_elementwise,0.0731,4
20.0,mx_block_copy,layout_copy,7.4168,40
20.0,mxfp8_quantize,cast_quant,6.0937,22
20.0,nvjet_sm100_qqtst_128x256_128x6_2x1_2cta_v_bz_Avec32UE8M0_Bvec32UE8M0_TNT,gemm,29.6765,24
20.0,nvjet_sm100_qqtst_256x128_128x5_2x2f_2cta_h_bz_Avec32UE8M0_Bvec32UE8M0_TNT,gemm,7.7176,20
20.0,nvjet_sm100_tst_128x256_64x6_2x1_2cta_v_bz_TNT,gemm,7.0701,2
20.0,softmax_last,attention,0.8551,2
20.0,vsa_combine,attention,7.4656,2
20.0,vsa_mma_attn_tma2,attention,79.6557,1
20.0,vsa_tile_mean,attention,5.0934,6
20.0,vsa_tile_qkv,attention,15.7659,5
20.0,vsa_topk2,attention,1.9731,2
20.25,bcast_binary,norm_elementwise,0.4316,1
20.25,block_copy,layout_copy,0.0426,3
20.25,cast_bf16_f32_bias_act,cast_quant,0.0086,1
20.25,cast_f32_bf16,cast_quant,3.8428,5
20.25,cutlass3x_sm100_simt_sgemm_f32_f32_f32_f32_f32_128x64x16_1x1x1_3_nnn_align1_bias_f32_relu,gemm,0.5376,1
20.25,cutlass3x_sm100_simt_sgemm_f32_f32_f32_f32_f32_64x32x16_1x1x1_3_tnn_align1_bias_f32_relu,gemm,0.7758,1
20.25,fa_dc100_fwd_d128,attention,1.185,1
20.25,fill_f,layout_copy,2.6495,3
20.25,fvf_h3_gate_res_norm_mod,norm_elementwise,1.8936,1
20.25,fvf_merge_heads_mx,layout_copy,2.6999,1
20.25,fvf_split_heads_rows,layout_copy,1.5757,2
20.25,h3_qk_norm_rope,norm_elementwise,11.0327,2
20.25,h3_res_gate_norm_mod,norm_elementwise,2.0657,1
20.25,h3_swiglu_mx,norm_elementwise,5.558,10
20.25,index_select_rows,layout_copy,0.0155,1
20.25,memcpy HtoD,copies_memset,0.0059,1
20.25,memset,copies_memset,0.0469,22
20.25,mx_binary,norm_elementwise,0.0369,2
20.25,mx_block_copy,layout_copy,3.7092,20
20.25,mxfp8_quantize,cast_quant,3.0185,11
20.25,nvjet_sm100_qqtst_128x256_128x6_2x1_2cta_v_bz_Avec32UE8M0_Bvec32UE8M0_TNT,gemm,14.8809,12
20.25,nvjet_sm100_qqtst_256x128_128x5_2x2f_2cta_h_bz_Avec32UE8M0_Bvec32UE8M0_TNT,gemm,3.8702,10
20.25,nvjet_sm100_tst_128x256_64x6_2x1_2cta_v_bz_TNT,gemm,3.5115,1
20.25,softmax_last,attention,0.4342,1
20.25,vsa_combine,attention,7.4667,2
20.25,vsa_mma_attn_tma2,attention,160.8467,2
20.25,vsa_tile_mean,attention,2.5845,3
20.25,vsa_tile_qkv,attention,12.8575,4
20.25,vsa_topk2,attention,1.0083,1
20.5,bcast_binary,norm_elementwise,0.8469,2
20.5,block_copy,layout_copy,0.0854,6
20.5,cast_bf16_f32_bias_act,cast_quant,0.0176,2
20.5,cast_f32_bf16,cast_quant,7.6861,10
20.5,cutlass3x_sm100_simt_sgemm_f32_f32_f32_f32_f32_128x64x16_1x1x1_3_nnn_align1_bias_f32_relu,gemm,1.0424,2
20.5,cutlass3x_sm100_simt_sgemm_f32_f32_f32_f32_f32_64x32x16_1x1x1_3_tnn_align1_bias_f32_relu,gemm,1.5027,2
20.5,fa_dc100_fwd_d128,attention,2.3525,2
20.5,fill_f,layout_copy,3.3753,4
20.5,fvf_h3_gate_res_norm_mod,norm_elementwise,3.8023,2
20.5,fvf_merge_heads_mx,layout_copy,5.3995,2
20.5,fvf_split_heads_rows,layout_copy,3.1128,4
20.5,h3_qk_norm_rope,norm_elementwise,21.6127,4
20.5,h3_res_gate_norm_mod,norm_elementwise,4.1193,2
20.5,h3_swiglu_mx,norm_elementwise,11.1235,20
20.5,index_select_rows,layout_copy,0.0308,2
20.5,memcpy HtoD,copies_memset,0.0112,2
20.5,memset,copies_memset,0.0946,44
20.5,mx_binary,norm_elementwise,0.0733,4
20.5,mx_block_copy,layout_copy,7.4217,40
20.5,mxfp8_quantize,cast_quant,6.0735,22
20.5,nvjet_sm100_qqtst_128x256_128x6_2x1_2cta_v_bz_Avec32UE8M0_Bvec32UE8M0_TNT,gemm,29.7888,24
20.5,nvjet_sm100_qqtst_256x128_128x5_2x2f_2cta_h_bz_Avec32UE8M0_Bvec32UE8M0_TNT,gemm,7.7502,20
20.5,nvjet_sm100_tst_128x256_64x6_2x1_2cta_v_bz_TNT,gemm,7.1578,2
20.5,softmax_last,attention,0.8528,2
20.5,vsa_combine,attention,3.7316,1
20.5,vsa_mma_attn_tma2,attention,160.5864,2
20.5,vsa_tile_mean,attention,5.0842,6
20.5,vsa_tile_qkv,attention,18.9354,6
20.5,vsa_topk2,attention,1.9696,2
20.75,bcast_binary,norm_elementwise,0.4284,1
20.75,block_copy,layout_copy,0.0852,6
20.75,cast_bf16_f32_bias_act,cast_quant,0.0174,2
20.75,cast_f32_bf16,cast_quant,7.6844,10
20.75,cutlass3x_sm100_simt_sgemm_f32_f32_f32_f32_f32_128x64x16_1x1x1_3_nnn_align1_bias_f32_relu,gemm,0.5281,1
20.75,cutlass3x_sm100_simt_sgemm_f32_f32_f32_f32_f32_64x32x16_1x1x1_3_tnn_align1_bias_f32_relu,gemm,0.7616,1
20.75,fa_dc100_fwd_d128,attention,2.3398,2
20.75,fill_f,layout_copy,1.7169,2
20.75,fvf_h3_gate_res_norm_mod,norm_elementwise,1.8927,1
20.75,fvf_merge_heads_mx,layout_copy,5.3999,2
20.75,fvf_split_heads_rows,layout_copy,1.5683,2
20.75,h3_qk_norm_rope,norm_elementwise,10.6978,2
20.75,h3_res_gate_norm_mod,norm_elementwise,4.1241,2
20.75,h3_swiglu_mx,norm_elementwise,7.9686,14
20.75,index_select_rows,layout_copy,0.0307,2
20.75,memcpy HtoD,copies_memset,0.0112,2
20.75,memset,copies_memset,0.0674,31
20.75,mx_binary,norm_elementwise,0.0736,4
20.75,mx_block_copy,layout_copy,4.5183,24
20.75,mxfp8_quantize,cast_quant,3.6912,15
20.75,nvjet_sm100_qqtst_128x256_128x6_2x1_2cta_v_bz_Avec32UE8M0_Bvec32UE8M0_TNT,gemm,19.8454,17
20.75,nvjet_sm100_qqtst_256x128_128x5_2x2f_2cta_h_bz_Avec32UE8M0_Bvec32UE8M0_TNT,gemm,5.526,14
20.75,nvjet_sm100_tst_128x256_64x6_2x1_2cta_v_bz_TNT,gemm,3.5694,1
20.75,softmax_last,attention,0.4305,1
20.75,vsa_combine,attention,7.4758,2
20.75,vsa_mma_attn_tma2,attention,80.2347,1
20.75,vsa_tile_mean,attention,2.5679,3
20.75,vsa_tile_qkv,attention,9.5672,3
20.75,vsa_topk2,attention,0.9983,1
21.0,bcast_binary,norm_elementwise,0.8694,2
21.0,block_copy,layout_copy,0.0428,3
21.0,cast_bf16_f32_bias_act,cast_quant,0.0087,1
21.0,cast_f32_bf16,cast_quant,3.8521,5
21.0,cutlass3x_sm100_simt_sgemm_f32_f32_f32_f32_f32_128x64x16_1x1x1_3_nnn_align1_bias_f32_relu,gemm,1.0765,2
21.0,cutlass3x_sm100_simt_sgemm_f32_f32_f32_f32_f32_64x32x16_1x1x1_3_tnn_align1_bias_f32_relu,gemm,1.5528,2
21.0,fa_dc100_fwd_d128,attention,1.1746,1
21.0,fill_f,layout_copy,3.4151,4
21.0,fvf_h3_gate_res_norm_mod,norm_elementwise,3.7852,2
21.0,fvf_merge_heads_mx,layout_copy,2.7075,1
21.0,fvf_split_heads_rows,layout_copy,3.0979,4
21.0,h3_qk_norm_rope,norm_elementwise,21.0051,4
21.0,h3_res_gate_norm_mod,norm_elementwise,2.0646,1
21.0,h3_swiglu_mx,norm_elementwise,8.7496,16
21.0,index_select_rows,layout_copy,0.0157,1
21.0,memcpy HtoD,copies_memset,0.0052,1
21.0,memset,copies_memset,0.0734,35
21.0,mx_binary,norm_elementwise,0.0369,2
21.0,mx_block_copy,layout_copy,6.6174,36
21.0,mxfp8_quantize,cast_quant,5.3626,18
21.0,nvjet_sm100_qqtst_128x256_128x6_2x1_2cta_v_bz_Avec32UE8M0_Bvec32UE8M0_TNT,gemm,24.8754,19
21.0,nvjet_sm100_qqtst_256x128_128x5_2x2f_2cta_h_bz_Avec32UE8M0_Bvec32UE8M0_TNT,gemm,6.0617,16
21.0,nvjet_sm100_tst_128x256_64x6_2x1_2cta_v_bz_TNT,gemm,7.2641,2
21.0,softmax_last,attention,0.8734,2
21.0,vsa_combine,attention,3.7444,1
21.0,vsa_mma_attn_tma2,attention,161.9423,2
21.0,vsa_tile_mean,attention,5.2006,6
21.0,vsa_tile_qkv,attention,19.1606,6
21.0,vsa_topk2,attention,2.0394,2
21.25,bcast_binary,norm_elementwise,0.4316,1
21.25,block_copy,layout_copy,0.0849,6
21.25,cast_bf16_f32_bias_act,cast_quant,0.0175,2
21.25,cast_f32_bf16,cast_quant,7.6878,10
21.25,cutlass3x_sm100_simt_sgemm_f32_f32_f32_f32_f32_128x64x16_1x1x1_3_nnn_align1_bias_f32_relu,gemm,0.5377,1
21.25,cutlass3x_sm100_simt_sgemm_f32_f32_f32_f32_f32_64x32x16_1x1x1_3_tnn_align1_bias_f32_relu,gemm,0.7761,1
21.25,fa_dc100_fwd_d128,attention,2.3257,2
21.25,fill_f,layout_copy,1.6851,2
21.25,fvf_h3_gate_res_norm_mod,norm_elementwise,3.8969,2
21.25,fvf_merge_heads_mx,layout_copy,5.3984,2
21.25,fvf_split_heads_rows,layout_copy,1.5754,2
21.25,h3_qk_norm_rope,norm_elementwise,11.0484,2
21.25,h3_res_gate_norm_mod,norm_elementwise,4.1392,2
21.25,h3_swiglu_mx,norm_elementwise,11.1948,20
21.25,index_select_rows,layout_copy,0.0308,2
21.25,memcpy HtoD,copies_memset,0.0111,2
21.25,memset,copies_memset,0.095,44
21.25,mx_binary,norm_elementwise,0.0735,4
21.25,mx_block_copy,layout_copy,7.4988,40
21.25,mxfp8_quantize,cast_quant,6.1872,22
21.25,nvjet_sm100_qqtst_128x256_128x6_2x1_2cta_v_bz_Avec32UE8M0_Bvec32UE8M0_TNT,gemm,29.737,24
21.25,nvjet_sm100_qqtst_256x128_128x5_2x2f_2cta_h_bz_Avec32UE8M0_Bvec32UE8M0_TNT,gemm,7.7549,20
21.25,nvjet_sm100_tst_128x256_64x6_2x1_2cta_v_bz_TNT,gemm,3.5825,1
21.25,softmax_last,attention,0.433,1
21.25,vsa_combine,attention,7.4659,2
21.25,vsa_mma_attn_tma2,attention,80.3858,1
21.25,vsa_tile_mean,attention,2.5844,3
21.25,vsa_tile_qkv,attention,9.4252,3
21.25,vsa_topk2,attention,1.0099,1
21.5,bcast_binary,norm_elementwise,0.8379,2
21.5,block_copy,layout_copy,0.0428,3
21.5,cast_bf16_f32_bias_act,cast_quant,0.0086,1
21.5,cast_f32_bf16,cast_quant,3.8444,5
21.5,cutlass3x_sm100_simt_sgemm_f32_f32_f32_f32_f32_128x64x16_1x1x1_3_nnn_align1_bias_f32_relu,gemm,1.077,2
21.5,cutlass3x_sm100_simt_sgemm_f32_f32_f32_f32_f32_64x32x16_1x1x1_3_tnn_align1_bias_f32_relu,gemm,1.4865,2
21.5,fa_dc100_fwd_d128,attention,1.1605,1
21.5,fill_f,layout_copy,3.3234,4
21.5,fvf_h3_gate_res_norm_mod,norm_elementwise,1.8925,1
21.5,fvf_merge_heads_mx,layout_copy,2.6991,1
21.5,fvf_split_heads_rows,layout_copy,3.0831,4
21.5,h3_qk_norm_rope,norm_elementwise,20.7123,4
21.5,h3_res_gate_norm_mod,norm_elementwise,2.0684,1
21.5,h3_swiglu_mx,norm_elementwise,5.5719,10
21.5,index_select_rows,layout_copy,0.0157,1
21.5,memcpy HtoD,copies_memset,0.0052,1
21.5,memset,copies_memset,0.047,22
21.5,mx_binary,norm_elementwise,0.0365,2
21.5,mx_block_copy,layout_copy,3.7135,20
21.5,mxfp8_quantize,cast_quant,3.0183,11
21.5,nvjet_sm100_qqtst_128x256_128x6_2x1_2cta_v_bz_Avec32UE8M0_Bvec32UE8M0_TNT,gemm,14.979,12
21.5,nvjet_sm100_qqtst_256x128_128x5_2x2f_2cta_h_bz_Avec32UE8M0_Bvec32UE8M0_TNT,gemm,3.8733,10
21.5,nvjet_sm100_tst_128x256_64x6_2x1_2cta_v_bz_TNT,gemm,7.2737,2
21.5,softmax_last,attention,0.8433,2
21.5,vsa_combine,attention,3.7335,1
21.5,vsa_mma_attn_tma2,attention,160.8774,2
21.5,vsa_tile_mean,attention,5.027,6
21.5,vsa_tile_qkv,attention,18.5809,6
21.5,vsa_topk2,attention,1.9407,2
21.75,bcast_binary,norm_elementwise,0.4429,1
21.75,block_copy,layout_copy,0.0855,6
21.75,cast_bf16_f32_bias_act,cast_quant,0.0175,2
21.75,cast_f32_bf16,cast_quant,7.6967,10
21.75,cutlass3x_sm100_simt_sgemm_f32_f32_f32_f32_f32_128x64x16_1x1x1_3_nnn_align1_bias_f32_relu,gemm,0.5551,1
21.75,cutlass3x_sm100_simt_sgemm_f32_f32_f32_f32_f32_64x32x16_1x1x1_3_tnn_align1_bias_f32_relu,gemm,0.7995,1
21.75,fa_dc100_fwd_d128,attention,2.3403,2
21.75,fill_f,layout_copy,1.7171,2
21.75,fvf_h3_gate_res_norm_mod,norm_elementwise,3.8368,2
21.75,fvf_merge_heads_mx,layout_copy,5.401,2
21.75,fvf_split_heads_rows,layout_copy,2.394,3
21.75,h3_qk_norm_rope,norm_elementwise,21.5818,4
21.75,h3_res_gate_norm_mod,norm_elementwise,4.1294,2
21.75,h3_swiglu_mx,norm_elementwise,11.1719,20
21.75,index_select_rows,layout_copy,0.031,2
21.75,memcpy HtoD,copies_memset,0.011,2
21.75,memset,copies_memset,0.0936,44
21.75,mx_binary,norm_elementwise,0.0736,4
21.75,mx_block_copy,layout_copy,7.4627,40
21.75,mxfp8_quantize,cast_quant,6.0791,22
21.75,nvjet_sm100_qqtst_128x256_128x6_2x1_2cta_v_bz_Avec32UE8M0_Bvec32UE8M0_TNT,gemm,29.754,24
21.75,nvjet_sm100_qqtst_256x128_128x5_2x2f_2cta_h_bz_Avec32UE8M0_Bvec32UE8M0_TNT,gemm,7.7448,20
21.75,nvjet_sm100_tst_128x256_64x6_2x1_2cta_v_bz_TNT,gemm,7.2471,2
21.75,softmax_last,attention,0.4455,1
21.75,vsa_combine,attention,7.4772,2
21.75,vsa_mma_attn_tma2,attention,82.5252,1
21.75,vsa_tile_mean,attention,2.6465,3
21.75,vsa_tile_qkv,attention,9.5755,3
21.75,vsa_topk2,attention,1.0489,1
22.0,bcast_binary,norm_elementwise,0.8531,2
22.0,block_copy,layout_copy,0.0425,3
22.0,cast_bf16_f32_bias_act,cast_quant,0.0088,1
22.0,cast_f32_bf16,cast_quant,3.8427,5
22.0,cutlass3x_sm100_simt_sgemm_f32_f32_f32_f32_f32_128x64x16_1x1x1_3_nnn_align1_bias_f32_relu,gemm,1.0572,2
22.0,cutlass3x_sm100_simt_sgemm_f32_f32_f32_f32_f32_64x32x16_1x1x1_3_tnn_align1_bias_f32_relu,gemm,1.5252,2
22.0,fa_dc100_fwd_d128,attention,1.1657,1
22.0,fill_f,layout_copy,3.3407,4
22.0,fvf_h3_gate_res_norm_mod,norm_elementwise,1.8915,1
22.0,fvf_merge_heads_mx,layout_copy,2.7001,1
22.0,fvf_split_heads_rows,layout_copy,2.3241,3
22.0,h3_qk_norm_rope,norm_elementwise,10.079,2
22.0,h3_res_gate_norm_mod,norm_elementwise,2.0662,1
22.0,h3_swiglu_mx,norm_elementwise,5.5662,10
22.0,index_select_rows,layout_copy,0.0156,1
22.0,memcpy HtoD,copies_memset,0.0052,1
22.0,memset,copies_memset,0.0468,22
22.0,mx_binary,norm_elementwise,0.0366,2
22.0,mx_block_copy,layout_copy,3.7123,20
22.0,mxfp8_quantize,cast_quant,3.0169,11
22.0,nvjet_sm100_qqtst_128x256_128x6_2x1_2cta_v_bz_Avec32UE8M0_Bvec32UE8M0_TNT,gemm,15.017,12
22.0,nvjet_sm100_qqtst_256x128_128x5_2x2f_2cta_h_bz_Avec32UE8M0_Bvec32UE8M0_TNT,gemm,3.8875,10
22.0,nvjet_sm100_tst_128x256_64x6_2x1_2cta_v_bz_TNT,gemm,3.6865,1
22.0,softmax_last,attention,0.8601,2
22.0,vsa_combine,attention,3.732,1
22.0,vsa_mma_attn_tma2,attention,160.6383,2
22.0,vsa_tile_mean,attention,5.1155,6
22.0,vsa_tile_qkv,attention,18.9212,6
22.0,vsa_topk2,attention,1.9884,2
22.25,bcast_binary,norm_elementwise,0.8431,2
22.25,block_copy,layout_copy,0.085,6
22.25,cast_bf16_f32_bias_act,cast_quant,0.0175,2
22.25,cast_f32_bf16,cast_quant,7.687,10
22.25,cutlass3x_sm100_simt_sgemm_f32_f32_f32_f32_f32_128x64x16_1x1x1_3_nnn_align1_bias_f32_relu,gemm,1.0867,2
22.25,cutlass3x_sm100_simt_sgemm_f32_f32_f32_f32_f32_64x32x16_1x1x1_3_tnn_align1_bias_f32_relu,gemm,1.5009,2
22.25,fa_dc100_fwd_d128,attention,2.3295,2
22.25,fill_f,layout_copy,3.3399,4
22.25,fvf_h3_gate_res_norm_mod,norm_elementwise,3.8955,2
22.25,fvf_merge_heads_mx,layout_copy,5.3995,2
22.25,fvf_split_heads_rows,layout_copy,3.1041,4
22.25,h3_qk_norm_rope,norm_elementwise,20.8649,4
22.25,h3_res_gate_norm_mod,norm_elementwise,4.1329,2
22.25,h3_swiglu_mx,norm_elementwise,11.1781,20
22.25,index_select_rows,layout_copy,0.0312,2
22.25,memcpy HtoD,copies_memset,0.0105,2
22.25,memset,copies_memset,0.0955,44
22.25,mx_binary,norm_elementwise,0.0732,4
22.25,mx_block_copy,layout_copy,7.4982,40
22.25,mxfp8_quantize,cast_quant,6.1419,22
22.25,nvjet_sm100_qqtst_128x256_128x6_2x1_2cta_v_bz_Avec32UE8M0_Bvec32UE8M0_TNT,gemm,29.8019,24
22.25,nvjet_sm100_qqtst_256x128_128x5_2x2f_2cta_h_bz_Avec32UE8M0_Bvec32UE8M0_TNT,gemm,7.718,20
22.25,nvjet_sm100_tst_128x256_64x6_2x1_2cta_v_bz_TNT,gemm,7.2881,2
22.25,softmax_last,attention,0.8487,2
22.25,vsa_combine,attention,7.4658,2
22.25,vsa_mma_attn_tma2,attention,161.1718,2
22.25,vsa_tile_mean,attention,5.0627,6
22.25,vsa_tile_qkv,attention,18.679,6
22.25,vsa_topk2,attention,1.9599,2
22.5,bcast_binary,norm_elementwise,0.4436,1
22.5,block_copy,layout_copy,0.085,6
22.5,cast_bf16_f32_bias_act,cast_quant,0.0175,2
22.5,cast_f32_bf16,cast_quant,7.7019,10
22.5,cutlass3x_sm100_simt_sgemm_f32_f32_f32_f32_f32_128x64x16_1x1x1_3_nnn_align1_bias_f32_relu,gemm,0.5554,1
22.5,cutlass3x_sm100_simt_sgemm_f32_f32_f32_f32_f32_64x32x16_1x1x1_3_tnn_align1_bias_f32_relu,gemm,0.8008,1
22.5,fa_dc100_fwd_d128,attention,2.3259,2
22.5,fill_f,layout_copy,1.7209,2
22.5,fvf_h3_gate_res_norm_mod,norm_elementwise,1.8927,1
22.5,fvf_merge_heads_mx,layout_copy,5.41,2
22.5,fvf_split_heads_rows,layout_copy,1.6095,2
22.5,h3_qk_norm_rope,norm_elementwise,10.2295,2
22.5,h3_res_gate_norm_mod,norm_elementwise,2.0709,1
22.5,h3_swiglu_mx,norm_elementwise,5.5633,10
22.5,index_select_rows,layout_copy,0.031,2
22.5,memcpy HtoD,copies_memset,0.0104,2
22.5,memset,copies_memset,0.0508,23
22.5,mx_binary,norm_elementwise,0.0732,4
22.5,mx_block_copy,layout_copy,3.7092,20
22.5,mxfp8_quantize,cast_quant,3.0168,11
22.5,nvjet_sm100_qqtst_128x256_128x6_2x1_2cta_v_bz_Avec32UE8M0_Bvec32UE8M0_TNT,gemm,16.7553,13
22.5,nvjet_sm100_qqtst_256x128_128x5_2x2f_2cta_h_bz_Avec32UE8M0_Bvec32UE8M0_TNT,gemm,3.8367,10
22.5,nvjet_sm100_tst_128x256_64x6_2x1_2cta_v_bz_TNT,gemm,3.6755,1
22.5,softmax_last,attention,0.4478,1
22.5,vsa_combine,attention,7.5027,2
22.5,vsa_mma_attn_tma2,attention,81.6038,1
22.5,vsa_tile_mean,attention,2.6547,3
22.5,vsa_tile_qkv,attention,9.5617,3
22.5,vsa_topk2,attention,1.0533,1
22.75,bcast_binary,norm_elementwise,0.8598,2
22.75,block_copy,layout_copy,0.0423,3
22.75,cast_bf16_f32_bias_act,cast_quant,0.0088,1
22.75,cast_f32_bf16,cast_quant,3.8423,5
22.75,cutlass3x_sm100_simt_sgemm_f32_f32_f32_f32_f32_128x64x16_1x1x1_3_nnn_align1_bias_f32_relu,gemm,1.0641,2
22.75,cutlass3x_sm100_simt_sgemm_f32_f32_f32_f32_f32_64x32x16_1x1x1_3_tnn_align1_bias_f32_relu,gemm,1.5358,2
22.75,fa_dc100_fwd_d128,attention,1.1661,1
22.75,fill_f,layout_copy,3.4094,4
22.75,fvf_h3_gate_res_norm_mod,norm_elementwise,3.7933,2
22.75,fvf_merge_heads_mx,layout_copy,2.6997,1
22.75,fvf_split_heads_rows,layout_copy,3.1448,4
22.75,h3_qk_norm_rope,norm_elementwise,21.3081,4
22.75,h3_res_gate_norm_mod,norm_elementwise,4.1503,2
22.75,h3_swiglu_mx,norm_elementwise,11.1502,20
22.75,index_select_rows,layout_copy,0.0153,1
22.75,memcpy HtoD,copies_memset,0.006,1
22.75,memset,copies_memset,0.0901,43
22.75,mx_binary,norm_elementwise,0.0367,2
22.75,mx_block_copy,layout_copy,7.4271,40
22.75,mxfp8_quantize,cast_quant,6.0453,22
22.75,nvjet_sm100_qqtst_128x256_128x6_2x1_2cta_v_bz_Avec32UE8M0_Bvec32UE8M0_TNT,gemm,28.153,23
22.75,nvjet_sm100_qqtst_256x128_128x5_2x2f_2cta_h_bz_Avec32UE8M0_Bvec32UE8M0_TNT,gemm,7.7235,20
22.75,nvjet_sm100_tst_128x256_64x6_2x1_2cta_v_bz_TNT,gemm,7.3339,2
22.75,softmax_last,attention,0.8653,2
22.75,vsa_combine,attention,3.7315,1
22.75,vsa_mma_attn_tma2,attention,160.6,2
22.75,vsa_tile_mean,attention,5.1511,6
22.75,vsa_tile_qkv,attention,19.0329,6
22.75,vsa_topk2,attention,2.0102,2
23.0,bcast_binary,norm_elementwise,0.4288,1
23.0,block_copy,layout_copy,0.0847,6
23.0,cast_bf16_f32_bias_act,cast_quant,0.0177,2
23.0,cast_f32_bf16,cast_quant,7.6852,10
23.0,cutlass3x_sm100_simt_sgemm_f32_f32_f32_f32_f32_128x64x16_1x1x1_3_nnn_align1_bias_f32_relu,gemm,0.5281,1
23.0,cutlass3x_sm100_simt_sgemm_f32_f32_f32_f32_f32_64x32x16_1x1x1_3_tnn_align1_bias_f32_relu,gemm,0.7611,1
23.0,fa_dc100_fwd_d128,attention,2.325,2
23.0,fill_f,layout_copy,1.6797,2
23.0,fvf_h3_gate_res_norm_mod,norm_elementwise,1.9712,1
23.0,fvf_merge_heads_mx,layout_copy,5.3999,2
23.0,fvf_split_heads_rows,layout_copy,1.5675,2
23.0,h3_qk_norm_rope,norm_elementwise,10.9866,2
23.0,h3_res_gate_norm_mod,norm_elementwise,4.1477,2
23.0,h3_swiglu_mx,norm_elementwise,10.3546,18
23.0,index_select_rows,layout_copy,0.0309,2
23.0,memcpy HtoD,copies_memset,0.0114,2
23.0,memset,copies_memset,0.0837,39
23.0,mx_binary,norm_elementwise,0.0733,4
23.0,mx_block_copy,layout_copy,5.3422,28
23.0,mxfp8_quantize,cast_quant,4.4183,19
23.0,nvjet_sm100_qqtst_128x256_128x6_2x1_2cta_v_bz_Avec32UE8M0_Bvec32UE8M0_TNT,gemm,23.0682,21
23.0,nvjet_sm100_qqtst_256x128_128x5_2x2f_2cta_h_bz_Avec32UE8M0_Bvec32UE8M0_TNT,gemm,6.7663,17
23.0,nvjet_sm100_tst_128x256_64x6_2x1_2cta_v_bz_TNT,gemm,3.6189,1
23.0,softmax_last,attention,0.4311,1
23.0,vsa_combine,attention,7.4667,2
23.0,vsa_mma_attn_tma2,attention,80.1534,1
23.0,vsa_tile_mean,attention,2.5666,3
23.0,vsa_tile_qkv,attention,9.5603,3
23.0,vsa_topk2,attention,1.0016,1
23.25,bcast_binary,norm_elementwise,0.8492,2
23.25,block_copy,layout_copy,0.0428,3
23.25,cast_bf16_f32_bias_act,cast_quant,0.0088,1
23.25,cast_f32_bf16,cast_quant,3.8426,5
23.25,cutlass3x_sm100_simt_sgemm_f32_f32_f32_f32_f32_128x64x16_1x1x1_3_nnn_align1_bias_f32_relu,gemm,1.0427,2
23.25,cutlass3x_sm100_simt_sgemm_f32_f32_f32_f32_f32_64x32x16_1x1x1_3_tnn_align1_bias_f32_relu,gemm,1.5028,2
23.25,fa_dc100_fwd_d128,attention,1.1625,1
23.25,fill_f,layout_copy,3.3571,4
23.25,fvf_h3_gate_res_norm_mod,norm_elementwise,3.868,2
23.25,fvf_merge_heads_mx,layout_copy,2.6996,1
23.25,fvf_split_heads_rows,layout_copy,3.1145,4
23.25,h3_qk_norm_rope,norm_elementwise,21.6001,4
23.25,h3_res_gate_norm_mod,norm_elementwise,2.0661,1
23.25,h3_swiglu_mx,norm_elementwise,6.3523,12
23.25,index_select_rows,layout_copy,0.0153,1
23.25,memcpy HtoD,copies_memset,0.0052,1
23.25,memset,copies_memset,0.0584,27
23.25,mx_binary,norm_elementwise,0.0365,2
23.25,mx_block_copy,layout_copy,5.7966,32
23.25,mxfp8_quantize,cast_quant,4.7852,14
23.25,nvjet_sm100_qqtst_128x256_128x6_2x1_2cta_v_bz_Avec32UE8M0_Bvec32UE8M0_TNT,gemm,21.683,15
23.25,nvjet_sm100_qqtst_256x128_128x5_2x2f_2cta_h_bz_Avec32UE8M0_Bvec32UE8M0_TNT,gemm,4.7936,13
23.25,nvjet_sm100_tst_128x256_64x6_2x1_2cta_v_bz_TNT,gemm,7.305,2
23.25,softmax_last,attention,0.8544,2
23.25,vsa_combine,attention,3.7302,1
23.25,vsa_mma_attn_tma2,attention,160.5614,2
23.25,vsa_tile_mean,attention,5.0906,6
23.25,vsa_tile_qkv,attention,18.6989,6
23.25,vsa_topk2,attention,1.974,2
23.5,bcast_binary,norm_elementwise,0.4237,1
23.5,block_copy,layout_copy,0.085,6
23.5,cast_bf16_f32_bias_act,cast_quant,0.0174,2
23.5,cast_f32_bf16,cast_quant,7.6894,10
23.5,cutlass3x_sm100_simt_sgemm_f32_f32_f32_f32_f32_128x64x16_1x1x1_3_nnn_align1_bias_f32_relu,gemm,0.5675,1
23.5,cutlass3x_sm100_simt_sgemm_f32_f32_f32_f32_f32_64x32x16_1x1x1_3_tnn_align1_bias_f32_relu,gemm,0.751,1
23.5,fa_dc100_fwd_d128,attention,2.3222,2
23.5,fill_f,layout_copy,1.6651,2
23.5,fvf_h3_gate_res_norm_mod,norm_elementwise,3.836,2
23.5,fvf_merge_heads_mx,layout_copy,5.3993,2
23.5,fvf_split_heads_rows,layout_copy,1.5558,2
23.5,h3_qk_norm_rope,norm_elementwise,15.9865,3
23.5,h3_res_gate_norm_mod,norm_elementwise,4.1322,2
23.5,h3_swiglu_mx,norm_elementwise,11.1598,20
23.5,index_select_rows,layout_copy,0.0309,2
23.5,memcpy HtoD,copies_memset,0.0112,2
23.5,memset,copies_memset,0.0939,44
23.5,mx_binary,norm_elementwise,0.0732,4
23.5,mx_block_copy,layout_copy,7.4483,40
23.5,mxfp8_quantize,cast_quant,6.0796,22
23.5,nvjet_sm100_qqtst_128x256_128x6_2x1_2cta_v_bz_Avec32UE8M0_Bvec32UE8M0_TNT,gemm,29.7682,24
23.5,nvjet_sm100_qqtst_256x128_128x5_2x2f_2cta_h_bz_Avec32UE8M0_Bvec32UE8M0_TNT,gemm,7.6722,20
23.5,nvjet_sm100_tst_128x256_64x6_2x1_2cta_v_bz_TNT,gemm,7.3263,2
23.5,softmax_last,attention,0.4251,1
23.5,vsa_combine,attention,7.4649,2
23.5,vsa_mma_attn_tma2,attention,80.1177,1
23.5,vsa_tile_mean,attention,2.5426,3
23.5,vsa_tile_qkv,attention,9.2583,3
23.5,vsa_topk2,attention,0.9843,1
23.75,bcast_binary,norm_elementwise,0.8697,2
23.75,block_copy,layout_copy,0.0426,3
23.75,cast_bf16_f32_bias_act,cast_quant,0.0086,1
23.75,cast_f32_bf16,cast_quant,3.845,5
23.75,cutlass3x_sm100_simt_sgemm_f32_f32_f32_f32_f32_128x64x16_1x1x1_3_nnn_align1_bias_f32_relu,gemm,1.0854,2
23.75,cutlass3x_sm100_simt_sgemm_f32_f32_f32_f32_f32_64x32x16_1x1x1_3_tnn_align1_bias_f32_relu,gemm,1.5667,2
23.75,fa_dc100_fwd_d128,attention,1.16,1
23.75,fill_f,layout_copy,3.3964,4
23.75,fvf_h3_gate_res_norm_mod,norm_elementwise,1.9574,1
23.75,fvf_merge_heads_mx,layout_copy,2.7,1
23.75,fvf_split_heads_rows,layout_copy,3.1704,4
23.75,h3_qk_norm_rope,norm_elementwise,15.8484,3
23.75,h3_res_gate_norm_mod,norm_elementwise,2.0667,1
23.75,h3_swiglu_mx,norm_elementwise,5.6036,10
23.75,index_select_rows,layout_copy,0.0153,1
23.75,memcpy HtoD,copies_memset,0.0052,1
23.75,memset,copies_memset,0.0471,22
23.75,mx_binary,norm_elementwise,0.0368,2
23.75,mx_block_copy,layout_copy,3.7568,20
23.75,mxfp8_quantize,cast_quant,3.0758,11
23.75,nvjet_sm100_qqtst_128x256_128x6_2x1_2cta_v_bz_Avec32UE8M0_Bvec32UE8M0_TNT,gemm,14.866,12
23.75,nvjet_sm100_qqtst_256x128_128x5_2x2f_2cta_h_bz_Avec32UE8M0_Bvec32UE8M0_TNT,gemm,3.8551,10
23.75,nvjet_sm100_tst_128x256_64x6_2x1_2cta_v_bz_TNT,gemm,3.6523,1
23.75,softmax_last,attention,0.8761,2
23.75,vsa_combine,attention,3.7311,1
23.75,vsa_mma_attn_tma2,attention,161.6458,2
23.75,vsa_tile_mean,attention,5.2105,6
23.75,vsa_tile_qkv,attention,18.9583,6
23.75,vsa_topk2,attention,2.0463,2
24.0,bcast_binary,norm_elementwise,0.4606,1
24.0,block_copy,layout_copy,0.0856,6
24.0,cast_bf16_f32_bias_act,cast_quant,0.0175,2
24.0,cast_f32_bf16,cast_quant,9.6193,11
24.0,cutlass3x_sm100_simt_sgemm_f32_f32_f32_f32_f32_128x64x16_1x1x1_3_nnn_align1_bias_f32_relu,gemm,0.5796,1
24.0,cutlass3x_sm100_simt_sgemm_f32_f32_f32_f32_f32_64x32x16_1x1x1_3_tnn_align1_bias_f32_relu,gemm,0.8329,1
24.0,fa_dc100_fwd_d128,attention,2.336,2
24.0,fill_f,layout_copy,1.7542,2
24.0,fvf_h3_gate_res_norm_mod,norm_elementwise,4.1629,2
24.0,fvf_merge_heads_mx,layout_copy,2.7097,1
24.0,fvf_split_heads_rows,layout_copy,1.5863,2
24.0,h3_qk_norm_rope,norm_elementwise,16.2088,3
24.0,h3_res_gate_norm_mod,norm_elementwise,4.1449,2
24.0,h3_swiglu_mx,norm_elementwise,5.6147,10
24.0,index_select_rows,layout_copy,0.0306,2
24.0,memcpy HtoD,copies_memset,0.0105,2
24.0,memset,copies_memset,0.0441,21
24.0,mx_binary,norm_elementwise,0.0735,4
24.0,mx_block_copy,layout_copy,7.6778,40
24.0,mx_merge_heads,layout_copy,3.3295,1
24.0,mx_swiglu,norm_elementwise,5.8765,10
24.0,mxfp8_quantize,cast_quant,1.5685,10
24.0,nvjet_sm100_qqtst_128x256_128x6_2x1_2cta_v_bz_Avec32UE8M0_Bvec32UE8M0_TNT,gemm,9.0984,11
24.0,nvjet_sm100_qqtst_256x128_128x5_2x2f_2cta_h_bz_Avec32UE8M0_Bvec32UE8M0_TNT,gemm,3.8694,10
24.0,nvjet_sm100_tst_128x256_64x6_2x1_2cta_v_bz_TNT,gemm,46.3523,13
24.0,nvjet_sm100_tst_192x224_64x5_2x1_2cta_v_bz_TNT,gemm,0.2218,1
24.0,nvjet_sm100_tst_256x256_64x4_2x1_2cta_v_bz_TNT,gemm,7.3708,9
24.0,softmax_last,attention,0.461,1
24.0,vsa_combine,attention,7.4898,2
24.0,vsa_mma_attn_tma2,attention,81.581,1
24.0,vsa_tile_mean,attention,2.7312,3
24.0,vsa_tile_qkv,attention,9.5697,3
24.0,vsa_topk2,attention,1.0974,1
24.25,bcast_binary,norm_elementwise,0.9193,2
24.25,block_copy,layout_copy,0.0424,3
24.25,cast_bf16_f32_bias_act,cast_quant,0.0087,1
24.25,cast_f32_bf16,cast_quant,5.7491,6
24.25,cutlass3x_sm100_simt_sgemm_f32_f32_f32_f32_f32_128x64x16_1x1x1_3_nnn_align1_bias_f32_relu,gemm,1.1584,2
24.25,cutlass3x_sm100_simt_sgemm_f32_f32_f32_f32_f32_64x32x16_1x1x1_3_tnn_align1_bias_f32_relu,gemm,1.6711,2
24.25,fa_dc100_fwd_d128,attention,1.1655,1
24.25,fill_f,layout_copy,3.6344,4
24.25,fvf_h3_gate_res_norm_mod,norm_elementwise,2.2157,1
24.25,fvf_split_heads_rows,layout_copy,3.2477,4
24.25,h3_qk_norm_rope,norm_elementwise,17.4825,3
24.25,h3_res_gate_norm_mod,norm_elementwise,2.0535,1
24.25,index_select_rows,layout_copy,0.0153,1
24.25,memcpy HtoD,copies_memset,0.0052,1
24.25,mx_binary,norm_elementwise,0.0365,2
24.25,mx_block_copy,layout_copy,3.9224,20
24.25,mx_merge_heads,layout_copy,3.3206,1
24.25,mx_swiglu,norm_elementwise,5.7953,10
24.25,nvjet_sm100_tst_128x256_64x6_2x1_2cta_v_bz_TNT,gemm,31.8533,12
24.25,nvjet_sm100_tst_192x224_64x5_2x1_2cta_v_bz_TNT,gemm,0.2212,1
24.25,nvjet_sm100_tst_256x256_64x4_2x1_2cta_v_bz_TNT,gemm,7.2726,9
24.25,softmax_last,attention,0.9232,2
24.25,vsa_combine,attention,3.7392,1
24.25,vsa_mma_attn_tma2,attention,169.7842,2
24.25,vsa_tile_mean,attention,5.4652,6
24.25,vsa_tile_qkv,attention,20.3909,6
24.25,vsa_topk2,attention,2.199,2
24.5,bcast_binary,norm_elementwise,0.4057,1
24.5,block_copy,layout_copy,0.0513,7
24.5,cast_bf16_f32_bias_act,cast_quant,3.419,7
24.5,cast_f32_bf16,cast_quant,7.3617,14
24.5,cutlass3x_sm100_simt_sgemm_f32_f32_f32_f32_f32_128x64x16_1x1x1_3_nnn_align1_bias_f32_relu,gemm,0.5404,1
24.5,cutlass3x_sm100_simt_sgemm_f32_f32_f32_f32_f32_64x32x16_1x1x1_3_tnn_align1_bias_f32_relu,gemm,0.713,1
24.5,fa_dc100_fwd_d128,attention,1.1743,1
24.5,fill_f,layout_copy,1.6132,2
24.5,fvf_split_heads_rows,layout_copy,1.5169,2
24.5,h3_gate_residual,norm_elementwise,2.8875,1
24.5,h3_norm_mod,norm_elementwise,1.4806,1
24.5,h3_qk_norm_rope,norm_elementwise,10.1923,2
24.5,h3_res_gate_norm_mod,norm_elementwise,2.0763,1
24.5,index_select_rows,layout_copy,0.0156,1
24.5,lincomb3,norm_elementwise,0.0635,4
24.5,memcpy HtoD,copies_memset,1.2016,2
24.5,mx_binary,norm_elementwise,4.9863,6
24.5,mx_block_copy,layout_copy,8.0922,25
24.5,mx_merge_heads,layout_copy,3.3292,1
24.5,mx_rms_norm,norm_elementwise,1.1605,2
24.5,mx_swiglu,norm_elementwise,6.0063,10
24.5,nvjet_sm100_tst_128x256_64x6_2x1_2cta_v_bz_TNT,gemm,31.7274,13
24.5,nvjet_sm100_tst_192x224_64x5_2x1_2cta_v_bz_TNT,gemm,0.2201,1
24.5,nvjet_sm100_tst_256x256_64x4_2x1_2cta_v_bz_TNT,gemm,7.3221,9
24.5,nvjet_sm100_tst_256x64_64x5_1x1_h_bz_TNT,gemm,0.0046,1
24.5,nvjet_sm100_tst_64x32_64x16_1x4_h_bz_splitK_TNT,gemm,0.0058,1
24.5,nvjet_sm100_tst_96x256_64x5_1x2_2cta_h_bz_TNN,gemm,0.1374,1
24.5,softmax_last,attention,0.4098,1
24.5,"cublasLt::splitKreduce_kernel<(int)32, (int)16, int, float, __nv_bfloat16, float, __nv_bfloat16, (bool)0, float, __nv_bfloat16, __nv_bfloat16, (bool)1, (bool)0,…",gemm,0.0044,1
24.5,vsa_combine,attention,3.7441,1
24.5,vsa_mma_attn_tma2,attention,79.2113,1
24.5,vsa_tile_mean,attention,2.447,3
24.5,vsa_tile_qkv,attention,9.0688,3
24.5,vsa_topk2,attention,0.9246,1
24.75,bcast_binary,norm_elementwise,0.4848,1
24.75,block_copy,layout_copy,0.0849,6
24.75,cast_bf16_f32_bias_act,cast_quant,0.0173,2
24.75,cast_f32_bf16,cast_quant,11.3664,12
24.75,cutlass3x_sm100_simt_sgemm_f32_f32_f32_f32_f32_128x64x16_1x1x1_3_nnn_align1_bias_f32_relu,gemm,0.6159,1
24.75,cutlass3x_sm100_simt_sgemm_f32_f32_f32_f32_f32_64x32x16_1x1x1_3_tnn_align1_bias_f32_relu,gemm,0.8883,1
24.75,fa_dc100_fwd_d128,attention,2.3972,2
24.75,fill_f,layout_copy,1.985,2
24.75,fvf_h3_gate_res_norm_mod,norm_elementwise,1.8922,1
24.75,fvf_split_heads_rows,layout_copy,1.7132,2
24.75,h3_qk_norm_rope,norm_elementwise,12.078,2
24.75,h3_res_gate_norm_mod,norm_elementwise,4.1336,2
24.75,index_select_rows,layout_copy,0.0308,2
24.75,memcpy HtoD,copies_memset,0.0128,2
24.75,mx_binary,norm_elementwise,0.073,4
24.75,mx_block_copy,layout_copy,4.6587,25
24.75,mx_merge_heads,layout_copy,6.6389,2
24.75,mx_swiglu,norm_elementwise,8.8589,15
24.75,nvjet_sm100_tst_128x256_64x6_2x1_2cta_v_bz_TNT,gemm,41.4198,18
24.75,nvjet_sm100_tst_192x224_64x5_2x1_2cta_v_bz_TNT,gemm,0.1985,1
24.75,nvjet_sm100_tst_256x256_64x4_2x1_2cta_v_bz_TNT,gemm,11.0384,14
24.75,softmax_last,attention,0.4869,1
24.75,vsa_combine,attention,7.4787,2
24.75,vsa_mma_attn_tma2,attention,91.5424,1
24.75,vsa_tile_mean,attention,2.8679,3
24.75,vsa_tile_qkv,attention,10.8471,3
24.75,vsa_topk2,attention,1.1706,1
25.0,bcast_binary,norm_elementwise,0.8437,2
25.0,block_copy,layout_copy,0.0424,3
25.0,cast_bf16_f32_bias_act,cast_quant,0.0086,1
25.0,cast_f32_bf16,cast_quant,3.7986,5
25.0,cutlass3x_sm100_simt_sgemm_f32_f32_f32_f32_f32_128x64x16_1x1x1_3_nnn_align1_bias_f32_relu,gemm,1.0821,2
25.0,cutlass3x_sm100_simt_sgemm_f32_f32_f32_f32_f32_64x32x16_1x1x1_3_tnn_align1_bias_f32_relu,gemm,1.4926,2
25.0,fa_dc100_fwd_d128,attention,1.1751,1
25.0,fill_f,layout_copy,3.3531,4
25.0,fvf_h3_gate_res_norm_mod,norm_elementwise,4.0351,2
25.0,fvf_merge_heads_mx,layout_copy,2.7094,1
25.0,fvf_split_heads_rows,layout_copy,3.1097,4
25.0,h3_qk_norm_rope,norm_elementwise,21.4263,4
25.0,h3_res_gate_norm_mod,norm_elementwise,2.0655,1
25.0,h3_swiglu_mx,norm_elementwise,5.5217,10
25.0,index_select_rows,layout_copy,0.0156,1
25.0,memcpy HtoD,copies_memset,0.006,1
25.0,memset,copies_memset,0.0505,23
25.0,mx_binary,norm_elementwise,0.0366,2
25.0,mx_block_copy,layout_copy,6.5754,35
25.0,mx_swiglu,norm_elementwise,2.7731,5
25.0,mxfp8_quantize,cast_quant,4.6745,12
25.0,nvjet_sm100_qqtst_128x256_128x6_2x1_2cta_v_bz_Avec32UE8M0_Bvec32UE8M0_TNT,gemm,20.1854,13
25.0,nvjet_sm100_qqtst_256x128_128x5_2x2f_2cta_h_bz_Avec32UE8M0_Bvec32UE8M0_TNT,gemm,3.8378,10
25.0,nvjet_sm100_tst_128x256_64x6_2x1_2cta_v_bz_TNT,gemm,13.0644,7
25.0,nvjet_sm100_tst_192x224_64x5_2x1_2cta_v_bz_TNT,gemm,0.2144,1
25.0,nvjet_sm100_tst_256x256_64x4_2x1_2cta_v_bz_TNT,gemm,3.1962,4
25.0,softmax_last,attention,0.8499,2
25.0,vsa_combine,attention,3.7458,1
25.0,vsa_mma_attn_tma2,attention,161.8464,2
25.0,vsa_tile_mean,attention,5.0705,6
25.0,vsa_tile_qkv,attention,18.4712,6
25.0,vsa_topk2,attention,1.9557,2
25.25,bcast_binary,norm_elementwise,0.4284,1
25.25,block_copy,layout_copy,0.0845,6
25.25,cast_bf16_f32_bias_act,cast_quant,0.0173,2
25.25,cast_f32_bf16,cast_quant,7.5741,10
25.25,cutlass3x_sm100_simt_sgemm_f32_f32_f32_f32_f32_128x64x16_1x1x1_3_nnn_align1_bias_f32_relu,gemm,0.5284,1
25.25,cutlass3x_sm100_simt_sgemm_f32_f32_f32_f32_f32_64x32x16_1x1x1_3_tnn_align1_bias_f32_relu,gemm,0.7601,1
25.25,fa_dc100_fwd_d128,attention,2.3545,2
25.25,fill_f,layout_copy,1.7161,2
25.25,fvf_h3_gate_res_norm_mod,norm_elementwise,3.8949,2
25.25,fvf_merge_heads_mx,layout_copy,5.3998,2
25.25,fvf_split_heads_rows,layout_copy,1.5689,2
25.25,h3_qk_norm_rope,norm_elementwise,10.9415,2
25.25,h3_res_gate_norm_mod,norm_elementwise,4.1386,2
25.25,h3_swiglu_mx,norm_elementwise,11.0256,20
25.25,index_select_rows,layout_copy,0.0309,2
25.25,memcpy HtoD,copies_memset,0.0105,2
25.25,memset,copies_memset,0.0937,44
25.25,mx_binary,norm_elementwise,0.0731,4
25.25,mx_block_copy,layout_copy,7.4211,40
25.25,mxfp8_quantize,cast_quant,6.174,22
25.25,nvjet_sm100_qqtst_128x256_128x6_2x1_2cta_v_bz_Avec32UE8M0_Bvec32UE8M0_TNT,gemm,29.2137,24
25.25,nvjet_sm100_qqtst_256x128_128x5_2x2f_2cta_h_bz_Avec32UE8M0_Bvec32UE8M0_TNT,gemm,7.6885,20
25.25,nvjet_sm100_tst_128x256_64x6_2x1_2cta_v_bz_TNT,gemm,3.4717,1
25.25,softmax_last,attention,0.4314,1
25.25,vsa_combine,attention,7.4626,2
25.25,vsa_mma_attn_tma2,attention,80.6694,1
25.25,vsa_tile_mean,attention,2.5677,3
25.25,vsa_tile_qkv,attention,9.5684,3
25.25,vsa_topk2,attention,0.9971,1
25.5,bcast_binary,norm_elementwise,0.8613,2
25.5,block_copy,layout_copy,0.0421,3
25.5,cast_bf16_f32_bias_act,cast_quant,0.0086,1
25.5,cast_f32_bf16,cast_quant,3.7874,5
25.5,cutlass3x_sm100_simt_sgemm_f32_f32_f32_f32_f32_128x64x16_1x1x1_3_nnn_align1_bias_f32_relu,gemm,1.0663,2
25.5,cutlass3x_sm100_simt_sgemm_f32_f32_f32_f32_f32_64x32x16_1x1x1_3_tnn_align1_bias_f32_relu,gemm,1.5363,2
25.5,fa_dc100_fwd_d128,attention,1.1779,1
25.5,fill_f,layout_copy,3.4479,4
25.5,fvf_h3_gate_res_norm_mod,norm_elementwise,1.894,1
25.5,fvf_merge_heads_mx,layout_copy,2.6992,1
25.5,fvf_split_heads_rows,layout_copy,3.1489,4
25.5,h3_qk_norm_rope,norm_elementwise,21.9091,4
25.5,h3_res_gate_norm_mod,norm_elementwise,2.0625,1
25.5,h3_swiglu_mx,norm_elementwise,5.5206,10
25.5,index_select_rows,layout_copy,0.0156,1
25.5,memcpy HtoD,copies_memset,0.0059,1
25.5,memset,copies_memset,0.047,22
25.5,mx_binary,norm_elementwise,0.0368,2
25.5,mx_block_copy,layout_copy,3.7122,20
25.5,mxfp8_quantize,cast_quant,3.0673,11
25.5,nvjet_sm100_qqtst_128x256_128x6_2x1_2cta_v_bz_Avec32UE8M0_Bvec32UE8M0_TNT,gemm,14.6367,12
25.5,nvjet_sm100_qqtst_256x128_128x5_2x2f_2cta_h_bz_Avec32UE8M0_Bvec32UE8M0_TNT,gemm,3.8376,10
25.5,nvjet_sm100_tst_128x256_64x6_2x1_2cta_v_bz_TNT,gemm,6.9735,2
25.5,softmax_last,attention,0.8651,2
25.5,vsa_combine,attention,3.729,1
25.5,vsa_mma_attn_tma2,attention,160.8014,2
25.5,vsa_tile_mean,attention,5.1577,6
25.5,vsa_tile_qkv,attention,19.2412,6
25.5,vsa_topk2,attention,2.0072,2
25.75,bcast_binary,norm_elementwise,0.4313,1
25.75,block_copy,layout_copy,0.0846,6
25.75,cast_bf16_f32_bias_act,cast_quant,0.0173,2
25.75,cast_f32_bf16,cast_quant,7.5754,10
25.75,cutlass3x_sm100_simt_sgemm_f32_f32_f32_f32_f32_128x64x16_1x1x1_3_nnn_align1_bias_f32_relu,gemm,0.5371,1
25.75,cutlass3x_sm100_simt_sgemm_f32_f32_f32_f32_f32_64x32x16_1x1x1_3_tnn_align1_bias_f32_relu,gemm,0.7738,1
25.75,fa_dc100_fwd_d128,attention,2.4041,2
25.75,fill_f,layout_copy,1.6872,2
25.75,fvf_h3_gate_res_norm_mod,norm_elementwise,3.8507,2
25.75,fvf_merge_heads_mx,layout_copy,5.3986,2
25.75,fvf_split_heads_rows,layout_copy,3.1553,4
25.75,h3_qk_norm_rope,norm_elementwise,22.0493,4
25.75,h3_res_gate_norm_mod,norm_elementwise,4.1277,2
25.75,h3_swiglu_mx,norm_elementwise,11.048,20
25.75,index_select_rows,layout_copy,0.0309,2
25.75,memcpy HtoD,copies_memset,0.0104,2
25.75,memset,copies_memset,0.0943,44
25.75,mx_binary,norm_elementwise,0.0734,4
25.75,mx_block_copy,layout_copy,7.4212,40
25.75,mxfp8_quantize,cast_quant,6.1367,22
25.75,nvjet_sm100_qqtst_128x256_128x6_2x1_2cta_v_bz_Avec32UE8M0_Bvec32UE8M0_TNT,gemm,29.3242,24
25.75,nvjet_sm100_qqtst_256x128_128x5_2x2f_2cta_h_bz_Avec32UE8M0_Bvec32UE8M0_TNT,gemm,7.6964,20
25.75,nvjet_sm100_tst_128x256_64x6_2x1_2cta_v_bz_TNT,gemm,6.9519,2
25.75,softmax_last,attention,0.4335,1
25.75,vsa_combine,attention,7.4777,2
25.75,vsa_mma_attn_tma2,attention,80.8087,1
25.75,vsa_tile_mean,attention,3.4482,4
25.75,vsa_tile_qkv,attention,9.3468,3
25.75,vsa_topk2,attention,1.0066,1
26.0,bcast_binary,norm_elementwise,0.8623,2
26.0,block_copy,layout_copy,0.0425,3
26.0,cast_bf16_f32_bias_act,cast_quant,0.0086,1
26.0,cast_f32_bf16,cast_quant,3.7963,5
26.0,cutlass3x_sm100_simt_sgemm_f32_f32_f32_f32_f32_128x64x16_1x1x1_3_nnn_align1_bias_f32_relu,gemm,1.0748,2
26.0,cutlass3x_sm100_simt_sgemm_f32_f32_f32_f32_f32_64x32x16_1x1x1_3_tnn_align1_bias_f32_relu,gemm,1.5502,2
26.0,fa_dc100_fwd_d128,attention,1.2222,1
26.0,fill_f,layout_copy,3.4143,4
26.0,fvf_h3_gate_res_norm_mod,norm_elementwise,1.9129,1
26.0,fvf_merge_heads_mx,layout_copy,2.7091,1
26.0,fvf_split_heads_rows,layout_copy,1.5774,2
26.0,h3_qk_norm_rope,norm_elementwise,10.3447,2
26.0,h3_res_gate_norm_mod,norm_elementwise,2.0704,1
26.0,h3_swiglu_mx,norm_elementwise,5.5393,10
26.0,index_select_rows,layout_copy,0.0156,1
26.0,memcpy HtoD,copies_memset,0.006,1
26.0,memset,copies_memset,0.0476,22
26.0,mx_binary,norm_elementwise,0.0369,2
26.0,mx_block_copy,layout_copy,3.7256,20
26.0,mxfp8_quantize,cast_quant,3.0354,11
26.0,nvjet_sm100_qqtst_128x256_128x6_2x1_2cta_v_bz_Avec32UE8M0_Bvec32UE8M0_TNT,gemm,14.7015,12
26.0,nvjet_sm100_qqtst_256x128_128x5_2x2f_2cta_h_bz_Avec32UE8M0_Bvec32UE8M0_TNT,gemm,3.8445,10
26.0,nvjet_sm100_tst_128x256_64x6_2x1_2cta_v_bz_TNT,gemm,3.5118,1
26.0,softmax_last,attention,0.8682,2
26.0,vsa_combine,attention,3.7432,1
26.0,vsa_mma_attn_tma2,attention,160.8521,2
26.0,vsa_tile_mean,attention,4.3041,5
26.0,vsa_tile_qkv,attention,19.121,6
26.0,vsa_topk2,attention,2.0125,2
26.25,bcast_binary,norm_elementwise,0.8155,2
26.25,block_copy,layout_copy,0.0848,6
26.25,cast_bf16_f32_bias_act,cast_quant,0.0172,2
26.25,cast_f32_bf16,cast_quant,7.5836,10
26.25,cutlass3x_sm100_simt_sgemm_f32_f32_f32_f32_f32_128x64x16_1x1x1_3_nnn_align1_bias_f32_relu,gemm,1.0823,2
26.25,cutlass3x_sm100_simt_sgemm_f32_f32_f32_f32_f32_64x32x16_1x1x1_3_tnn_align1_bias_f32_relu,gemm,1.4249,2
26.25,fa_dc100_fwd_d128,attention,2.4216,2
26.25,fill_f,layout_copy,3.2597,4
26.25,fvf_h3_gate_res_norm_mod,norm_elementwise,3.8655,2
26.25,fvf_merge_heads_mx,layout_copy,5.4087,2
26.25,fvf_split_heads_rows,layout_copy,3.0406,4
26.25,h3_qk_norm_rope,norm_elementwise,20.5208,4
26.25,h3_res_gate_norm_mod,norm_elementwise,4.1384,2
26.25,h3_swiglu_mx,norm_elementwise,11.071,20
26.25,index_select_rows,layout_copy,0.0308,2
26.25,memcpy HtoD,copies_memset,0.0112,2
26.25,memset,copies_memset,0.0938,44
26.25,mx_binary,norm_elementwise,0.0732,4
26.25,mx_block_copy,layout_copy,7.4778,40
26.25,mxfp8_quantize,cast_quant,6.1014,22
26.25,nvjet_sm100_qqtst_128x256_128x6_2x1_2cta_v_bz_Avec32UE8M0_Bvec32UE8M0_TNT,gemm,29.4452,24
26.25,nvjet_sm100_qqtst_256x128_128x5_2x2f_2cta_h_bz_Avec32UE8M0_Bvec32UE8M0_TNT,gemm,7.6947,20
26.25,nvjet_sm100_tst_128x256_64x6_2x1_2cta_v_bz_TNT,gemm,7.0131,2
26.25,softmax_last,attention,0.8219,2
26.25,vsa_combine,attention,7.4777,2
26.25,vsa_mma_attn_tma2,attention,162.2721,2
26.25,vsa_tile_mean,attention,4.9129,6
26.25,vsa_tile_qkv,attention,18.3724,6
26.25,vsa_topk2,attention,1.8633,2
26.5,bcast_binary,norm_elementwise,0.4494,1
26.5,block_copy,layout_copy,0.0846,6
26.5,cast_bf16_f32_bias_act,cast_quant,0.0173,2
26.5,cast_f32_bf16,cast_quant,7.5996,10
26.5,cutlass3x_sm100_simt_sgemm_f32_f32_f32_f32_f32_128x64x16_1x1x1_3_nnn_align1_bias_f32_relu,gemm,0.5661,1
26.5,cutlass3x_sm100_simt_sgemm_f32_f32_f32_f32_f32_64x32x16_1x1x1_3_tnn_align1_bias_f32_relu,gemm,0.8146,1
26.5,fa_dc100_fwd_d128,attention,2.4077,2
26.5,fill_f,layout_copy,1.7436,2
26.5,fvf_h3_gate_res_norm_mod,norm_elementwise,1.9843,1
26.5,fvf_merge_heads_mx,layout_copy,5.4201,2
26.5,fvf_split_heads_rows,layout_copy,1.5931,2
26.5,h3_qk_norm_rope,norm_elementwise,10.5516,2
26.5,h3_res_gate_norm_mod,norm_elementwise,2.0717,1
26.5,h3_swiglu_mx,norm_elementwise,5.5551,10
26.5,index_select_rows,layout_copy,0.0313,2
26.5,memcpy HtoD,copies_memset,0.0111,2
26.5,memset,copies_memset,0.0511,23
26.5,mx_binary,norm_elementwise,0.0736,4
26.5,mx_block_copy,layout_copy,3.7825,20
26.5,mxfp8_quantize,cast_quant,3.102,11
26.5,nvjet_sm100_qqtst_128x256_128x6_2x1_2cta_v_bz_Avec32UE8M0_Bvec32UE8M0_TNT,gemm,16.4438,13
26.5,nvjet_sm100_qqtst_256x128_128x5_2x2f_2cta_h_bz_Avec32UE8M0_Bvec32UE8M0_TNT,gemm,3.865,10
26.5,nvjet_sm100_tst_128x256_64x6_2x1_2cta_v_bz_TNT,gemm,3.4988,1
26.5,softmax_last,attention,0.4527,1
26.5,vsa_combine,attention,7.4918,2
26.5,vsa_mma_attn_tma2,attention,82.1155,1
26.5,vsa_tile_mean,attention,2.6742,3
26.5,vsa_tile_qkv,attention,9.7078,3
26.5,vsa_topk2,attention,1.0605,1
26.75,bcast_binary,norm_elementwise,0.8758,2
26.75,block_copy,layout_copy,0.0425,3
26.75,cast_bf16_f32_bias_act,cast_quant,0.0086,1
26.75,cast_f32_bf16,cast_quant,3.7985,5
26.75,cutlass3x_sm100_simt_sgemm_f32_f32_f32_f32_f32_128x64x16_1x1x1_3_nnn_align1_bias_f32_relu,gemm,1.0932,2
26.75,cutlass3x_sm100_simt_sgemm_f32_f32_f32_f32_f32_64x32x16_1x1x1_3_tnn_align1_bias_f32_relu,gemm,1.5734,2
26.75,fa_dc100_fwd_d128,attention,1.2064,1
26.75,fill_f,layout_copy,3.4051,4
26.75,fvf_h3_gate_res_norm_mod,norm_elementwise,3.8952,2
26.75,fvf_merge_heads_mx,layout_copy,2.7106,1
26.75,fvf_split_heads_rows,layout_copy,3.187,4
26.75,h3_qk_norm_rope,norm_elementwise,21.1092,4
26.75,h3_res_gate_norm_mod,norm_elementwise,4.1464,2
26.75,h3_swiglu_mx,norm_elementwise,11.1014,20
26.75,index_select_rows,layout_copy,0.0156,1
26.75,memcpy HtoD,copies_memset,0.0054,1
26.75,memset,copies_memset,0.09,43
26.75,mx_binary,norm_elementwise,0.0371,2
26.75,mx_block_copy,layout_copy,7.5004,40
26.75,mxfp8_quantize,cast_quant,6.1309,22
26.75,nvjet_sm100_qqtst_128x256_128x6_2x1_2cta_v_bz_Avec32UE8M0_Bvec32UE8M0_TNT,gemm,27.6589,23
26.75,nvjet_sm100_qqtst_256x128_128x5_2x2f_2cta_h_bz_Avec32UE8M0_Bvec32UE8M0_TNT,gemm,7.7139,20
26.75,nvjet_sm100_tst_128x256_64x6_2x1_2cta_v_bz_TNT,gemm,6.9758,2
26.75,softmax_last,attention,0.882,2
26.75,vsa_combine,attention,3.7464,1
26.75,vsa_mma_attn_tma2,attention,161.8897,2
26.75,vsa_tile_mean,attention,5.2402,6
26.75,vsa_tile_qkv,attention,19.0099,6
26.75,vsa_topk2,attention,2.0562,2
27.0,bcast_binary,norm_elementwise,0.4315,1
27.0,block_copy,layout_copy,0.0852,6
27.0,cast_bf16_f32_bias_act,cast_quant,0.0174,2
27.0,cast_f32_bf16,cast_quant,7.5799,10
27.0,cutlass3x_sm100_simt_sgemm_f32_f32_f32_f32_f32_128x64x16_1x1x1_3_nnn_align1_bias_f32_relu,gemm,0.5373,1
27.0,cutlass3x_sm100_simt_sgemm_f32_f32_f32_f32_f32_64x32x16_1x1x1_3_tnn_align1_bias_f32_relu,gemm,0.776,1
27.0,fa_dc100_fwd_d128,attention,2.3662,2
27.0,fill_f,layout_copy,1.6861,2
27.0,fvf_h3_gate_res_norm_mod,norm_elementwise,1.8997,1
27.0,fvf_merge_heads_mx,layout_copy,5.4003,2
27.0,fvf_split_heads_rows,layout_copy,1.5773,2
27.0,h3_qk_norm_rope,norm_elementwise,10.3767,2
27.0,h3_res_gate_norm_mod,norm_elementwise,4.1191,2
27.0,h3_swiglu_mx,norm_elementwise,10.3048,18
27.0,index_select_rows,layout_copy,0.0308,2
27.0,memcpy HtoD,copies_memset,0.0112,2
27.0,memset,copies_memset,0.085,40
27.0,mx_binary,norm_elementwise,0.0733,4
27.0,mx_block_copy,layout_copy,5.5432,29
27.0,mxfp8_quantize,cast_quant,4.5339,20
27.0,nvjet_sm100_qqtst_128x256_128x6_2x1_2cta_v_bz_Avec32UE8M0_Bvec32UE8M0_TNT,gemm,23.5909,22
27.0,nvjet_sm100_qqtst_256x128_128x5_2x2f_2cta_h_bz_Avec32UE8M0_Bvec32UE8M0_TNT,gemm,7.1645,18
27.0,nvjet_sm100_tst_128x256_64x6_2x1_2cta_v_bz_TNT,gemm,3.5502,1
27.0,softmax_last,attention,0.4342,1
27.0,vsa_combine,attention,7.4666,2
27.0,vsa_mma_attn_tma2,attention,80.4686,1
27.0,vsa_tile_mean,attention,2.5843,3
27.0,vsa_tile_qkv,attention,9.3611,3
27.0,vsa_topk2,attention,1.0073,1
27.25,bcast_binary,norm_elementwise,0.8699,2
27.25,block_copy,layout_copy,0.0422,3
27.25,cast_bf16_f32_bias_act,cast_quant,0.0087,1
27.25,cast_f32_bf16,cast_quant,3.7899,5
27.25,cutlass3x_sm100_simt_sgemm_f32_f32_f32_f32_f32_128x64x16_1x1x1_3_nnn_align1_bias_f32_relu,gemm,1.0652,2
27.25,cutlass3x_sm100_simt_sgemm_f32_f32_f32_f32_f32_64x32x16_1x1x1_3_tnn_align1_bias_f32_relu,gemm,1.4871,2
27.25,fa_dc100_fwd_d128,attention,1.1754,1
27.25,fill_f,layout_copy,3.3945,4
27.25,fvf_h3_gate_res_norm_mod,norm_elementwise,3.8287,2
27.25,fvf_merge_heads_mx,layout_copy,2.6989,1
27.25,fvf_split_heads_rows,layout_copy,3.1025,4
27.25,h3_qk_norm_rope,norm_elementwise,20.4038,4
27.25,h3_res_gate_norm_mod,norm_elementwise,2.0661,1
27.25,h3_swiglu_mx,norm_elementwise,6.329,12
27.25,index_select_rows,layout_copy,0.0154,1
27.25,memcpy HtoD,copies_memset,0.0052,1
27.25,memset,copies_memset,0.0559,26
27.25,mx_binary,norm_elementwise,0.037,2
27.25,mx_block_copy,layout_copy,5.6232,31
27.25,mxfp8_quantize,cast_quant,4.5688,13
27.25,nvjet_sm100_qqtst_128x256_128x6_2x1_2cta_v_bz_Avec32UE8M0_Bvec32UE8M0_TNT,gemm,20.7925,14
27.25,nvjet_sm100_qqtst_256x128_128x5_2x2f_2cta_h_bz_Avec32UE8M0_Bvec32UE8M0_TNT,gemm,4.3892,12
27.25,nvjet_sm100_tst_128x256_64x6_2x1_2cta_v_bz_TNT,gemm,7.0344,2
27.25,softmax_last,attention,0.8472,2
27.25,vsa_combine,attention,3.7323,1
27.25,vsa_mma_attn_tma2,attention,162.5968,2
27.25,vsa_tile_mean,attention,5.0507,6
27.25,vsa_tile_qkv,attention,19.019,6
27.25,vsa_topk2,attention,2.0414,2
27.5,bcast_binary,norm_elementwise,0.4346,1
27.5,block_copy,layout_copy,0.0844,6
27.5,cast_bf16_f32_bias_act,cast_quant,0.0174,2
27.5,cast_f32_bf16,cast_quant,7.5877,10
27.5,cutlass3x_sm100_simt_sgemm_f32_f32_f32_f32_f32_128x64x16_1x1x1_3_nnn_align1_bias_f32_relu,gemm,0.5438,1
27.5,cutlass3x_sm100_simt_sgemm_f32_f32_f32_f32_f32_64x32x16_1x1x1_3_tnn_align1_bias_f32_relu,gemm,0.7813,1
27.5,fa_dc100_fwd_d128,attention,2.3739,2
27.5,fill_f,layout_copy,1.7021,2
27.5,fvf_h3_gate_res_norm_mod,norm_elementwise,3.9629,2
27.5,fvf_merge_heads_mx,layout_copy,5.4102,2
27.5,fvf_split_heads_rows,layout_copy,1.5863,2
27.5,h3_qk_norm_rope,norm_elementwise,15.7829,3
27.5,h3_res_gate_norm_mod,norm_elementwise,4.1432,2
27.5,h3_swiglu_mx,norm_elementwise,11.1734,20
27.5,index_select_rows,layout_copy,0.0308,2
27.5,memcpy HtoD,copies_memset,0.0106,2
27.5,memset,copies_memset,0.0946,44
27.5,mx_binary,norm_elementwise,0.0729,4
27.5,mx_block_copy,layout_copy,7.5544,40
27.5,mxfp8_quantize,cast_quant,6.1934,22
27.5,nvjet_sm100_qqtst_128x256_128x6_2x1_2cta_v_bz_Avec32UE8M0_Bvec32UE8M0_TNT,gemm,29.5372,24
27.5,nvjet_sm100_qqtst_256x128_128x5_2x2f_2cta_h_bz_Avec32UE8M0_Bvec32UE8M0_TNT,gemm,7.7326,20
27.5,nvjet_sm100_tst_128x256_64x6_2x1_2cta_v_bz_TNT,gemm,7.0269,2
27.5,softmax_last,attention,0.4378,1
27.5,vsa_combine,attention,7.4778,2
27.5,vsa_mma_attn_tma2,attention,80.8269,1
27.5,vsa_tile_mean,attention,2.6047,3
27.5,vsa_tile_qkv,attention,9.4787,3
27.5,vsa_topk2,attention,1.021,1
27.75,bcast_binary,norm_elementwise,0.8757,2
27.75,block_copy,layout_copy,0.0428,3
27.75,cast_bf16_f32_bias_act,cast_quant,0.0086,1
27.75,cast_f32_bf16,cast_quant,3.7999,5
27.75,cutlass3x_sm100_simt_sgemm_f32_f32_f32_f32_f32_128x64x16_1x1x1_3_nnn_align1_bias_f32_relu,gemm,1.0866,2
27.75,cutlass3x_sm100_simt_sgemm_f32_f32_f32_f32_f32_64x32x16_1x1x1_3_tnn_align1_bias_f32_relu,gemm,1.5612,2
27.75,fa_dc100_fwd_d128,attention,1.1937,1
27.75,fill_f,layout_copy,3.3737,4
27.75,fvf_h3_gate_res_norm_mod,norm_elementwise,1.9781,1
27.75,fvf_merge_heads_mx,layout_copy,2.7095,1
27.75,fvf_split_heads_rows,layout_copy,3.1852,4
27.75,h3_qk_norm_rope,norm_elementwise,16.0462,3
27.75,h3_res_gate_norm_mod,norm_elementwise,2.0757,1
27.75,h3_swiglu_mx,norm_elementwise,5.5946,10
27.75,index_select_rows,layout_copy,0.0154,1
27.75,memcpy HtoD,copies_memset,0.0059,1
27.75,memset,copies_memset,0.0476,22
27.75,mx_binary,norm_elementwise,0.0366,2
27.75,mx_block_copy,layout_copy,3.7781,20
27.75,mxfp8_quantize,cast_quant,3.1045,11
27.75,nvjet_sm100_qqtst_128x256_128x6_2x1_2cta_v_bz_Avec32UE8M0_Bvec32UE8M0_TNT,gemm,14.7467,12
27.75,nvjet_sm100_qqtst_256x128_128x5_2x2f_2cta_h_bz_Avec32UE8M0_Bvec32UE8M0_TNT,gemm,3.8608,10
27.75,nvjet_sm100_tst_128x256_64x6_2x1_2cta_v_bz_TNT,gemm,3.5032,1
27.75,softmax_last,attention,0.8797,2
27.75,vsa_combine,attention,3.7451,1
27.75,vsa_mma_attn_tma2,attention,161.8295,2
27.75,vsa_tile_mean,attention,5.2369,6
27.75,vsa_tile_qkv,attention,19.014,6
27.75,vsa_topk2,attention,2.0569,2
28.0,bcast_binary,norm_elementwise,0.8661,2
28.0,block_copy,layout_copy,0.0851,6
28.0,cast_bf16_f32_bias_act,cast_quant,0.0175,2
28.0,cast_f32_bf16,cast_quant,7.5801,10
28.0,cutlass3x_sm100_simt_sgemm_f32_f32_f32_f32_f32_128x64x16_1x1x1_3_nnn_align1_bias_f32_relu,gemm,1.08,2
28.0,cutlass3x_sm100_simt_sgemm_f32_f32_f32_f32_f32_64x32x16_1x1x1_3_tnn_align1_bias_f32_relu,gemm,1.5256,2
28.0,fa_dc100_fwd_d128,attention,2.3534,2
28.0,fill_f,layout_copy,2.5018,3
28.0,fvf_h3_gate_res_norm_mod,norm_elementwise,3.7966,2
28.0,fvf_merge_heads_mx,layout_copy,5.3991,2
28.0,fvf_split_heads_rows,layout_copy,3.0938,4
28.0,h3_qk_norm_rope,norm_elementwise,21.2545,4
28.0,h3_res_gate_norm_mod,norm_elementwise,4.1384,2
28.0,h3_swiglu_mx,norm_elementwise,11.1082,20
28.0,index_select_rows,layout_copy,0.0311,2
28.0,memcpy HtoD,copies_memset,0.0113,2
28.0,memset,copies_memset,0.0951,44
28.0,mx_binary,norm_elementwise,0.0733,4
28.0,mx_block_copy,layout_copy,7.4258,40
28.0,mxfp8_quantize,cast_quant,6.1437,22
28.0,nvjet_sm100_qqtst_128x256_128x6_2x1_2cta_v_bz_Avec32UE8M0_Bvec32UE8M0_TNT,gemm,29.6275,24
28.0,nvjet_sm100_qqtst_256x128_128x5_2x2f_2cta_h_bz_Avec32UE8M0_Bvec32UE8M0_TNT,gemm,7.7089,20
28.0,nvjet_sm100_tst_128x256_64x6_2x1_2cta_v_bz_TNT,gemm,7.0754,2
28.0,softmax_last,attention,0.8709,2
28.0,vsa_combine,attention,7.4693,2
28.0,vsa_mma_attn_tma2,attention,80.442,1
28.0,vsa_tile_mean,attention,5.0848,6
28.0,vsa_tile_qkv,attention,15.8647,5
28.0,vsa_topk2,attention,2.0284,2
28.25,bcast_binary,norm_elementwise,0.425,1
28.25,block_copy,layout_copy,0.0425,3
28.25,cast_bf16_f32_bias_act,cast_quant,0.0087,1
28.25,cast_f32_bf16,cast_quant,3.7867,5
28.25,cutlass3x_sm100_simt_sgemm_f32_f32_f32_f32_f32_128x64x16_1x1x1_3_nnn_align1_bias_f32_relu,gemm,0.5227,1
28.25,cutlass3x_sm100_simt_sgemm_f32_f32_f32_f32_f32_64x32x16_1x1x1_3_tnn_align1_bias_f32_relu,gemm,0.7525,1
28.25,fa_dc100_fwd_d128,attention,1.1638,1
28.25,fill_f,layout_copy,2.6276,3
28.25,fvf_h3_gate_res_norm_mod,norm_elementwise,1.8924,1
28.25,fvf_merge_heads_mx,layout_copy,2.6994,1
28.25,fvf_split_heads_rows,layout_copy,1.5608,2
28.25,h3_qk_norm_rope,norm_elementwise,10.8633,2
28.25,h3_res_gate_norm_mod,norm_elementwise,2.064,1
28.25,h3_swiglu_mx,norm_elementwise,5.5569,10
28.25,index_select_rows,layout_copy,0.0155,1
28.25,memcpy HtoD,copies_memset,0.0061,1
28.25,memset,copies_memset,0.0476,22
28.25,mx_binary,norm_elementwise,0.0366,2
28.25,mx_block_copy,layout_copy,3.7111,20
28.25,mxfp8_quantize,cast_quant,3.0179,11
28.25,nvjet_sm100_qqtst_128x256_128x6_2x1_2cta_v_bz_Avec32UE8M0_Bvec32UE8M0_TNT,gemm,14.8961,12
28.25,nvjet_sm100_qqtst_256x128_128x5_2x2f_2cta_h_bz_Avec32UE8M0_Bvec32UE8M0_TNT,gemm,3.8622,10
28.25,nvjet_sm100_tst_128x256_64x6_2x1_2cta_v_bz_TNT,gemm,3.5872,1
28.25,softmax_last,attention,0.4277,1
28.25,vsa_combine,attention,7.4636,2
28.25,vsa_mma_attn_tma2,attention,161.2548,2
28.25,vsa_tile_mean,attention,2.5473,3
28.25,vsa_tile_qkv,attention,12.7292,4
28.25,vsa_topk2,attention,0.9869,1
28.5,bcast_binary,norm_elementwise,0.8615,2
28.5,block_copy,layout_copy,0.0849,6
28.5,cast_bf16_f32_bias_act,cast_quant,0.0174,2
28.5,cast_f32_bf16,cast_quant,7.5863,10
28.5,cutlass3x_sm100_simt_sgemm_f32_f32_f32_f32_f32_128x64x16_1x1x1_3_nnn_align1_bias_f32_relu,gemm,1.0669,2
28.5,cutlass3x_sm100_simt_sgemm_f32_f32_f32_f32_f32_64x32x16_1x1x1_3_tnn_align1_bias_f32_relu,gemm,1.5362,2
28.5,fa_dc100_fwd_d128,attention,2.3521,2
28.5,fill_f,layout_copy,3.4134,4
28.5,fvf_h3_gate_res_norm_mod,norm_elementwise,3.8736,2
28.5,fvf_merge_heads_mx,layout_copy,5.4091,2
28.5,fvf_split_heads_rows,layout_copy,3.1494,4
28.5,h3_qk_norm_rope,norm_elementwise,21.623,4
28.5,h3_res_gate_norm_mod,norm_elementwise,4.1318,2
28.5,h3_swiglu_mx,norm_elementwise,11.1599,20
28.5,index_select_rows,layout_copy,0.0313,2
28.5,memcpy HtoD,copies_memset,0.0112,2
28.5,memset,copies_memset,0.0936,44
28.5,mx_binary,norm_elementwise,0.0731,4
28.5,mx_block_copy,layout_copy,7.4653,40
28.5,mxfp8_quantize,cast_quant,6.1274,22
28.5,nvjet_sm100_qqtst_128x256_128x6_2x1_2cta_v_bz_Avec32UE8M0_Bvec32UE8M0_TNT,gemm,29.7543,24
28.5,nvjet_sm100_qqtst_256x128_128x5_2x2f_2cta_h_bz_Avec32UE8M0_Bvec32UE8M0_TNT,gemm,7.7565,20
28.5,nvjet_sm100_tst_128x256_64x6_2x1_2cta_v_bz_TNT,gemm,7.1119,2
28.5,softmax_last,attention,0.8676,2
28.5,vsa_combine,attention,3.7435,1
28.5,vsa_mma_attn_tma2,attention,161.6843,2
28.5,vsa_tile_mean,attention,5.1575,6
28.5,vsa_tile_qkv,attention,18.9619,6
28.5,vsa_topk2,attention,2.0101,2
28.75,bcast_binary,norm_elementwise,0.4059,1
28.75,block_copy,layout_copy,0.0852,6
28.75,cast_bf16_f32_bias_act,cast_quant,0.0172,2
28.75,cast_f32_bf16,cast_quant,7.5928,10
28.75,cutlass3x_sm100_simt_sgemm_f32_f32_f32_f32_f32_128x64x16_1x1x1_3_nnn_align1_bias_f32_relu,gemm,0.5413,1
28.75,cutlass3x_sm100_simt_sgemm_f32_f32_f32_f32_f32_64x32x16_1x1x1_3_tnn_align1_bias_f32_relu,gemm,0.7101,1
28.75,fa_dc100_fwd_d128,attention,2.3491,2
28.75,fill_f,layout_copy,1.6315,2
28.75,fvf_h3_gate_res_norm_mod,norm_elementwise,1.8932,1
28.75,fvf_merge_heads_mx,layout_copy,5.408,2
28.75,fvf_split_heads_rows,layout_copy,1.506,2
28.75,h3_qk_norm_rope,norm_elementwise,10.0468,2
28.75,h3_res_gate_norm_mod,norm_elementwise,4.1206,2
28.75,h3_swiglu_mx,norm_elementwise,7.9571,14
28.75,index_select_rows,layout_copy,0.031,2
28.75,memcpy HtoD,copies_memset,0.0112,2
28.75,memset,copies_memset,0.0676,31
28.75,mx_binary,norm_elementwise,0.0735,4
28.75,mx_block_copy,layout_copy,4.5236,24
28.75,mxfp8_quantize,cast_quant,3.6893,15
28.75,nvjet_sm100_qqtst_128x256_128x6_2x1_2cta_v_bz_Avec32UE8M0_Bvec32UE8M0_TNT,gemm,19.936,17
28.75,nvjet_sm100_qqtst_256x128_128x5_2x2f_2cta_h_bz_Avec32UE8M0_Bvec32UE8M0_TNT,gemm,5.1184,13
28.75,nvjet_sm100_tst_128x256_64x6_2x1_2cta_v_bz_TNT,gemm,3.5966,1
28.75,softmax_last,attention,0.4101,1
28.75,vsa_combine,attention,7.5058,2
28.75,vsa_mma_attn_tma2,attention,80.5741,1
28.75,vsa_tile_mean,attention,2.4312,3
28.75,vsa_tile_qkv,attention,9.2658,3
28.75,vsa_topk2,attention,0.9287,1
29.0,bcast_binary,norm_elementwise,0.8616,2
29.0,block_copy,layout_copy,0.0425,3
29.0,cast_bf16_f32_bias_act,cast_quant,0.0086,1
29.0,cast_f32_bf16,cast_quant,3.79,5
29.0,cutlass3x_sm100_simt_sgemm_f32_f32_f32_f32_f32_128x64x16_1x1x1_3_nnn_align1_bias_f32_relu,gemm,1.0666,2
29.0,cutlass3x_sm100_simt_sgemm_f32_f32_f32_f32_f32_64x32x16_1x1x1_3_tnn_align1_bias_f32_relu,gemm,1.536,2
29.0,fa_dc100_fwd_d128,attention,1.1683,1
29.0,fill_f,layout_copy,3.439,4
29.0,fvf_h3_gate_res_norm_mod,norm_elementwise,3.8441,2
29.0,fvf_merge_heads_mx,layout_copy,2.6993,1
29.0,fvf_split_heads_rows,layout_copy,3.1501,4
29.0,h3_qk_norm_rope,norm_elementwise,22.0564,4
29.0,h3_res_gate_norm_mod,norm_elementwise,2.0619,1
29.0,h3_swiglu_mx,norm_elementwise,8.7422,16
29.0,index_select_rows,layout_copy,0.0153,1
29.0,memcpy HtoD,copies_memset,0.0052,1
29.0,memset,copies_memset,0.0743,35
29.0,mx_binary,norm_elementwise,0.0364,2
29.0,mx_block_copy,layout_copy,6.622,36
29.0,mxfp8_quantize,cast_quant,5.448,18
29.0,nvjet_sm100_qqtst_128x256_128x6_2x1_2cta_v_bz_Avec32UE8M0_Bvec32UE8M0_TNT,gemm,24.8052,19
29.0,nvjet_sm100_qqtst_256x128_128x5_2x2f_2cta_h_bz_Avec32UE8M0_Bvec32UE8M0_TNT,gemm,6.4881,17
29.0,nvjet_sm100_tst_128x256_64x6_2x1_2cta_v_bz_TNT,gemm,7.1621,2
29.0,softmax_last,attention,0.8661,2
29.0,vsa_combine,attention,3.734,1
29.0,vsa_mma_attn_tma2,attention,160.9257,2
29.0,vsa_tile_mean,attention,5.1568,6
29.0,vsa_tile_qkv,attention,19.2413,6
29.0,vsa_topk2,attention,2.0126,2
29.25,bcast_binary,norm_elementwise,0.4276,1
29.25,block_copy,layout_copy,0.085,6
29.25,cast_bf16_f32_bias_act,cast_quant,0.0173,2
29.25,cast_f32_bf16,cast_quant,7.5757,10
29.25,cutlass3x_sm100_simt_sgemm_f32_f32_f32_f32_f32_128x64x16_1x1x1_3_nnn_align1_bias_f32_relu,gemm,0.5275,1
29.25,cutlass3x_sm100_simt_sgemm_f32_f32_f32_f32_f32_64x32x16_1x1x1_3_tnn_align1_bias_f32_relu,gemm,0.7585,1
29.25,fa_dc100_fwd_d128,attention,2.3297,2
29.25,fill_f,layout_copy,1.6763,2
29.25,fvf_h3_gate_res_norm_mod,norm_elementwise,3.7853,2
29.25,fvf_merge_heads_mx,layout_copy,5.3988,2
29.25,fvf_split_heads_rows,layout_copy,1.543,2
29.25,h3_qk_norm_rope,norm_elementwise,10.1103,2
29.25,h3_res_gate_norm_mod,norm_elementwise,4.1338,2
29.25,h3_swiglu_mx,norm_elementwise,11.1375,20
29.25,index_select_rows,layout_copy,0.0311,2
29.25,memcpy HtoD,copies_memset,0.0104,2
29.25,memset,copies_memset,0.095,44
29.25,mx_binary,norm_elementwise,0.0729,4
29.25,mx_block_copy,layout_copy,7.4266,40
29.25,mxfp8_quantize,cast_quant,6.0373,22
29.25,nvjet_sm100_qqtst_128x256_128x6_2x1_2cta_v_bz_Avec32UE8M0_Bvec32UE8M0_TNT,gemm,29.9332,24
29.25,nvjet_sm100_qqtst_256x128_128x5_2x2f_2cta_h_bz_Avec32UE8M0_Bvec32UE8M0_TNT,gemm,7.7364,20
29.25,nvjet_sm100_tst_128x256_64x6_2x1_2cta_v_bz_TNT,gemm,3.6523,1
29.25,softmax_last,attention,0.4303,1
29.25,vsa_combine,attention,7.4725,2
29.25,vsa_mma_attn_tma2,attention,80.2601,1
29.25,vsa_tile_mean,attention,2.5603,3
29.25,vsa_tile_qkv,attention,9.4042,3
29.25,vsa_topk2,attention,0.9966,1
29.5,bcast_binary,norm_elementwise,0.849,2
29.5,block_copy,layout_copy,0.0426,3
29.5,cast_bf16_f32_bias_act,cast_quant,0.0087,1
29.5,cast_f32_bf16,cast_quant,3.7956,5
29.5,cutlass3x_sm100_simt_sgemm_f32_f32_f32_f32_f32_128x64x16_1x1x1_3_nnn_align1_bias_f32_relu,gemm,1.0955,2
29.5,cutlass3x_sm100_simt_sgemm_f32_f32_f32_f32_f32_64x32x16_1x1x1_3_tnn_align1_bias_f32_relu,gemm,1.5076,2
29.5,fa_dc100_fwd_d128,attention,1.1723,1
29.5,fill_f,layout_copy,3.3614,4
29.5,fvf_h3_gate_res_norm_mod,norm_elementwise,1.8924,1
29.5,fvf_merge_heads_mx,layout_copy,2.71,1
29.5,fvf_split_heads_rows,layout_copy,3.0994,4
29.5,h3_qk_norm_rope,norm_elementwise,20.1785,4
29.5,h3_res_gate_norm_mod,norm_elementwise,2.0686,1
29.5,h3_swiglu_mx,norm_elementwise,5.5683,10
29.5,index_select_rows,layout_copy,0.0153,1
29.5,memcpy HtoD,copies_memset,0.0052,1
29.5,memset,copies_memset,0.0471,22
29.5,mx_binary,norm_elementwise,0.0369,2
29.5,mx_block_copy,layout_copy,3.7127,20
29.5,mxfp8_quantize,cast_quant,3.0198,11
29.5,nvjet_sm100_qqtst_128x256_128x6_2x1_2cta_v_bz_Avec32UE8M0_Bvec32UE8M0_TNT,gemm,14.9748,12
29.5,nvjet_sm100_qqtst_256x128_128x5_2x2f_2cta_h_bz_Avec32UE8M0_Bvec32UE8M0_TNT,gemm,3.8754,10
29.5,nvjet_sm100_tst_128x256_64x6_2x1_2cta_v_bz_TNT,gemm,7.3051,2
29.5,softmax_last,attention,0.8549,2
29.5,vsa_combine,attention,3.7476,1
29.5,vsa_mma_attn_tma2,attention,161.7891,2
29.5,vsa_tile_mean,attention,5.0642,6
29.5,vsa_tile_qkv,attention,18.8638,6
29.5,vsa_topk2,attention,1.9785,2
29.75,bcast_binary,norm_elementwise,0.4344,1
29.75,block_copy,layout_copy,0.0847,6
29.75,cast_bf16_f32_bias_act,cast_quant,0.0174,2
29.75,cast_f32_bf16,cast_quant,7.58,10
29.75,cutlass3x_sm100_simt_sgemm_f32_f32_f32_f32_f32_128x64x16_1x1x1_3_nnn_align1_bias_f32_relu,gemm,0.5392,1
29.75,cutlass3x_sm100_simt_sgemm_f32_f32_f32_f32_f32_64x32x16_1x1x1_3_tnn_align1_bias_f32_relu,gemm,0.775,1
29.75,fa_dc100_fwd_d128,attention,2.3278,2
29.75,fill_f,layout_copy,1.693,2
29.75,fvf_h3_gate_res_norm_mod,norm_elementwise,3.7851,2
29.75,fvf_merge_heads_mx,layout_copy,5.3991,2
29.75,fvf_split_heads_rows,layout_copy,3.1317,4
29.75,h3_qk_norm_rope,norm_elementwise,21.138,4
29.75,h3_res_gate_norm_mod,norm_elementwise,4.132,2
29.75,h3_swiglu_mx,norm_elementwise,11.1437,20
29.75,index_select_rows,layout_copy,0.0307,2
29.75,memcpy HtoD,copies_memset,0.012,2
29.75,memset,copies_memset,0.0947,44
29.75,mx_binary,norm_elementwise,0.0728,4
29.75,mx_block_copy,layout_copy,7.4294,40
29.75,mxfp8_quantize,cast_quant,6.0369,22
29.75,nvjet_sm100_qqtst_128x256_128x6_2x1_2cta_v_bz_Avec32UE8M0_Bvec32UE8M0_TNT,gemm,29.9204,24
29.75,nvjet_sm100_qqtst_256x128_128x5_2x2f_2cta_h_bz_Avec32UE8M0_Bvec32UE8M0_TNT,gemm,7.7436,20
29.75,nvjet_sm100_tst_128x256_64x6_2x1_2cta_v_bz_TNT,gemm,7.2619,2
29.75,softmax_last,attention,0.4367,1
29.75,vsa_combine,attention,7.4674,2
29.75,vsa_mma_attn_tma2,attention,80.6907,1
29.75,vsa_tile_mean,attention,4.3194,5
29.75,vsa_tile_qkv,attention,9.4639,3
29.75,vsa_topk2,attention,1.0185,1
30.0,bcast_binary,norm_elementwise,0.868,2
30.0,block_copy,layout_copy,0.0424,3
30.0,cast_bf16_f32_bias_act,cast_quant,0.0085,1
30.0,cast_f32_bf16,cast_quant,3.789,5
30.0,cutlass3x_sm100_simt_sgemm_f32_f32_f32_f32_f32_128x64x16_1x1x1_3_nnn_align1_bias_f32_relu,gemm,1.0797,2
30.0,cutlass3x_sm100_simt_sgemm_f32_f32_f32_f32_f32_64x32x16_1x1x1_3_tnn_align1_bias_f32_relu,gemm,1.5555,2
30.0,fa_dc100_fwd_d128,attention,1.1654,1
30.0,fill_f,layout_copy,3.4776,4
30.0,fvf_h3_gate_res_norm_mod,norm_elementwise,1.893,1
30.0,fvf_merge_heads_mx,layout_copy,2.6996,1
30.0,fvf_split_heads_rows,layout_copy,1.5774,2
30.0,h3_qk_norm_rope,norm_elementwise,11.0214,2
30.0,h3_res_gate_norm_mod,norm_elementwise,2.0635,1
30.0,h3_swiglu_mx,norm_elementwise,5.5707,10
30.0,index_select_rows,layout_copy,0.0151,1
30.0,memcpy HtoD,copies_memset,0.0053,1
30.0,memset,copies_memset,0.0468,22
30.0,mx_binary,norm_elementwise,0.0364,2
30.0,mx_block_copy,layout_copy,3.7138,20
30.0,mxfp8_quantize,cast_quant,3.0164,11
30.0,nvjet_sm100_qqtst_128x256_128x6_2x1_2cta_v_bz_Avec32UE8M0_Bvec32UE8M0_TNT,gemm,14.9708,12
30.0,nvjet_sm100_qqtst_256x128_128x5_2x2f_2cta_h_bz_Avec32UE8M0_Bvec32UE8M0_TNT,gemm,3.8639,10
30.0,nvjet_sm100_tst_128x256_64x6_2x1_2cta_v_bz_TNT,gemm,3.6794,1
30.0,softmax_last,attention,0.8734,2
30.0,vsa_combine,attention,3.731,1
30.0,vsa_mma_attn_tma2,attention,161.7541,2
30.0,vsa_tile_mean,attention,3.4553,4
30.0,vsa_tile_qkv,attention,19.3999,6
30.0,vsa_topk2,attention,2.0376,2
30.25,bcast_binary,norm_elementwise,0.8386,2
30.25,block_copy,layout_copy,0.0847,6
30.25,cast_bf16_f32_bias_act,cast_quant,0.0172,2
30.25,cast_f32_bf16,cast_quant,7.5832,10
30.25,cutlass3x_sm100_simt_sgemm_f32_f32_f32_f32_f32_128x64x16_1x1x1_3_nnn_align1_bias_f32_relu,gemm,1.074,2
30.25,cutlass3x_sm100_simt_sgemm_f32_f32_f32_f32_f32_64x32x16_1x1x1_3_tnn_align1_bias_f32_relu,gemm,1.4801,2
30.25,fa_dc100_fwd_d128,attention,2.3346,2
30.25,fill_f,layout_copy,3.3739,4
30.25,fvf_h3_gate_res_norm_mod,norm_elementwise,3.9047,2
30.25,fvf_merge_heads_mx,layout_copy,5.4102,2
30.25,fvf_split_heads_rows,layout_copy,3.0932,4
30.25,h3_qk_norm_rope,norm_elementwise,20.9201,4
30.25,h3_res_gate_norm_mod,norm_elementwise,4.1402,2
30.25,h3_swiglu_mx,norm_elementwise,11.1769,20
30.25,index_select_rows,layout_copy,0.031,2
30.25,memcpy HtoD,copies_memset,0.0111,2
30.25,memset,copies_memset,0.0945,44
30.25,mx_binary,norm_elementwise,0.0734,4
30.25,mx_block_copy,layout_copy,7.5177,40
30.25,mxfp8_quantize,cast_quant,6.1545,22
30.25,nvjet_sm100_qqtst_128x256_128x6_2x1_2cta_v_bz_Avec32UE8M0_Bvec32UE8M0_TNT,gemm,29.754,24
30.25,nvjet_sm100_qqtst_256x128_128x5_2x2f_2cta_h_bz_Avec32UE8M0_Bvec32UE8M0_TNT,gemm,7.7246,20
30.25,nvjet_sm100_tst_128x256_64x6_2x1_2cta_v_bz_TNT,gemm,7.272,2
30.25,softmax_last,attention,0.8453,2
30.25,vsa_combine,attention,7.4765,2
30.25,vsa_mma_attn_tma2,attention,160.6597,2
30.25,vsa_tile_mean,attention,5.0339,6
30.25,vsa_tile_qkv,attention,18.8146,6
30.25,vsa_topk2,attention,2.0122,2
30.5,bcast_binary,norm_elementwise,0.4388,1
30.5,block_copy,layout_copy,0.0856,6
30.5,cast_bf16_f32_bias_act,cast_quant,0.0174,2
30.5,cast_f32_bf16,cast_quant,7.5876,10
30.5,cutlass3x_sm100_simt_sgemm_f32_f32_f32_f32_f32_128x64x16_1x1x1_3_nnn_align1_bias_f32_relu,gemm,0.5476,1
30.5,cutlass3x_sm100_simt_sgemm_f32_f32_f32_f32_f32_64x32x16_1x1x1_3_tnn_align1_bias_f32_relu,gemm,0.7898,1
30.5,fa_dc100_fwd_d128,attention,2.3261,2
30.5,fill_f,layout_copy,1.7118,2
30.5,fvf_h3_gate_res_norm_mod,norm_elementwise,1.892,1
30.5,fvf_merge_heads_mx,layout_copy,5.4092,2
30.5,fvf_split_heads_rows,layout_copy,1.5721,2
30.5,h3_qk_norm_rope,norm_elementwise,10.1197,2
30.5,h3_res_gate_norm_mod,norm_elementwise,2.068,1
30.5,h3_swiglu_mx,norm_elementwise,5.5539,10
30.5,index_select_rows,layout_copy,0.0307,2
30.5,memcpy HtoD,copies_memset,0.0111,2
30.5,memset,copies_memset,0.0514,23
30.5,mx_binary,norm_elementwise,0.0729,4
30.5,mx_block_copy,layout_copy,3.7084,20
30.5,mxfp8_quantize,cast_quant,3.0159,11
30.5,nvjet_sm100_qqtst_128x256_128x6_2x1_2cta_v_bz_Avec32UE8M0_Bvec32UE8M0_TNT,gemm,16.7823,13
30.5,nvjet_sm100_qqtst_256x128_128x5_2x2f_2cta_h_bz_Avec32UE8M0_Bvec32UE8M0_TNT,gemm,3.8373,10
30.5,nvjet_sm100_tst_128x256_64x6_2x1_2cta_v_bz_TNT,gemm,3.6744,1
30.5,softmax_last,attention,0.4418,1
30.5,vsa_combine,attention,7.4759,2
30.5,vsa_mma_attn_tma2,attention,81.6204,1
30.5,vsa_tile_mean,attention,2.6269,3
30.5,vsa_tile_qkv,attention,9.4976,3
30.5,vsa_topk2,attention,1.036,1
30.75,bcast_binary,norm_elementwise,0.8349,2
30.75,block_copy,layout_copy,0.0424,3
30.75,cast_bf16_f32_bias_act,cast_quant,0.0087,1
30.75,cast_f32_bf16,cast_quant,3.7867,5
30.75,cutlass3x_sm100_simt_sgemm_f32_f32_f32_f32_f32_128x64x16_1x1x1_3_nnn_align1_bias_f32_relu,gemm,1.0678,2
30.75,cutlass3x_sm100_simt_sgemm_f32_f32_f32_f32_f32_64x32x16_1x1x1_3_tnn_align1_bias_f32_relu,gemm,1.4717,2
30.75,fa_dc100_fwd_d128,attention,1.1635,1
30.75,fill_f,layout_copy,3.326,4
30.75,fvf_h3_gate_res_norm_mod,norm_elementwise,3.792,2
30.75,fvf_merge_heads_mx,layout_copy,2.6996,1
30.75,fvf_split_heads_rows,layout_copy,3.089,4
30.75,h3_qk_norm_rope,norm_elementwise,21.107,4
30.75,h3_res_gate_norm_mod,norm_elementwise,4.1515,2
30.75,h3_swiglu_mx,norm_elementwise,11.1086,20
30.75,index_select_rows,layout_copy,0.0155,1
30.75,memcpy HtoD,copies_memset,0.006,1
30.75,memset,copies_memset,0.0905,43
30.75,mx_binary,norm_elementwise,0.0365,2
30.75,mx_block_copy,layout_copy,7.4208,40
30.75,mxfp8_quantize,cast_quant,6.119,22
30.75,nvjet_sm100_qqtst_128x256_128x6_2x1_2cta_v_bz_Avec32UE8M0_Bvec32UE8M0_TNT,gemm,28.0124,23
30.75,nvjet_sm100_qqtst_256x128_128x5_2x2f_2cta_h_bz_Avec32UE8M0_Bvec32UE8M0_TNT,gemm,7.6844,20
30.75,nvjet_sm100_tst_128x256_64x6_2x1_2cta_v_bz_TNT,gemm,7.3145,2
30.75,softmax_last,attention,0.8424,2
30.75,vsa_combine,attention,3.7331,1
30.75,vsa_mma_attn_tma2,attention,162.2357,2
30.75,vsa_tile_mean,attention,5.0244,6
30.75,vsa_tile_qkv,attention,18.6524,6
30.75,vsa_topk2,attention,1.9328,2
31.0,bcast_binary,norm_elementwise,0.4348,1
31.0,block_copy,layout_copy,0.0845,6
31.0,cast_bf16_f32_bias_act,cast_quant,0.0173,2
31.0,cast_f32_bf16,cast_quant,7.5762,10
31.0,cutlass3x_sm100_simt_sgemm_f32_f32_f32_f32_f32_128x64x16_1x1x1_3_nnn_align1_bias_f32_relu,gemm,0.5432,1
31.0,cutlass3x_sm100_simt_sgemm_f32_f32_f32_f32_f32_64x32x16_1x1x1_3_tnn_align1_bias_f32_relu,gemm,0.781,1
31.0,fa_dc100_fwd_d128,attention,2.3281,2
31.0,fill_f,layout_copy,1.7029,2
31.0,fvf_h3_gate_res_norm_mod,norm_elementwise,1.9988,1
31.0,fvf_merge_heads_mx,layout_copy,5.4004,2
31.0,fvf_split_heads_rows,layout_copy,1.5866,2
31.0,h3_qk_norm_rope,norm_elementwise,10.7868,2
31.0,h3_res_gate_norm_mod,norm_elementwise,4.1404,2
31.0,h3_swiglu_mx,norm_elementwise,10.3943,18
31.0,index_select_rows,layout_copy,0.0306,2
31.0,memcpy HtoD,copies_memset,0.0104,2
31.0,memset,copies_memset,0.0829,39
31.0,mx_binary,norm_elementwise,0.0729,4
31.0,mx_block_copy,layout_copy,5.4181,28
31.0,mxfp8_quantize,cast_quant,4.4587,19
31.0,nvjet_sm100_qqtst_128x256_128x6_2x1_2cta_v_bz_Avec32UE8M0_Bvec32UE8M0_TNT,gemm,23.0213,21
31.0,nvjet_sm100_qqtst_256x128_128x5_2x2f_2cta_h_bz_Avec32UE8M0_Bvec32UE8M0_TNT,gemm,6.7812,17
31.0,nvjet_sm100_tst_128x256_64x6_2x1_2cta_v_bz_TNT,gemm,3.6432,1
31.0,softmax_last,attention,0.4381,1
31.0,vsa_combine,attention,7.4639,2
31.0,vsa_mma_attn_tma2,attention,80.743,1
31.0,vsa_tile_mean,attention,2.606,3
31.0,vsa_tile_qkv,attention,9.4047,3
31.0,vsa_topk2,attention,1.0237,1
31.25,bcast_binary,norm_elementwise,0.8509,2
31.25,block_copy,layout_copy,0.042,3
31.25,cast_bf16_f32_bias_act,cast_quant,0.0087,1
31.25,cast_f32_bf16,cast_quant,3.7876,5
31.25,cutlass3x_sm100_simt_sgemm_f32_f32_f32_f32_f32_128x64x16_1x1x1_3_nnn_align1_bias_f32_relu,gemm,1.0482,2
31.25,cutlass3x_sm100_simt_sgemm_f32_f32_f32_f32_f32_64x32x16_1x1x1_3_tnn_align1_bias_f32_relu,gemm,1.5084,2
31.25,fa_dc100_fwd_d128,attention,1.1659,1
31.25,fill_f,layout_copy,3.3447,4
31.25,fvf_h3_gate_res_norm_mod,norm_elementwise,3.8051,2
31.25,fvf_merge_heads_mx,layout_copy,2.7008,1
31.25,fvf_split_heads_rows,layout_copy,3.124,4
31.25,h3_qk_norm_rope,norm_elementwise,20.8223,4
31.25,h3_res_gate_norm_mod,norm_elementwise,2.0744,1
31.25,h3_swiglu_mx,norm_elementwise,6.3496,12
31.25,index_select_rows,layout_copy,0.0154,1
31.25,memcpy HtoD,copies_memset,0.0052,1
31.25,memset,copies_memset,0.0578,27
31.25,mx_binary,norm_elementwise,0.0364,2
31.25,mx_block_copy,layout_copy,5.8009,32
31.25,mxfp8_quantize,cast_quant,4.7138,14
31.25,nvjet_sm100_qqtst_128x256_128x6_2x1_2cta_v_bz_Avec32UE8M0_Bvec32UE8M0_TNT,gemm,21.8195,15
31.25,nvjet_sm100_qqtst_256x128_128x5_2x2f_2cta_h_bz_Avec32UE8M0_Bvec32UE8M0_TNT,gemm,4.804,13
31.25,nvjet_sm100_tst_128x256_64x6_2x1_2cta_v_bz_TNT,gemm,7.3559,2
31.25,softmax_last,attention,0.8559,2
31.25,vsa_combine,attention,3.7401,1
31.25,vsa_mma_attn_tma2,attention,161.1859,2
31.25,vsa_tile_mean,attention,5.1045,6
31.25,vsa_tile_qkv,attention,18.7605,6
31.25,vsa_topk2,attention,1.9834,2
31.5,bcast_binary,norm_elementwise,0.4353,1
31.5,block_copy,layout_copy,0.0846,6
31.5,cast_bf16_f32_bias_act,cast_quant,0.0173,2
31.5,cast_f32_bf16,cast_quant,7.5792,10
31.5,cutlass3x_sm100_simt_sgemm_f32_f32_f32_f32_f32_128x64x16_1x1x1_3_nnn_align1_bias_f32_relu,gemm,0.5436,1
31.5,cutlass3x_sm100_simt_sgemm_f32_f32_f32_f32_f32_64x32x16_1x1x1_3_tnn_align1_bias_f32_relu,gemm,0.7814,1
31.5,fa_dc100_fwd_d128,attention,2.3262,2
31.5,fill_f,layout_copy,1.7025,2
31.5,fvf_h3_gate_res_norm_mod,norm_elementwise,3.8738,2
31.5,fvf_merge_heads_mx,layout_copy,5.3991,2
31.5,fvf_split_heads_rows,layout_copy,1.5862,2
31.5,h3_qk_norm_rope,norm_elementwise,15.7604,3
31.5,h3_res_gate_norm_mod,norm_elementwise,4.1308,2
31.5,h3_swiglu_mx,norm_elementwise,11.16,20
31.5,index_select_rows,layout_copy,0.0306,2
31.5,memcpy HtoD,copies_memset,0.0112,2
31.5,memset,copies_memset,0.0949,44
31.5,mx_binary,norm_elementwise,0.0727,4
31.5,mx_block_copy,layout_copy,7.4833,40
31.5,mxfp8_quantize,cast_quant,6.1199,22
31.5,nvjet_sm100_qqtst_128x256_128x6_2x1_2cta_v_bz_Avec32UE8M0_Bvec32UE8M0_TNT,gemm,29.8253,24
31.5,nvjet_sm100_qqtst_256x128_128x5_2x2f_2cta_h_bz_Avec32UE8M0_Bvec32UE8M0_TNT,gemm,7.6901,20
31.5,nvjet_sm100_tst_128x256_64x6_2x1_2cta_v_bz_TNT,gemm,7.3198,2
31.5,softmax_last,attention,0.4381,1
31.5,vsa_combine,attention,7.4653,2
31.5,vsa_mma_attn_tma2,attention,80.7144,1
31.5,vsa_tile_mean,attention,2.6067,3
31.5,vsa_tile_qkv,attention,9.406,3
31.5,vsa_topk2,attention,1.0215,1
31.75,bcast_binary,norm_elementwise,0.8664,2
31.75,block_copy,layout_copy,0.0426,3
31.75,cast_bf16_f32_bias_act,cast_quant,0.0086,1
31.75,cast_f32_bf16,cast_quant,3.7888,5
31.75,cutlass3x_sm100_simt_sgemm_f32_f32_f32_f32_f32_128x64x16_1x1x1_3_nnn_align1_bias_f32_relu,gemm,1.0787,2
31.75,cutlass3x_sm100_simt_sgemm_f32_f32_f32_f32_f32_64x32x16_1x1x1_3_tnn_align1_bias_f32_relu,gemm,1.5561,2
31.75,fa_dc100_fwd_d128,attention,1.1605,1
31.75,fill_f,layout_copy,3.3879,4
31.75,fvf_h3_gate_res_norm_mod,norm_elementwise,1.9993,1
31.75,fvf_merge_heads_mx,layout_copy,2.6998,1
31.75,fvf_split_heads_rows,layout_copy,3.1637,4
31.75,h3_qk_norm_rope,norm_elementwise,16.1026,3
31.75,h3_res_gate_norm_mod,norm_elementwise,2.0609,1
31.75,h3_swiglu_mx,norm_elementwise,5.6188,10
31.75,index_select_rows,layout_copy,0.0156,1
31.75,memcpy HtoD,copies_memset,0.0052,1
31.75,memset,copies_memset,0.0479,22
31.75,mx_binary,norm_elementwise,0.0365,2
31.75,mx_block_copy,layout_copy,3.7893,20
31.75,mxfp8_quantize,cast_quant,3.1218,11
31.75,nvjet_sm100_qqtst_128x256_128x6_2x1_2cta_v_bz_Avec32UE8M0_Bvec32UE8M0_TNT,gemm,14.8274,12
31.75,nvjet_sm100_qqtst_256x128_128x5_2x2f_2cta_h_bz_Avec32UE8M0_Bvec32UE8M0_TNT,gemm,3.8517,10
31.75,nvjet_sm100_tst_128x256_64x6_2x1_2cta_v_bz_TNT,gemm,3.6098,1
31.75,softmax_last,attention,0.8724,2
31.75,vsa_combine,attention,3.7344,1
31.75,vsa_mma_attn_tma2,attention,161.3157,2
31.75,vsa_tile_mean,attention,5.1896,6
31.75,vsa_tile_qkv,attention,18.8398,6
31.75,vsa_topk2,attention,2.0335,2
32.0,bcast_binary,norm_elementwise,0.8522,2
32.0,block_copy,layout_copy,0.085,6
32.0,cast_bf16_f32_bias_act,cast_quant,0.0172,2
32.0,cast_f32_bf16,cast_quant,7.5741,10
32.0,cutlass3x_sm100_simt_sgemm_f32_f32_f32_f32_f32_128x64x16_1x1x1_3_nnn_align1_bias_f32_relu,gemm,1.0982,2
32.0,cutlass3x_sm100_simt_sgemm_f32_f32_f32_f32_f32_64x32x16_1x1x1_3_tnn_align1_bias_f32_relu,gemm,1.5146,2
32.0,fa_dc100_fwd_d128,attention,2.3339,2
32.0,fill_f,layout_copy,2.4694,3
32.0,fvf_h3_gate_res_norm_mod,norm_elementwise,3.7854,2
32.0,fvf_merge_heads_mx,layout_copy,5.3992,2
32.0,fvf_split_heads_rows,layout_copy,3.1278,4
32.0,h3_qk_norm_rope,norm_elementwise,21.7404,4
32.0,h3_res_gate_norm_mod,norm_elementwise,4.1325,2
32.0,h3_swiglu_mx,norm_elementwise,11.1549,20
32.0,index_select_rows,layout_copy,0.0312,2
32.0,memcpy HtoD,copies_memset,0.0112,2
32.0,memset,copies_memset,0.0917,43
32.0,mx_binary,norm_elementwise,0.0727,4
32.0,mx_block_copy,layout_copy,7.4219,40
32.0,mxfp8_quantize,cast_quant,4.5751,21
32.0,nvjet_sm100_qqtst_128x256_128x6_2x1_2cta_v_bz_Avec32UE8M0_Bvec32UE8M0_TNT,gemm,24.1098,23
32.0,nvjet_sm100_qqtst_256x128_128x5_2x2f_2cta_h_bz_Avec32UE8M0_Bvec32UE8M0_TNT,gemm,7.708,20
32.0,nvjet_sm100_tst_128x256_64x6_2x1_2cta_v_bz_TNT,gemm,18.1199,2
32.0,softmax_last,attention,0.8562,2
32.0,vsa_combine,attention,7.4615,2
32.0,vsa_mma_attn_tma2,attention,80.3974,1
32.0,vsa_tile_mean,attention,5.1029,6
32.0,vsa_tile_qkv,attention,9.205,3
32.0,vsa_topk2,attention,1.9825,2
32.25,bcast_binary,norm_elementwise,0.4692,1
32.25,block_copy,layout_copy,0.0428,3
32.25,cast_bf16_f32_bias_act,cast_quant,0.0088,1
32.25,cast_f32_bf16,cast_quant,5.6914,6
32.25,cutlass3x_sm100_simt_sgemm_f32_f32_f32_f32_f32_128x64x16_1x1x1_3_nnn_align1_bias_f32_relu,gemm,0.5964,1
32.25,cutlass3x_sm100_simt_sgemm_f32_f32_f32_f32_f32_64x32x16_1x1x1_3_tnn_align1_bias_f32_relu,gemm,0.8589,1
32.25,fa_dc100_fwd_d128,attention,1.1804,1
32.25,fill_f,layout_copy,2.8741,3
32.25,fvf_h3_gate_res_norm_mod,norm_elementwise,2.0784,1
32.25,fvf_split_heads_rows,layout_copy,1.6736,2
32.25,h3_qk_norm_rope,norm_elementwise,12.4008,2
32.25,h3_res_gate_norm_mod,norm_elementwise,2.0596,1
32.25,index_select_rows,layout_copy,0.0156,1
32.25,memcpy HtoD,copies_memset,0.0052,1
32.25,mx_binary,norm_elementwise,0.0367,2
32.25,mx_block_copy,layout_copy,3.693,20
32.25,mx_merge_heads,layout_copy,3.3334,1
32.25,mx_swiglu,norm_elementwise,5.7873,10
32.25,nvjet_sm100_tst_128x256_64x6_2x1_2cta_v_bz_TNT,gemm,31.7837,12
32.25,nvjet_sm100_tst_192x224_64x5_2x1_2cta_v_bz_TNT,gemm,0.2027,1
32.25,nvjet_sm100_tst_256x256_64x4_2x1_2cta_v_bz_TNT,gemm,7.2917,9
32.25,softmax_last,attention,0.4718,1
32.25,vsa_combine,attention,3.7546,1
32.25,vsa_mma_attn_tma2,attention,165.8065,2
32.25,vsa_tile_mean,attention,2.7859,3
32.25,vsa_tile_qkv,attention,20.5286,6
32.25,vsa_topk2,attention,1.1291,1
32.5,bcast_binary,norm_elementwise,0.4452,1
32.5,block_copy,layout_copy,0.0852,6
32.5,cast_bf16_f32_bias_act,cast_quant,0.0174,2
32.5,cast_f32_bf16,cast_quant,11.3844,12
32.5,cutlass3x_sm100_simt_sgemm_f32_f32_f32_f32_f32_128x64x16_1x1x1_3_nnn_align1_bias_f32_relu,gemm,0.5587,1
32.5,cutlass3x_sm100_simt_sgemm_f32_f32_f32_f32_f32_64x32x16_1x1x1_3_tnn_align1_bias_f32_relu,gemm,0.8019,1
32.5,fa_dc100_fwd_d128,attention,2.3639,2
32.5,fill_f,layout_copy,1.7621,2
32.5,fvf_h3_gate_res_norm_mod,norm_elementwise,1.8918,1
32.5,fvf_split_heads_rows,layout_copy,1.609,2
32.5,h3_qk_norm_rope,norm_elementwise,11.5497,2
32.5,h3_res_gate_norm_mod,norm_elementwise,4.1307,2
32.5,index_select_rows,layout_copy,0.0311,2
32.5,memcpy HtoD,copies_memset,0.0104,2
32.5,mx_binary,norm_elementwise,0.0735,4
32.5,mx_block_copy,layout_copy,5.2866,28
32.5,mx_merge_heads,layout_copy,6.6534,2
32.5,mx_swiglu,norm_elementwise,10.7846,18
32.5,nvjet_sm100_tst_128x256_64x6_2x1_2cta_v_bz_TNT,gemm,47.5404,21
32.5,nvjet_sm100_tst_192x224_64x5_2x1_2cta_v_bz_TNT,gemm,0.2022,1
32.5,nvjet_sm100_tst_256x256_64x4_2x1_2cta_v_bz_TNT,gemm,12.9147,16
32.5,softmax_last,attention,0.4478,1
32.5,vsa_combine,attention,7.5188,2
32.5,vsa_mma_attn_tma2,attention,81.5333,1
32.5,vsa_tile_mean,attention,2.6558,3
32.5,vsa_tile_qkv,attention,9.8617,3
32.5,vsa_topk2,attention,1.0585,1
32.75,add_bias_inplace,norm_elementwise,1.4897,135
32.75,bcast_binary,norm_elementwise,0.1427,11
32.75,block_copy,layout_copy,2.9561,209
32.75,cast_bf16_f32_bias_act,cast_quant,1.986,9
32.75,cast_f32_bf16,cast_quant,1.6663,11
32.75,clamp_f,norm_elementwise,0.002,1
32.75,cutlass3x_sm100_tensorop_s128x256x8tf32implicit_gemm_strided_dgrad_f32_f32_f32_void_f32_f32_128x256x32_128w1h1d1n_dyn_cga_ndhwc_ndhwc_ndhwc_align4_2sm,vae_conv,0.0171,1
32.75,cutlass3x_sm100_tensorop_s256x128x8tf32implicit_gemm_fprop_f32_f32_f32_void_f32_f32_256x128x32_dyn_cga_ndhwc_ndhwc_ndhwc_align4_2sm_relu_valpha,vae_conv,1.0012,51
32.75,cutlass3x_sm100_tensorop_s256x64x8tf32implicit_gemm_fprop_f32_f32_f32_void_f32_f32_256x64x32_dyn_cga_ndhwc_ndhwc_ndhwc_align4_2sm_relu_valpha,vae_conv,0.1712,17
32.75,cutlass3x_sm100_tensorop_s256x64x8tf32implicit_gemm_strided_dgrad_f32_f32_f32_void_f32_f32_256x64x32_256w1h1d1n_dyn_cga_ndhwc_ndhwc_ndhwc_align4_2sm,vae_conv,0.0365,3
32.75,cutlass3x_sm100_tensorop_s64x128x8tf32implicit_gemm_strided_dgrad_f32_f32_f32_void_f32_f32_64x128x32_8w8h1d1n_dyn_cga_ndhwc_ndhwc_ndhwc_align4_1sm,vae_conv,0.0751,1
32.75,cutlass3x_sm100_tensorop_s64x64x8tf32implicit_gemm_strided_dgrad_f32_f32_f32_void_f32_f32_64x64x32_32w2h1d1n_dyn_cga_ndhwc_ndhwc_ndhwc_align4_1sm,vae_conv,0.0238,1
32.75,elem_add,norm_elementwise,0.7678,77
32.75,flash_mma_fwd2_d64,attention,26.9793,37
32.75,gather_nd,layout_copy,2.5664,19
32.75,h3_gate_residual,norm_elementwise,2.8873,1
32.75,h3v_merge_heads_bf16,layout_copy,4.5271,37
32.75,h3v_qkv_heads_bf16,layout_copy,20.47,37
32.75,h3v_residual_norm_bf16,norm_elementwise,8.4737,75
32.75,h3v_swiglu_bf16,norm_elementwise,16.8544,36
32.75,layer_norm_last,norm_elementwise,0.0808,1
32.75,lincomb3,norm_elementwise,0.0635,4
32.75,memcpy DtoH,copies_memset,0.0312,1
32.75,memcpy HtoD,copies_memset,0.0407,4
32.75,memset,copies_memset,0.0027,2
32.75,mul_scalar,norm_elementwise,1.5463,127
32.75,mx_binary,norm_elementwise,4.9461,4
32.75,mx_block_copy,layout_copy,4.3214,14
32.75,mx_rms_norm,norm_elementwise,1.1597,2
32.75,mx_swiglu,norm_elementwise,0.7994,2
32.75,nvjet_sm100_tst_128x160_64x8_2x1_2cta_v_bz_TNT,gemm,0.0345,2
32.75,nvjet_sm100_tst_128x192_64x7_2x2f_2cta_h_bz_TNT,gemm,0.11,1
32.75,nvjet_sm100_tst_128x256_64x6_2x1_2cta_v_bz_TNT,gemm,30.5727,76
32.75,nvjet_sm100_tst_128x256_64x6_4x1f_2cta_v_bz_TNT,gemm,13.8118,73
32.75,nvjet_sm100_tst_192x224_64x5_2x1_2cta_v_bz_TNT,gemm,0.2018,1
32.75,nvjet_sm100_tst_256x256_64x4_2x1_2cta_v_bz_TNT,gemm,1.6094,2
32.75,nvjet_sm100_tst_32x128_64x12_1x4_2cta_h_bz_TNN,gemm,0.0075,2
32.75,nvjet_sm100_tst_64x32_64x16_1x4_h_bz_splitK_TNT,gemm,0.0056,1
32.75,nvjet_sm100_tst_96x256_64x5_1x2_2cta_h_bz_TNN,gemm,0.1402,1
32.75,pad_axis,layout_copy,5.9232,254
32.75,sm80_xmma_fprop_implicit_gemm_tf32f32_tf32f32_f32_nhwckrsc_nhwc_tilesize128x128x16_stage4_warpsize2x2x1_g1_tensor16x8x8_execute_kernel__5x_cudnn,vae_conv,0.3708,4
32.75,snake_beta,vae_conv,3.0624,127
32.75,"cublasLt::splitKreduce_kernel<(int)32, (int)16, int, float, __nv_bfloat16, float, __nv_bfloat16, (bool)0, float, __nv_bfloat16, __nv_bfloat16, (bool)1, (bool)0,…",gemm,0.0044,1
32.75,"cudnn::cnn::conv2d_grouped_direct_kernel<(bool)0, (bool)1, (bool)0, (bool)0, (bool)0, (bool)0, (int)0, (int)0, int, float, float, float, float, float, float>(cu…",vae_conv,0.0233,1
32.75,"cudnn::cnn::conv2d_grouped_direct_kernel<(bool)0, (bool)1, (bool)0, (bool)0, (bool)0, (bool)0, (int)1, (int)0, int, float, float, float, float, float, float>(cu…",vae_conv,3.8664,127
32.75,"cudnn::cnn::dgrad2d_grouped_direct_kernel<float, int, float, float, (bool)0, (bool)1, (int)1, (int)0>(cudnn::cnn::DgradGroupedDirectParams, const T1 *, const T1…",vae_conv,12.1584,127
32.75,"cudnn::detail::dgrad_engine<float, (int)512, (int)6, (int)5, (int)3, (int)3, (int)3, (bool)0>(int, int, int, const T1 *, int, const T1 *, int, T1 *, kernel_grad…",vae_conv,0.0331,1
32.75,"cudnn::engines_precompiled::nchwToNhwcKernel<float, float, float, (bool)0, (bool)1, (cudnnKernelDataType_t)0>(cudnn::engines_precompiled::nchw2nhwc_params_t<T3>…",vae_conv,0.8925,148
32.75,"cudnn::engines_precompiled::nchwToNhwcKernel<float, float, float, (bool)0, (bool)1, (cudnnKernelDataType_t)2>(cudnn::engines_precompiled::nchw2nhwc_params_t<T3>…",vae_conv,0.1355,10
32.75,"cudnn::engines_precompiled::nhwcToNchwKernel<float, float, float, (bool)1, (bool)0, (cudnnKernelDataType_t)0>(cudnn::engines_precompiled::nhwc2nchw_params_t<T3>…",vae_conv,0.3717,79
32.75,"cudnn::engines_precompiled::scalePackedTensor_kernel<float, float>(long, T1 *, T2)",vae_conv,0.0084,1
32.75,cutlass::Kernel2<cutlass_80_tensorop_s1688gemm_128x64_32x4_nn_align1>(T1::Params),gemm,0.0068,1
32.75,cutlass__5x_cudnn::Kernel<cutlass_tensorop_s1688fprop_optimized_tf32_256x64_16x4_nhwc_align4>(T1::Params),vae_conv,0.0367,1
32.75,"implicit_convolve_sgemm<float, float, int, (int)128, (int)5, (int)5, (int)3, (int)3, (int)3, (int)1, (bool)0, (bool)0, (bool)0>(int, int, int, const T1 *, int, …",vae_conv,1.2085,18
32.75,"implicit_convolve_sgemm<float, float, int, (int)128, (int)5, (int)5, (int)3, (int)3, (int)3, (int)1, (bool)0, (bool)0, (bool)1>(int, int, int, const T1 *, int, …",vae_conv,2.4223,36
33.0,block_copy,layout_copy,1.1203,86
33.0,cast_bf16_f32_bias_act,cast_quant,0.6196,6
33.0,cast_f32_bf16,cast_quant,0.2277,6
33.0,flash_mma_fwd2_d64,attention,54.9289,73
33.0,gather_nd,layout_copy,4.5131,32
33.0,h3v_merge_heads_bf16,layout_copy,9.1484,73
33.0,h3v_qkv_heads_bf16,layout_copy,41.5698,73
33.0,h3v_residual_norm_bf16,norm_elementwise,17.1228,148
33.0,h3v_swiglu_bf16,norm_elementwise,34.7807,73
33.0,layer_norm_last,norm_elementwise,0.1689,2
33.0,memcpy HtoD,copies_memset,0.0398,4
33.0,nvjet_sm100_tst_128x160_64x8_2x1_2cta_v_bz_TNT,gemm,0.0348,2
33.0,nvjet_sm100_tst_128x192_64x7_2x2f_2cta_h_bz_TNT,gemm,0.2301,2
33.0,nvjet_sm100_tst_128x256_64x6_2x1_2cta_v_bz_TNT,gemm,57.1071,146
33.0,nvjet_sm100_tst_128x256_64x6_4x1f_2cta_v_bz_TNT,gemm,28.3235,146
33.0,nvjet_sm100_tst_32x128_64x12_1x4_2cta_h_bz_TNN,gemm,0.0067,2
33.25,block_copy,layout_copy,1.107,86
33.25,cast_bf16_f32_bias_act,cast_quant,0.6159,6
33.25,cast_f32_bf16,cast_quant,0.2283,6
33.25,flash_mma_fwd2_d64,attention,55.429,73
33.25,gather_nd,layout_copy,4.4616,32
33.25,h3v_merge_heads_bf16,layout_copy,9.0874,72
33.25,h3v_qkv_heads_bf16,layout_copy,41.8574,73
33.25,h3v_residual_norm_bf16,norm_elementwise,17.0619,147
33.25,h3v_swiglu_bf16,norm_elementwise,34.9086,73
33.25,layer_norm_last,norm_elementwise,0.1649,2
33.25,memcpy HtoD,copies_memset,0.0386,4
33.25,nvjet_sm100_tst_128x160_64x8_2x1_2cta_v_bz_TNT,gemm,0.035,2
33.25,nvjet_sm100_tst_128x192_64x7_2x2f_2cta_h_bz_TNT,gemm,0.2252,2
33.25,nvjet_sm100_tst_128x256_64x6_2x1_2cta_v_bz_TNT,gemm,56.6312,145
33.25,nvjet_sm100_tst_128x256_64x6_4x1f_2cta_v_bz_TNT,gemm,28.2994,145
33.25,nvjet_sm100_tst_32x128_64x12_1x4_2cta_h_bz_TNN,gemm,0.0069,2
33.5,block_copy,layout_copy,1.011,70
33.5,cast_bf16_f32_bias_act,cast_quant,0.5484,6
33.5,cast_f32_bf16,cast_quant,0.2293,6
33.5,flash_mma_fwd2_d64,attention,54.5117,75
33.5,gather_nd,layout_copy,4.4889,32
33.5,h3v_merge_heads_bf16,layout_copy,9.1056,75
33.5,h3v_qkv_heads_bf16,layout_copy,41.1628,75
33.5,h3v_residual_norm_bf16,norm_elementwise,17.0556,152
33.5,h3v_swiglu_bf16,norm_elementwise,34.5897,75
33.5,layer_norm_last,norm_elementwise,0.1664,2
33.5,memcpy HtoD,copies_memset,0.0417,4
33.5,nvjet_sm100_tst_128x160_64x8_2x1_2cta_v_bz_TNT,gemm,0.9361,11
33.5,nvjet_sm100_tst_128x192_64x7_2x2f_2cta_h_bz_TNT,gemm,0.2265,2
33.5,nvjet_sm100_tst_128x256_64x6_2x1_2cta_v_bz_TNT,gemm,55.239,145
33.5,nvjet_sm100_tst_128x256_64x6_4x1f_2cta_v_bz_TNT,gemm,27.1706,140
33.5,nvjet_sm100_tst_160x128_64x8_1x2_2cta_h_bz_TNN,gemm,0.0115,1
33.5,nvjet_sm100_tst_16x128_64x12_2x4_2cta_h_bz_TNN,gemm,0.0031,1
33.5,nvjet_sm100_tst_256x128_64x5_2x1_2cta_v_bz_TNT,gemm,1.5281,5
33.5,nvjet_sm100_tst_32x128_64x12_1x4_2cta_h_bz_TNN,gemm,0.0034,1
33.75,bcast_binary,norm_elementwise,2.5892,210
33.75,block_copy,layout_copy,10.6486,775
33.75,cast_bf16_f32_bias_act,cast_quant,0.5156,6
33.75,cast_f32_bf16,cast_quant,0.1701,6
33.75,clamp_f,norm_elementwise,0.3952,1
33.75,elem_add,norm_elementwise,0.5838,104
33.75,flash_mma_fwd2_d64,attention,51.2267,84
33.75,gather_nd,layout_copy,5.8923,25
33.75,h3v_merge_heads_bf16,layout_copy,8.4079,84
33.75,h3v_qkv_heads_bf16,layout_copy,38.8605,84
33.75,h3v_residual_norm_bf16,norm_elementwise,16.2648,170
33.75,h3v_swiglu_bf16,norm_elementwise,32.4399,84
33.75,layer_norm_last,norm_elementwise,0.1253,2
33.75,memcpy DtoH,copies_memset,26.3019,1
33.75,memcpy HtoD,copies_memset,0.3156,214
33.75,nvjet_sm100_tst_128x160_64x8_2x1_2cta_v_bz_TNT,gemm,5.5705,64
33.75,nvjet_sm100_tst_128x192_64x7_2x2f_2cta_h_bz_TNT,gemm,0.1095,1
33.75,nvjet_sm100_tst_128x256_64x6_2x1_2cta_v_bz_TNT,gemm,44.8176,138
33.75,nvjet_sm100_tst_128x256_64x6_4x1f_2cta_v_bz_TNT,gemm,20.379,106
33.75,nvjet_sm100_tst_256x128_64x5_2x1_2cta_v_bz_TNT,gemm,9.3061,31
33.75,nvjet_sm100_tst_32x128_64x12_1x4_2cta_h_bz_TNN,gemm,0.0079,2
33.75,pack_rgb_u8,layout_copy,0.1841,1
34.0,block_copy,layout_copy,1.1094,86
34.0,cast_bf16_f32_bias_act,cast_quant,0.617,6
34.0,cast_f32_bf16,cast_quant,0.2273,6
34.0,flash_mma_fwd2_d64,attention,54.894,72
34.0,gather_nd,layout_copy,4.4839,32
34.0,h3v_merge_heads_bf16,layout_copy,9.2394,73
34.0,h3v_qkv_heads_bf16,layout_copy,41.4364,72
34.0,h3v_residual_norm_bf16,norm_elementwise,17.096,147
34.0,h3v_swiglu_bf16,norm_elementwise,34.9772,73
34.0,layer_norm_last,norm_elementwise,0.1662,2
34.0,memcpy HtoD,copies_memset,0.0387,4
34.0,nvjet_sm100_tst_128x160_64x8_2x1_2cta_v_bz_TNT,gemm,0.0346,2
34.0,nvjet_sm100_tst_128x192_64x7_2x2f_2cta_h_bz_TNT,gemm,0.2261,2
34.0,nvjet_sm100_tst_128x256_64x6_2x1_2cta_v_bz_TNT,gemm,57.1258,145
34.0,nvjet_sm100_tst_128x256_64x6_4x1f_2cta_v_bz_TNT,gemm,28.1502,145
34.0,nvjet_sm100_tst_32x128_64x12_1x4_2cta_h_bz_TNN,gemm,0.0067,2
34.25,block_copy,layout_copy,1.1107,86
34.25,cast_bf16_f32_bias_act,cast_quant,0.6176,6
34.25,cast_f32_bf16,cast_quant,0.2296,6
34.25,flash_mma_fwd2_d64,attention,55.2177,73
34.25,gather_nd,layout_copy,4.5062,32
34.25,h3v_merge_heads_bf16,layout_copy,9.1865,73
34.25,h3v_qkv_heads_bf16,layout_copy,41.7321,73
34.25,h3v_residual_norm_bf16,norm_elementwise,17.1335,148
34.25,h3v_swiglu_bf16,norm_elementwise,34.3718,72
34.25,layer_norm_last,norm_elementwise,0.166,2
34.25,memcpy HtoD,copies_memset,0.0386,4
34.25,nvjet_sm100_tst_128x160_64x8_2x1_2cta_v_bz_TNT,gemm,0.0352,2
34.25,nvjet_sm100_tst_128x192_64x7_2x2f_2cta_h_bz_TNT,gemm,0.227,2
34.25,nvjet_sm100_tst_128x256_64x6_2x1_2cta_v_bz_TNT,gemm,57.1008,146
34.25,nvjet_sm100_tst_128x256_64x6_4x1f_2cta_v_bz_TNT,gemm,28.3214,146
34.25,nvjet_sm100_tst_32x128_64x12_1x4_2cta_h_bz_TNN,gemm,0.0069,2
34.5,bcast_binary,norm_elementwise,0.1976,24
34.5,block_copy,layout_copy,2.3434,168
34.5,cast_bf16_f32_bias_act,cast_quant,0.6391,7
34.5,cast_f32_bf16,cast_quant,0.2808,7
34.5,elem_add,norm_elementwise,0.0673,12
34.5,flash_mma_fwd2_d64,attention,54.1625,89
34.5,gather_nd,layout_copy,5.5876,40
34.5,h3v_merge_heads_bf16,layout_copy,8.8829,89
34.5,h3v_qkv_heads_bf16,layout_copy,40.8691,89
34.5,h3v_residual_norm_bf16,norm_elementwise,17.1939,181
34.5,h3v_swiglu_bf16,norm_elementwise,34.5643,90
34.5,layer_norm_last,norm_elementwise,0.2094,3
34.5,memcpy HtoD,copies_memset,0.071,28
34.5,nvjet_sm100_tst_128x160_64x8_2x1_2cta_v_bz_TNT,gemm,6.6187,73
34.5,nvjet_sm100_tst_128x192_64x7_2x2f_2cta_h_bz_TNT,gemm,0.2247,2
34.5,nvjet_sm100_tst_128x256_64x6_2x1_2cta_v_bz_TNT,gemm,45.6179,143
34.5,nvjet_sm100_tst_128x256_64x6_4x1f_2cta_v_bz_TNT,gemm,20.9224,107
34.5,nvjet_sm100_tst_160x128_64x8_1x2_2cta_h_bz_TNN,gemm,0.0113,1
34.5,nvjet_sm100_tst_16x128_64x12_2x4_2cta_h_bz_TNN,gemm,0.0032,1
34.5,nvjet_sm100_tst_256x128_64x5_2x1_2cta_v_bz_TNT,gemm,10.9796,36
34.5,nvjet_sm100_tst_32x128_64x12_1x4_2cta_h_bz_TNN,gemm,0.0034,1
34.75,bcast_binary,norm_elementwise,2.7341,188
34.75,block_copy,layout_copy,9.7617,602
34.75,clamp_f,norm_elementwise,0.3953,1
34.75,elem_add,norm_elementwise,0.6714,93
34.75,gather_nd,layout_copy,2.6237,1
34.75,memcpy DtoH,copies_memset,24.7359,1
34.75,memcpy HtoD,copies_memset,0.2548,188
34.75,pack_rgb_u8,layout_copy,0.1842,1
35.5,block_copy,layout_copy,0.8933,79
35.5,cast_bf16_f32_bias_act,cast_quant,0.4161,5
35.5,cast_f32_bf16,cast_quant,0.1166,5
35.5,flash_mma_fwd2_d64,attention,44.2348,59
35.5,gather_nd,layout_copy,2.2014,16
35.5,h3v_merge_heads_bf16,layout_copy,7.2437,58
35.5,h3v_qkv_heads_bf16,layout_copy,33.4889,59
35.5,h3v_residual_norm_bf16,norm_elementwise,13.6216,118
35.5,h3v_swiglu_bf16,norm_elementwise,27.5601,58
35.5,layer_norm_last,norm_elementwise,0.0811,1
35.5,memcpy HtoD,copies_memset,0.0393,4
35.5,nvjet_sm100_tst_128x160_64x8_2x1_2cta_v_bz_TNT,gemm,0.0337,2
35.5,nvjet_sm100_tst_128x192_64x7_2x2f_2cta_h_bz_TNT,gemm,0.1116,1
35.5,nvjet_sm100_tst_128x256_64x6_2x1_2cta_v_bz_TNT,gemm,45.5635,117
35.5,nvjet_sm100_tst_128x256_64x6_4x1f_2cta_v_bz_TNT,gemm,22.4655,116
35.5,nvjet_sm100_tst_32x128_64x12_1x4_2cta_h_bz_TNN,gemm,0.0074,2
35.75,block_copy,layout_copy,1.1134,86
35.75,cast_bf16_f32_bias_act,cast_quant,0.6134,6
35.75,cast_f32_bf16,cast_quant,0.2278,6
35.75,flash_mma_fwd2_d64,attention,55.0628,73
35.75,gather_nd,layout_copy,4.4479,32
35.75,h3v_merge_heads_bf16,layout_copy,9.1686,73
35.75,h3v_qkv_heads_bf16,layout_copy,41.6204,73
35.75,h3v_residual_norm_bf16,norm_elementwise,17.1144,148
35.75,h3v_swiglu_bf16,norm_elementwise,34.776,73
35.75,layer_norm_last,norm_elementwise,0.1647,2
35.75,memcpy HtoD,copies_memset,0.0387,4
35.75,nvjet_sm100_tst_128x160_64x8_2x1_2cta_v_bz_TNT,gemm,0.0345,2
35.75,nvjet_sm100_tst_128x192_64x7_2x2f_2cta_h_bz_TNT,gemm,0.2265,2
35.75,nvjet_sm100_tst_128x256_64x6_2x1_2cta_v_bz_TNT,gemm,57.0729,146
35.75,nvjet_sm100_tst_128x256_64x6_4x1f_2cta_v_bz_TNT,gemm,28.2919,146
35.75,nvjet_sm100_tst_32x128_64x12_1x4_2cta_h_bz_TNN,gemm,0.0069,2
36.0,block_copy,layout_copy,1.1134,86
36.0,cast_bf16_f32_bias_act,cast_quant,0.6126,6
36.0,cast_f32_bf16,cast_quant,0.227,6
36.0,flash_mma_fwd2_d64,attention,54.6684,72
36.0,gather_nd,layout_copy,4.4583,32
36.0,h3v_merge_heads_bf16,layout_copy,9.2111,73
36.0,h3v_qkv_heads_bf16,layout_copy,41.812,73
36.0,h3v_residual_norm_bf16,norm_elementwise,17.1754,148
36.0,h3v_swiglu_bf16,norm_elementwise,34.8818,73
36.0,layer_norm_last,norm_elementwise,0.1651,2
36.0,memcpy HtoD,copies_memset,0.0386,4
36.0,nvjet_sm100_tst_128x160_64x8_2x1_2cta_v_bz_TNT,gemm,0.0345,2
36.0,nvjet_sm100_tst_128x192_64x7_2x2f_2cta_h_bz_TNT,gemm,0.2233,2
36.0,nvjet_sm100_tst_128x256_64x6_2x1_2cta_v_bz_TNT,gemm,57.1366,146
36.0,nvjet_sm100_tst_128x256_64x6_4x1f_2cta_v_bz_TNT,gemm,28.3768,146
36.0,nvjet_sm100_tst_32x128_64x12_1x4_2cta_h_bz_TNN,gemm,0.0068,2
36.25,bcast_binary,norm_elementwise,2.8705,212
36.25,block_copy,layout_copy,12.3082,806
36.25,cast_bf16_f32_bias_act,cast_quant,0.7547,9
36.25,cast_f32_bf16,cast_quant,0.2844,9
36.25,clamp_f,norm_elementwise,0.3843,1
36.25,elem_add,norm_elementwise,0.7322,105
36.25,flash_mma_fwd2_d64,attention,50.7083,85
36.25,gather_nd,layout_copy,8.0664,41
36.25,h3v_merge_heads_bf16,layout_copy,8.3276,85
36.25,h3v_qkv_heads_bf16,layout_copy,37.7484,84
36.25,h3v_residual_norm_bf16,norm_elementwise,15.9235,171
36.25,h3v_swiglu_bf16,norm_elementwise,31.5782,84
36.25,layer_norm_last,norm_elementwise,0.208,3
36.25,memcpy DtoH,copies_memset,24.672,1
36.25,memcpy HtoD,copies_memset,0.3541,218
36.25,nvjet_sm100_tst_128x160_64x8_2x1_2cta_v_bz_TNT,gemm,6.5829,74
36.25,nvjet_sm100_tst_128x192_64x7_2x2f_2cta_h_bz_TNT,gemm,0.2224,2
36.25,nvjet_sm100_tst_128x256_64x6_2x1_2cta_v_bz_TNT,gemm,41.5632,133
36.25,nvjet_sm100_tst_128x256_64x6_4x1f_2cta_v_bz_TNT,gemm,18.5882,96
36.25,nvjet_sm100_tst_160x128_64x8_1x2_2cta_h_bz_TNN,gemm,0.0115,1
36.25,nvjet_sm100_tst_16x128_64x12_2x4_2cta_h_bz_TNN,gemm,0.003,1
36.25,nvjet_sm100_tst_256x128_64x5_2x1_2cta_v_bz_TNT,gemm,10.9101,36
36.25,nvjet_sm100_tst_32x128_64x12_1x4_2cta_h_bz_TNN,gemm,0.0081,2
36.25,pack_rgb_u8,layout_copy,0.1784,1
36.5,block_copy,layout_copy,1.1212,86
36.5,cast_bf16_f32_bias_act,cast_quant,0.6172,6
36.5,cast_f32_bf16,cast_quant,0.2296,6
36.5,flash_mma_fwd2_d64,attention,54.8093,72
36.5,gather_nd,layout_copy,4.5175,32
36.5,h3v_merge_heads_bf16,layout_copy,9.1012,72
36.5,h3v_qkv_heads_bf16,layout_copy,41.3743,72
36.5,h3v_residual_norm_bf16,norm_elementwise,17.2252,148
36.5,h3v_swiglu_bf16,norm_elementwise,34.9334,73
36.5,layer_norm_last,norm_elementwise,0.1667,2
36.5,memcpy HtoD,copies_memset,0.0388,4
36.5,nvjet_sm100_tst_128x160_64x8_2x1_2cta_v_bz_TNT,gemm,0.0348,2
36.5,nvjet_sm100_tst_128x192_64x7_2x2f_2cta_h_bz_TNT,gemm,0.2275,2
36.5,nvjet_sm100_tst_128x256_64x6_2x1_2cta_v_bz_TNT,gemm,57.2325,146
36.5,nvjet_sm100_tst_128x256_64x6_4x1f_2cta_v_bz_TNT,gemm,28.4489,146
36.5,nvjet_sm100_tst_32x128_64x12_1x4_2cta_h_bz_TNN,gemm,0.0068,2
36.75,block_copy,layout_copy,1.1118,86
36.75,cast_bf16_f32_bias_act,cast_quant,0.6126,6
36.75,cast_f32_bf16,cast_quant,0.2277,6
36.75,flash_mma_fwd2_d64,attention,55.3611,73
36.75,gather_nd,layout_copy,4.4468,32
36.75,h3v_merge_heads_bf16,layout_copy,9.206,73
36.75,h3v_qkv_heads_bf16,layout_copy,41.8097,73
36.75,h3v_residual_norm_bf16,norm_elementwise,17.0645,147
36.75,h3v_swiglu_bf16,norm_elementwise,34.8951,73
36.75,layer_norm_last,norm_elementwise,0.1649,2
36.75,memcpy HtoD,copies_memset,0.0385,4
36.75,nvjet_sm100_tst_128x160_64x8_2x1_2cta_v_bz_TNT,gemm,0.0339,2
36.75,nvjet_sm100_tst_128x192_64x7_2x2f_2cta_h_bz_TNT,gemm,0.2248,2
36.75,nvjet_sm100_tst_128x256_64x6_2x1_2cta_v_bz_TNT,gemm,56.9418,145
36.75,nvjet_sm100_tst_128x256_64x6_4x1f_2cta_v_bz_TNT,gemm,28.0482,145
36.75,nvjet_sm100_tst_32x128_64x12_1x4_2cta_h_bz_TNN,gemm,0.0067,2
37.0,block_copy,layout_copy,1.1147,86
37.0,cast_bf16_f32_bias_act,cast_quant,0.6132,6
37.0,cast_f32_bf16,cast_quant,0.2289,6
37.0,flash_mma_fwd2_d64,attention,55.0931,73
37.0,gather_nd,layout_copy,4.4686,32
37.0,h3v_merge_heads_bf16,layout_copy,9.1696,73
37.0,h3v_qkv_heads_bf16,layout_copy,41.6709,73
37.0,h3v_residual_norm_bf16,norm_elementwise,17.1361,148
37.0,h3v_swiglu_bf16,norm_elementwise,34.7854,73
37.0,layer_norm_last,norm_elementwise,0.1657,2
37.0,memcpy HtoD,copies_memset,0.0384,4
37.0,nvjet_sm100_tst_128x160_64x8_2x1_2cta_v_bz_TNT,gemm,0.0343,2
37.0,nvjet_sm100_tst_128x192_64x7_2x2f_2cta_h_bz_TNT,gemm,0.2256,2
37.0,nvjet_sm100_tst_128x256_64x6_2x1_2cta_v_bz_TNT,gemm,57.0298,146
37.0,nvjet_sm100_tst_128x256_64x6_4x1f_2cta_v_bz_TNT,gemm,28.2798,146
37.0,nvjet_sm100_tst_32x128_64x12_1x4_2cta_h_bz_TNN,gemm,0.0068,2
37.25,bcast_binary,norm_elementwise,2.9303,212
37.25,block_copy,layout_copy,11.5763,727
37.25,cast_bf16_f32_bias_act,cast_quant,0.3319,4
37.25,cast_f32_bf16,cast_quant,0.1658,4
37.25,clamp_f,norm_elementwise,0.3931,1
37.25,elem_add,norm_elementwise,0.7415,105
37.25,flash_mma_fwd2_d64,attention,37.9322,69
37.25,gather_nd,layout_copy,5.9561,25
37.25,h3v_merge_heads_bf16,layout_copy,6.2262,69
37.25,h3v_qkv_heads_bf16,layout_copy,28.7643,69
37.25,h3v_residual_norm_bf16,norm_elementwise,12.3041,140
37.25,h3v_swiglu_bf16,norm_elementwise,24.2169,69
37.25,layer_norm_last,norm_elementwise,0.1271,2
37.25,memcpy DtoH,copies_memset,24.8376,1
37.25,memcpy HtoD,copies_memset,0.3148,214
37.25,nvjet_sm100_tst_128x160_64x8_2x1_2cta_v_bz_TNT,gemm,6.4496,72
37.25,nvjet_sm100_tst_128x192_64x7_2x2f_2cta_h_bz_TNT,gemm,0.1112,1
37.25,nvjet_sm100_tst_128x256_64x6_2x1_2cta_v_bz_TNT,gemm,29.691,103
37.25,nvjet_sm100_tst_128x256_64x6_4x1f_2cta_v_bz_TNT,gemm,12.9716,67
37.25,nvjet_sm100_tst_160x128_64x8_1x2_2cta_h_bz_TNN,gemm,0.0116,1
37.25,nvjet_sm100_tst_16x128_64x12_2x4_2cta_h_bz_TNN,gemm,0.0031,1
37.25,nvjet_sm100_tst_256x128_64x5_2x1_2cta_v_bz_TNT,gemm,10.8406,36
37.25,pack_rgb_u8,layout_copy,0.1833,1
37.75,block_copy,layout_copy,1.441,122
37.75,cast_bf16_f32_bias_act,cast_quant,0.7204,8
37.75,cast_f32_bf16,cast_quant,0.2292,8
37.75,flash_mma_fwd2_d64,attention,54.4796,73
37.75,gather_nd,layout_copy,4.3787,32
37.75,h3v_merge_heads_bf16,layout_copy,9.0822,73
37.75,h3v_qkv_heads_bf16,layout_copy,41.1578,73
37.75,h3v_residual_norm_bf16,norm_elementwise,16.9626,148
37.75,h3v_swiglu_bf16,norm_elementwise,34.5555,73
37.75,layer_norm_last,norm_elementwise,0.1625,2
37.75,memcpy HtoD,copies_memset,0.0585,6
37.75,nvjet_sm100_tst_128x160_64x8_2x1_2cta_v_bz_TNT,gemm,0.0503,3
37.75,nvjet_sm100_tst_128x192_64x7_2x2f_2cta_h_bz_TNT,gemm,0.2232,2
37.75,nvjet_sm100_tst_128x256_64x6_2x1_2cta_v_bz_TNT,gemm,56.9113,146
37.75,nvjet_sm100_tst_128x256_64x6_4x1f_2cta_v_bz_TNT,gemm,28.1629,146
37.75,nvjet_sm100_tst_32x128_64x12_1x4_2cta_h_bz_TNN,gemm,0.0099,3
38.0,block_copy,layout_copy,1.1009,86
38.0,cast_bf16_f32_bias_act,cast_quant,0.6058,6
38.0,cast_f32_bf16,cast_quant,0.2263,6
38.0,flash_mma_fwd2_d64,attention,55.1509,73
38.0,gather_nd,layout_copy,4.3832,32
38.0,h3v_merge_heads_bf16,layout_copy,9.1657,73
38.0,h3v_qkv_heads_bf16,layout_copy,41.6362,73
38.0,h3v_residual_norm_bf16,norm_elementwise,17.1344,148
38.0,h3v_swiglu_bf16,norm_elementwise,34.8013,73
38.0,layer_norm_last,norm_elementwise,0.1628,2
38.0,memcpy HtoD,copies_memset,0.0385,4
38.0,nvjet_sm100_tst_128x160_64x8_2x1_2cta_v_bz_TNT,gemm,0.0339,2
38.0,nvjet_sm100_tst_128x192_64x7_2x2f_2cta_h_bz_TNT,gemm,0.2219,2
38.0,nvjet_sm100_tst_128x256_64x6_2x1_2cta_v_bz_TNT,gemm,57.0999,146
38.0,nvjet_sm100_tst_128x256_64x6_4x1f_2cta_v_bz_TNT,gemm,28.3053,146
38.0,nvjet_sm100_tst_32x128_64x12_1x4_2cta_h_bz_TNN,gemm,0.007,2
38.25,block_copy,layout_copy,1.1077,86
38.25,cast_bf16_f32_bias_act,cast_quant,0.6106,6
38.25,cast_f32_bf16,cast_quant,0.2271,6
38.25,flash_mma_fwd2_d64,attention,55.1958,73
38.25,gather_nd,layout_copy,4.4307,32
38.25,h3v_merge_heads_bf16,layout_copy,9.1676,73
38.25,h3v_qkv_heads_bf16,layout_copy,41.6374,73
38.25,h3v_residual_norm_bf16,norm_elementwise,17.1323,148
38.25,h3v_swiglu_bf16,norm_elementwise,34.7845,73
38.25,layer_norm_last,norm_elementwise,0.1647,2
38.25,memcpy HtoD,copies_memset,0.0388,4
38.25,nvjet_sm100_tst_128x160_64x8_2x1_2cta_v_bz_TNT,gemm,0.0347,2
38.25,nvjet_sm100_tst_128x192_64x7_2x2f_2cta_h_bz_TNT,gemm,0.2233,2
38.25,nvjet_sm100_tst_128x256_64x6_2x1_2cta_v_bz_TNT,gemm,57.0683,146
38.25,nvjet_sm100_tst_128x256_64x6_4x1f_2cta_v_bz_TNT,gemm,27.9741,145
38.25,nvjet_sm100_tst_32x128_64x12_1x4_2cta_h_bz_TNN,gemm,0.0067,2
38.5,bcast_binary,norm_elementwise,2.8581,212
38.5,block_copy,layout_copy,11.7158,763
38.5,cast_bf16_f32_bias_act,cast_quant,0.4488,6
38.5,cast_f32_bf16,cast_quant,0.1695,6
38.5,clamp_f,norm_elementwise,0.3844,1
38.5,elem_add,norm_elementwise,0.7285,105
38.5,flash_mma_fwd2_d64,attention,51.5294,86
38.5,gather_nd,layout_copy,5.8035,25
38.5,h3v_merge_heads_bf16,layout_copy,8.3414,85
38.5,h3v_qkv_heads_bf16,layout_copy,38.9246,86
38.5,h3v_residual_norm_bf16,norm_elementwise,16.2474,173
38.5,h3v_swiglu_bf16,norm_elementwise,32.0851,85
38.5,layer_norm_last,norm_elementwise,0.1253,2
38.5,memcpy DtoH,copies_memset,24.7207,1
38.5,memcpy HtoD,copies_memset,0.3331,216
38.5,nvjet_sm100_tst_128x160_64x8_2x1_2cta_v_bz_TNT,gemm,6.5043,73
38.5,nvjet_sm100_tst_128x192_64x7_2x2f_2cta_h_bz_TNT,gemm,0.1113,1
38.5,nvjet_sm100_tst_128x256_64x6_2x1_2cta_v_bz_TNT,gemm,42.6263,136
38.5,nvjet_sm100_tst_128x256_64x6_4x1f_2cta_v_bz_TNT,gemm,19.3781,99
38.5,nvjet_sm100_tst_160x128_64x8_1x2_2cta_h_bz_TNN,gemm,0.0108,1
38.5,nvjet_sm100_tst_16x128_64x12_2x4_2cta_h_bz_TNN,gemm,0.0031,1
38.5,nvjet_sm100_tst_256x128_64x5_2x1_2cta_v_bz_TNT,gemm,10.8708,36
38.5,nvjet_sm100_tst_32x128_64x12_1x4_2cta_h_bz_TNN,gemm,0.0043,1
38.5,pack_rgb_u8,layout_copy,0.1781,1
38.75,block_copy,layout_copy,1.1033,86
38.75,cast_bf16_f32_bias_act,cast_quant,0.6078,6
38.75,cast_f32_bf16,cast_quant,0.2264,6
38.75,flash_mma_fwd2_d64,attention,54.7315,73
38.75,gather_nd,layout_copy,4.4002,32
38.75,h3v_merge_heads_bf16,layout_copy,9.2386,74
38.75,h3v_qkv_heads_bf16,layout_copy,41.3774,73
38.75,h3v_residual_norm_bf16,norm_elementwise,17.1763,149
38.75,h3v_swiglu_bf16,norm_elementwise,34.6518,73
38.75,layer_norm_last,norm_elementwise,0.1625,2
38.75,memcpy HtoD,copies_memset,0.0386,4
38.75,nvjet_sm100_tst_128x160_64x8_2x1_2cta_v_bz_TNT,gemm,0.0341,2
38.75,nvjet_sm100_tst_128x192_64x7_2x2f_2cta_h_bz_TNT,gemm,0.2226,2
38.75,nvjet_sm100_tst_128x256_64x6_2x1_2cta_v_bz_TNT,gemm,56.9669,146
38.75,nvjet_sm100_tst_128x256_64x6_4x1f_2cta_v_bz_TNT,gemm,28.2816,147
38.75,nvjet_sm100_tst_32x128_64x12_1x4_2cta_h_bz_TNN,gemm,0.0069,2
39.0,block_copy,layout_copy,1.1161,86
39.0,cast_bf16_f32_bias_act,cast_quant,0.6167,6
39.0,cast_f32_bf16,cast_quant,0.2295,6
39.0,flash_mma_fwd2_d64,attention,55.2251,73
39.0,gather_nd,layout_copy,4.4923,32
39.0,h3v_merge_heads_bf16,layout_copy,9.0641,72
39.0,h3v_qkv_heads_bf16,layout_copy,41.7587,73
39.0,h3v_residual_norm_bf16,norm_elementwise,17.0564,147
39.0,h3v_swiglu_bf16,norm_elementwise,34.8687,73
39.0,layer_norm_last,norm_elementwise,0.1662,2
39.0,memcpy HtoD,copies_memset,0.0386,4
39.0,nvjet_sm100_tst_128x160_64x8_2x1_2cta_v_bz_TNT,gemm,0.0348,2
39.0,nvjet_sm100_tst_128x192_64x7_2x2f_2cta_h_bz_TNT,gemm,0.2279,2
39.0,nvjet_sm100_tst_128x256_64x6_2x1_2cta_v_bz_TNT,gemm,57.1583,146
39.0,nvjet_sm100_tst_128x256_64x6_4x1f_2cta_v_bz_TNT,gemm,28.2699,145
39.0,nvjet_sm100_tst_32x128_64x12_1x4_2cta_h_bz_TNN,gemm,0.0067,2
39.25,block_copy,layout_copy,1.1167,86
39.25,cast_bf16_f32_bias_act,cast_quant,0.6154,6
39.25,cast_f32_bf16,cast_quant,0.2294,6
39.25,flash_mma_fwd2_d64,attention,54.6584,72
39.25,gather_nd,layout_copy,4.4885,32
39.25,h3v_merge_heads_bf16,layout_copy,9.2212,73
39.25,h3v_qkv_heads_bf16,layout_copy,41.3507,72
39.25,h3v_residual_norm_bf16,norm_elementwise,17.2182,148
39.25,h3v_swiglu_bf16,norm_elementwise,34.9518,73
39.25,layer_norm_last,norm_elementwise,0.1658,2
39.25,memcpy HtoD,copies_memset,0.0388,4
39.25,nvjet_sm100_tst_128x160_64x8_2x1_2cta_v_bz_TNT,gemm,0.0345,2
39.25,nvjet_sm100_tst_128x192_64x7_2x2f_2cta_h_bz_TNT,gemm,0.2246,2
39.25,nvjet_sm100_tst_128x256_64x6_2x1_2cta_v_bz_TNT,gemm,57.1273,146
39.25,nvjet_sm100_tst_128x256_64x6_4x1f_2cta_v_bz_TNT,gemm,28.3449,146
39.25,nvjet_sm100_tst_32x128_64x12_1x4_2cta_h_bz_TNN,gemm,0.0069,2
39.5,bcast_binary,norm_elementwise,2.9429,212
39.5,block_copy,layout_copy,11.6028,727
39.5,cast_bf16_f32_bias_act,cast_quant,0.3345,4
39.5,cast_f32_bf16,cast_quant,0.1673,4
39.5,clamp_f,norm_elementwise,0.3947,1
39.5,elem_add,norm_elementwise,0.7429,105
39.5,flash_mma_fwd2_d64,attention,26.7037,53
39.5,gather_nd,layout_copy,6.0092,25
39.5,h3v_merge_heads_bf16,layout_copy,4.3451,53
39.5,h3v_qkv_heads_bf16,layout_copy,20.233,53
39.5,h3v_residual_norm_bf16,norm_elementwise,8.5854,107
39.5,h3v_swiglu_bf16,norm_elementwise,16.8115,53
39.5,layer_norm_last,norm_elementwise,0.1281,2
39.5,memcpy DtoH,copies_memset,24.5711,1
39.5,memcpy HtoD,copies_memset,0.3179,214
39.5,nvjet_sm100_tst_128x160_64x8_2x1_2cta_v_bz_TNT,gemm,6.5872,72
39.5,nvjet_sm100_tst_128x192_64x7_2x2f_2cta_h_bz_TNT,gemm,0.1123,1
39.5,nvjet_sm100_tst_128x256_64x6_2x1_2cta_v_bz_TNT,gemm,17.1533,70
39.5,nvjet_sm100_tst_128x256_64x6_4x1f_2cta_v_bz_TNT,gemm,6.5983,34
39.5,nvjet_sm100_tst_160x128_64x8_1x2_2cta_h_bz_TNN,gemm,0.0116,1
39.5,nvjet_sm100_tst_16x128_64x12_2x4_2cta_h_bz_TNN,gemm,0.0031,1
39.5,nvjet_sm100_tst_256x128_64x5_2x1_2cta_v_bz_TNT,gemm,10.9515,36
39.5,pack_rgb_u8,layout_copy,0.1852,1
39.75,block_copy,layout_copy,1.0542,81
39.75,cast_bf16_f32_bias_act,cast_quant,0.6001,6
39.75,cast_f32_bf16,cast_quant,0.2258,6
39.75,flash_mma_fwd2_d64,attention,53.6299,72
39.75,gather_nd,layout_copy,2.3442,17
39.75,h3v_merge_heads_bf16,layout_copy,8.9744,72
39.75,h3v_qkv_heads_bf16,layout_copy,40.6973,72
39.75,h3v_residual_norm_bf16,norm_elementwise,16.794,146
39.75,h3v_swiglu_bf16,norm_elementwise,34.1456,72
39.75,layer_norm_last,norm_elementwise,0.1627,2
39.75,memcpy HtoD,copies_memset,0.0385,4
39.75,nvjet_sm100_tst_128x160_64x8_2x1_2cta_v_bz_TNT,gemm,0.033,2
39.75,nvjet_sm100_tst_128x192_64x7_2x2f_2cta_h_bz_TNT,gemm,0.2219,2
39.75,nvjet_sm100_tst_128x256_64x6_2x1_2cta_v_bz_TNT,gemm,56.0859,144
39.75,nvjet_sm100_tst_128x256_64x6_4x1f_2cta_v_bz_TNT,gemm,27.7361,144
39.75,nvjet_sm100_tst_32x128_64x12_1x4_2cta_h_bz_TNN,gemm,0.0067,2
40.0,block_copy,layout_copy,1.5029,126
40.0,cast_bf16_f32_bias_act,cast_quant,0.7378,8
40.0,cast_f32_bf16,cast_quant,0.2312,8
40.0,flash_mma_fwd2_d64,attention,54.5291,72
40.0,gather_nd,layout_copy,6.5332,47
40.0,h3v_merge_heads_bf16,layout_copy,9.0715,72
40.0,h3v_qkv_heads_bf16,layout_copy,41.1933,72
40.0,h3v_residual_norm_bf16,norm_elementwise,16.8883,146
40.0,h3v_swiglu_bf16,norm_elementwise,34.3954,72
40.0,layer_norm_last,norm_elementwise,0.1665,2
40.0,memcpy HtoD,copies_memset,0.0579,6
40.0,nvjet_sm100_tst_128x160_64x8_2x1_2cta_v_bz_TNT,gemm,0.0518,3
40.0,nvjet_sm100_tst_128x192_64x7_2x2f_2cta_h_bz_TNT,gemm,0.2268,2
40.0,nvjet_sm100_tst_128x256_64x6_2x1_2cta_v_bz_TNT,gemm,56.3901,144
40.0,nvjet_sm100_tst_128x256_64x6_4x1f_2cta_v_bz_TNT,gemm,27.9666,144
40.0,nvjet_sm100_tst_32x128_64x12_1x4_2cta_h_bz_TNN,gemm,0.0104,3
40.25,block_copy,layout_copy,1.1108,87
40.25,cast_bf16_f32_bias_act,cast_quant,0.6119,6
40.25,cast_f32_bf16,cast_quant,0.2273,6
40.25,flash_mma_fwd2_d64,attention,55.4373,73
40.25,gather_nd,layout_copy,4.4234,32
40.25,h3v_merge_heads_bf16,layout_copy,9.2134,73
40.25,h3v_qkv_heads_bf16,layout_copy,41.8654,73
40.25,h3v_residual_norm_bf16,norm_elementwise,17.1345,148
40.25,h3v_swiglu_bf16,norm_elementwise,34.4466,72
40.25,layer_norm_last,norm_elementwise,0.1642,2
40.25,memcpy HtoD,copies_memset,0.0385,4
40.25,nvjet_sm100_tst_128x160_64x8_2x1_2cta_v_bz_TNT,gemm,0.0346,2
40.25,nvjet_sm100_tst_128x192_64x7_2x2f_2cta_h_bz_TNT,gemm,0.223,2
40.25,nvjet_sm100_tst_128x256_64x6_2x1_2cta_v_bz_TNT,gemm,57.168,146
40.25,nvjet_sm100_tst_128x256_64x6_4x1f_2cta_v_bz_TNT,gemm,28.0635,145
40.25,nvjet_sm100_tst_32x128_64x12_1x4_2cta_h_bz_TNN,gemm,0.0067,2
40.5,bcast_binary,norm_elementwise,3.2289,214
40.5,block_copy,layout_copy,11.8895,728
40.5,cast_bf16_f32_bias_act,cast_quant,0.3351,4
40.5,cast_f32_bf16,cast_quant,0.1684,4
40.5,clamp_f,norm_elementwise,0.5095,2
40.5,elem_add,norm_elementwise,0.7532,105
40.5,flash_mma_fwd2_d64,attention,40.0341,71
40.5,gather_nd,layout_copy,6.7596,26
40.5,h3v_merge_heads_bf16,layout_copy,6.5489,71
40.5,h3v_qkv_heads_bf16,layout_copy,30.2727,71
40.5,h3v_residual_norm_bf16,norm_elementwise,12.8636,144
40.5,h3v_swiglu_bf16,norm_elementwise,25.7914,72
40.5,layer_norm_last,norm_elementwise,0.1292,2
40.5,memcpy DtoH,copies_memset,31.7503,2
40.5,memcpy HtoD,copies_memset,0.3112,216
40.5,nvjet_sm100_tst_128x160_64x8_2x1_2cta_v_bz_TNT,gemm,6.5126,72
40.5,nvjet_sm100_tst_128x192_64x7_2x2f_2cta_h_bz_TNT,gemm,0.1124,1
40.5,nvjet_sm100_tst_128x256_64x6_2x1_2cta_v_bz_TNT,gemm,31.407,107
40.5,nvjet_sm100_tst_128x256_64x6_4x1f_2cta_v_bz_TNT,gemm,13.8712,71
40.5,nvjet_sm100_tst_160x128_64x8_1x2_2cta_h_bz_TNN,gemm,0.012,1
40.5,nvjet_sm100_tst_16x128_64x12_2x4_2cta_h_bz_TNN,gemm,0.0032,1
40.5,nvjet_sm100_tst_256x128_64x5_2x1_2cta_v_bz_TNT,gemm,10.8929,36
40.5,pack_rgb_u8,layout_copy,0.2391,2
