t_s,name,category,ms,n
0.0,add_bias_inplace,norm_elementwise,0.0879,3
0.0,cast_bf16_f32_bias_act,cast_quant,0.0254,13
0.0,cast_f32_bf16,cast_quant,0.0942,12
0.0,fa_dc100_fwd_d128,attention,67.8152,215
0.0,fvf_split_heads_rows,layout_copy,1.5683,108
0.0,gather_nd,layout_copy,0.5369,3
0.0,lincomb3,norm_elementwise,0.0095,5
0.0,memset,copies_memset,1.6529,1286
0.0,mx_binary,norm_elementwise,0.007,3
0.0,mx_block_copy,layout_copy,33.5664,439
0.0,mx_gather_nd,layout_copy,0.0834,9
0.0,mx_ln_adaln_e,norm_elementwise,3.5359,111
0.0,mx_merge_heads,layout_copy,9.2556,214
0.0,mxfp8_quantize,cast_quant,33.2672,643
0.0,nvjet_sm100_qqtst_128x128_128x8_2x1_2cta_v_bz_Avec32UE8M0_Bvec32UE8M0_TNT,gemm,3.4733,321
0.0,nvjet_sm100_qqtst_128x256_128x6_2x1_2cta_v_bz_Avec32UE8M0_Bvec32UE8M0_TNT,gemm,7.5852,215
0.0,nvjet_sm100_qqtst_256x128_128x5_2x4f_2cta_h_bz_Avec32UE8M0_Bvec32UE8M0_TNT,gemm,5.5726,107
0.0,nvjet_sm100_tst_32x64_64x16_1x2_2cta_h_bz_bias_TNN,gemm,0.0153,3
0.0,quant_linear_epilogue,cast_quant,48.7039,643
0.0,"implicit_convolve_sgemm<float, float, int, (int)1024, (int)5, (int)5, (int)3, (int)3, (int)3, (int)1, (bool)0, (bool)0, (bool)1>(int, int, int, const T1 *, int,…",vae_conv,0.1406,3
0.0,wan_qk_norm_rope16,norm_elementwise,15.0078,323
0.0,wan_res_gate,norm_elementwise,4.5702,107
0.0,wan_res_ln,norm_elementwise,12.2676,214
0.25,add_bias_inplace,norm_elementwise,2.3529,32
0.25,add_scalar,norm_elementwise,0.0512,1
0.25,block_copy,layout_copy,2.7813,55
0.25,cast_bf16_f32_bias_act,cast_quant,0.0214,11
0.25,cast_f32_bf16,cast_quant,0.0806,14
0.25,clamp_f,norm_elementwise,2.676,30
0.25,cutlass3x_sm100_tensorop_s256x128x8tf32implicit_gemm_fprop_f32_f32_f32_void_f32_f32_256x128x32_dyn_cga_ndhwc_ndhwc_ndhwc_align4_2sm_relu_valpha,vae_conv,0.6356,16
0.25,cutlass3x_sm100_tensorop_s256x256x8tf32implicit_gemm_fprop_f32_f32_f32_void_f32_f32_256x256x32_dyn_cga_ndhwc_ndhwc_ndhwc_align4_2sm_relu_valpha_stream_k,vae_conv,0.1677,3
0.25,cutlass3x_sm100_tensorop_s32x256x8_conv3d_fprop_weight_stationary_nq_2d_tiled_f32_f32_f32_void_f32_void_t1xr3xs3_32x256x32_dyn_cga_ndhwc_ndhwc_ndhwc_1sm,vae_conv,0.2817,1
0.25,cutlass3x_sm100_tensorop_s64x256x8_conv3d_fprop_weight_stationary_nq_2d_tiled_f32_f32_f32_void_f32_void_t1xr3xs3_64x256x32_dyn_cga_ndhwc_ndhwc_ndhwc_1sm,vae_conv,1.6113,11
0.25,elem_add,norm_elementwise,0.6201,9
0.25,fa_dc100_fwd_d128,attention,68.2118,182
0.25,fvf_split_heads_rows,layout_copy,1.3212,91
0.25,gather_nd,layout_copy,0.5395,3
0.25,lincomb3,norm_elementwise,0.0082,4
0.25,memcpy DtoH,copies_memset,0.4794,2
0.25,memcpy HtoD,copies_memset,0.5082,7
0.25,memset,copies_memset,1.3948,1093
0.25,mul_scalar,norm_elementwise,0.0504,1
0.25,mx_binary,norm_elementwise,0.007,3
0.25,mx_block_copy,layout_copy,33.293,375
0.25,mx_gather_nd,layout_copy,0.1177,13
0.25,mx_ln_adaln_e,norm_elementwise,2.9927,94
0.25,mx_merge_heads,layout_copy,7.9244,182
0.25,mxfp8_quantize,cast_quant,28.2633,546
0.25,nvjet_sm100_qqtst_128x128_128x8_2x1_2cta_v_bz_Avec32UE8M0_Bvec32UE8M0_TNT,gemm,2.9551,273
0.25,nvjet_sm100_qqtst_128x256_128x6_2x1_2cta_v_bz_Avec32UE8M0_Bvec32UE8M0_TNT,gemm,6.4179,182
0.25,nvjet_sm100_qqtst_256x128_128x5_2x4f_2cta_h_bz_Avec32UE8M0_Bvec32UE8M0_TNT,gemm,4.7365,91
0.25,nvjet_sm100_sss_tf32_256x128_32x4_1x2_h_bz_NNT,gemm,0.1031,2
0.25,nvjet_sm100_sss_tf32_256x128_32x5_2x1_2cta_v_bz_NNT,gemm,0.2949,1
0.25,nvjet_sm100_tst_32x64_64x16_1x2_2cta_h_bz_bias_TNN,gemm,0.0154,3
0.25,pack_rgb_u8,layout_copy,0.0234,1
0.25,quant_linear_epilogue,cast_quant,41.3681,546
0.25,tanh_scaled,norm_elementwise,0.0023,1
0.25,upsample_nearest,vae_conv,1.2415,3
0.25,"cudnn::engines_precompiled::nchwToNhwcKernel<float, float, float, (bool)0, (bool)1, (cudnnKernelDataType_t)0>(cudnn::engines_precompiled::nchw2nhwc_params_t<T3>…",vae_conv,2.8862,61
0.25,"cudnn::engines_precompiled::nhwcToNchwKernel<float, float, float, (bool)1, (bool)0, (cudnnKernelDataType_t)0>(cudnn::engines_precompiled::nhwc2nchw_params_t<T3>…",vae_conv,1.4283,31
0.25,"implicit_convolve_sgemm<float, float, int, (int)1024, (int)5, (int)5, (int)3, (int)3, (int)3, (int)1, (bool)0, (bool)0, (bool)1>(int, int, int, const T1 *, int,…",vae_conv,0.1421,3
0.25,"implicit_convolve_sgemm<float, float, int, (int)1024, (int)6, (int)7, (int)3, (int)3, (int)5, (int)1, (bool)0, (bool)0, (bool)1>(int, int, int, const T1 *, int,…",vae_conv,0.0514,1
0.25,"tensorTransformGeneric<float, float, float, (bool)1, (bool)0, (bool)0, (cudnnKernelDataType_t)0>(cudnnTensorTransformStruct, tensorTransformParams, int, unsigne…",vae_conv,0.009,1
0.25,wan_qk_norm_rope16,norm_elementwise,12.6859,273
0.25,wan_res_gate,norm_elementwise,3.8877,91
0.25,wan_res_ln,norm_elementwise,10.4362,182
0.5,add_bias_inplace,norm_elementwise,2.3544,32
0.5,add_scalar,norm_elementwise,0.051,1
0.5,block_copy,layout_copy,2.7852,55
0.5,cast_bf16_f32_bias_act,cast_quant,0.0201,10
0.5,cast_f32_bf16,cast_quant,0.0783,13
0.5,clamp_f,norm_elementwise,2.6909,30
0.5,cutlass3x_sm100_tensorop_s256x128x8tf32implicit_gemm_fprop_f32_f32_f32_void_f32_f32_256x128x32_dyn_cga_ndhwc_ndhwc_ndhwc_align4_2sm_relu_valpha,vae_conv,0.6358,16
0.5,cutlass3x_sm100_tensorop_s256x256x8tf32implicit_gemm_fprop_f32_f32_f32_void_f32_f32_256x256x32_dyn_cga_ndhwc_ndhwc_ndhwc_align4_2sm_relu_valpha_stream_k,vae_conv,0.1675,3
0.5,cutlass3x_sm100_tensorop_s32x256x8_conv3d_fprop_weight_stationary_nq_2d_tiled_f32_f32_f32_void_f32_void_t1xr3xs3_32x256x32_dyn_cga_ndhwc_ndhwc_ndhwc_1sm,vae_conv,0.2733,1
0.5,cutlass3x_sm100_tensorop_s64x256x8_conv3d_fprop_weight_stationary_nq_2d_tiled_f32_f32_f32_void_f32_void_t1xr3xs3_64x256x32_dyn_cga_ndhwc_ndhwc_ndhwc_1sm,vae_conv,1.6192,11
0.5,elem_add,norm_elementwise,0.6231,9
0.5,fa_dc100_fwd_d128,attention,69.9202,177
0.5,fvf_split_heads_rows,layout_copy,1.2823,88
0.5,gather_nd,layout_copy,0.539,3
0.5,lincomb3,norm_elementwise,0.0055,3
0.5,memcpy DtoH,copies_memset,0.4743,2
0.5,memcpy HtoD,copies_memset,0.5019,7
0.5,memset,copies_memset,1.3596,1067
0.5,mul_scalar,norm_elementwise,0.05,1
0.5,mx_binary,norm_elementwise,0.0068,3
0.5,mx_block_copy,layout_copy,34.0146,364
0.5,mx_gather_nd,layout_copy,0.1174,13
0.5,mx_ln_adaln_e,norm_elementwise,2.8967,91
0.5,mx_merge_heads,layout_copy,7.7717,178
0.5,mxfp8_quantize,cast_quant,27.6047,533
0.5,nvjet_sm100_qqtst_128x128_128x8_2x1_2cta_v_bz_Avec32UE8M0_Bvec32UE8M0_TNT,gemm,2.8852,267
0.5,nvjet_sm100_qqtst_128x256_128x6_2x1_2cta_v_bz_Avec32UE8M0_Bvec32UE8M0_TNT,gemm,6.2406,177
0.5,nvjet_sm100_qqtst_256x128_128x5_2x4f_2cta_h_bz_Avec32UE8M0_Bvec32UE8M0_TNT,gemm,4.6284,89
0.5,nvjet_sm100_sss_tf32_256x128_32x4_1x2_h_bz_NNT,gemm,0.102,2
0.5,nvjet_sm100_sss_tf32_256x128_32x5_2x1_2cta_v_bz_NNT,gemm,0.2958,1
0.5,nvjet_sm100_tst_32x64_64x16_1x2_2cta_h_bz_bias_TNN,gemm,0.015,3
0.5,pack_rgb_u8,layout_copy,0.0228,1
0.5,quant_linear_epilogue,cast_quant,40.3593,533
0.5,tanh_scaled,norm_elementwise,0.0022,1
0.5,upsample_nearest,vae_conv,1.2414,3
0.5,"cudnn::engines_precompiled::nchwToNhwcKernel<float, float, float, (bool)0, (bool)1, (cudnnKernelDataType_t)0>(cudnn::engines_precompiled::nchw2nhwc_params_t<T3>…",vae_conv,2.885,61
0.5,"cudnn::engines_precompiled::nhwcToNchwKernel<float, float, float, (bool)1, (bool)0, (cudnnKernelDataType_t)0>(cudnn::engines_precompiled::nhwc2nchw_params_t<T3>…",vae_conv,1.4279,31
0.5,"implicit_convolve_sgemm<float, float, int, (int)1024, (int)5, (int)5, (int)3, (int)3, (int)3, (int)1, (bool)0, (bool)0, (bool)1>(int, int, int, const T1 *, int,…",vae_conv,0.1433,3
0.5,"implicit_convolve_sgemm<float, float, int, (int)1024, (int)6, (int)7, (int)3, (int)3, (int)5, (int)1, (bool)0, (bool)0, (bool)1>(int, int, int, const T1 *, int,…",vae_conv,0.0518,1
0.5,"tensorTransformGeneric<float, float, float, (bool)1, (bool)0, (bool)0, (cudnnKernelDataType_t)0>(cudnnTensorTransformStruct, tensorTransformParams, int, unsigne…",vae_conv,0.0091,1
0.5,wan_qk_norm_rope16,norm_elementwise,12.2907,265
0.5,wan_res_gate,norm_elementwise,3.8011,89
0.5,wan_res_ln,norm_elementwise,10.2012,178
0.75,add_bias_inplace,norm_elementwise,0.0877,3
0.75,cast_bf16_f32_bias_act,cast_quant,0.0269,14
0.75,cast_f32_bf16,cast_quant,0.0764,12
0.75,fa_dc100_fwd_d128,attention,83.6567,183
0.75,fvf_split_heads_rows,layout_copy,1.3491,92
0.75,gather_nd,layout_copy,0.5365,3
0.75,lincomb3,norm_elementwise,0.0115,6
0.75,memset,copies_memset,1.3947,1094
0.75,mx_binary,norm_elementwise,0.007,3
0.75,mx_block_copy,layout_copy,40.2384,374
0.75,mx_gather_nd,layout_copy,0.0834,9
0.75,mx_ln_adaln_e,norm_elementwise,3.0257,95
0.75,mx_merge_heads,layout_copy,7.9745,182
0.75,mxfp8_quantize,cast_quant,28.2832,547
0.75,nvjet_sm100_qqtst_128x128_128x8_2x1_2cta_v_bz_Avec32UE8M0_Bvec32UE8M0_TNT,gemm,2.9454,273
0.75,nvjet_sm100_qqtst_128x256_128x6_2x1_2cta_v_bz_Avec32UE8M0_Bvec32UE8M0_TNT,gemm,6.4178,183
0.75,nvjet_sm100_qqtst_256x128_128x5_2x4f_2cta_h_bz_Avec32UE8M0_Bvec32UE8M0_TNT,gemm,4.736,91
0.75,nvjet_sm100_tst_32x64_64x16_1x2_2cta_h_bz_bias_TNN,gemm,0.0152,3
0.75,quant_linear_epilogue,cast_quant,41.4433,547
0.75,"implicit_convolve_sgemm<float, float, int, (int)1024, (int)5, (int)5, (int)3, (int)3, (int)3, (int)1, (bool)0, (bool)0, (bool)1>(int, int, int, const T1 *, int,…",vae_conv,0.1396,3
0.75,wan_qk_norm_rope16,norm_elementwise,12.7725,275
0.75,wan_res_gate,norm_elementwise,3.8788,91
0.75,wan_res_ln,norm_elementwise,10.4364,182
1.0,add_bias_inplace,norm_elementwise,2.3532,32
1.0,add_scalar,norm_elementwise,0.0509,1
1.0,block_copy,layout_copy,2.7845,55
1.0,cast_bf16_f32_bias_act,cast_quant,0.0179,9
1.0,cast_f32_bf16,cast_quant,0.0794,13
1.0,clamp_f,norm_elementwise,2.6813,30
1.0,cutlass3x_sm100_tensorop_s256x128x8tf32implicit_gemm_fprop_f32_f32_f32_void_f32_f32_256x128x32_dyn_cga_ndhwc_ndhwc_ndhwc_align4_2sm_relu_valpha,vae_conv,0.6356,16
1.0,cutlass3x_sm100_tensorop_s256x256x8tf32implicit_gemm_fprop_f32_f32_f32_void_f32_f32_256x256x32_dyn_cga_ndhwc_ndhwc_ndhwc_align4_2sm_relu_valpha_stream_k,vae_conv,0.1673,3
1.0,cutlass3x_sm100_tensorop_s32x256x8_conv3d_fprop_weight_stationary_nq_2d_tiled_f32_f32_f32_void_f32_void_t1xr3xs3_32x256x32_dyn_cga_ndhwc_ndhwc_ndhwc_1sm,vae_conv,0.2729,1
1.0,cutlass3x_sm100_tensorop_s64x256x8_conv3d_fprop_weight_stationary_nq_2d_tiled_f32_f32_f32_void_f32_void_t1xr3xs3_64x256x32_dyn_cga_ndhwc_ndhwc_ndhwc_1sm,vae_conv,1.6109,11
1.0,elem_add,norm_elementwise,0.6222,9
1.0,fa_dc100_fwd_d128,attention,85.0894,175
1.0,fvf_split_heads_rows,layout_copy,1.2698,87
1.0,gather_nd,layout_copy,0.5393,3
1.0,lincomb3,norm_elementwise,0.0063,3
1.0,memcpy DtoH,copies_memset,0.4945,2
1.0,memcpy HtoD,copies_memset,0.5044,7
1.0,memset,copies_memset,1.3513,1053
1.0,mul_scalar,norm_elementwise,0.0503,1
1.0,mx_binary,norm_elementwise,0.007,3
1.0,mx_block_copy,layout_copy,20.5546,268
1.0,mx_gather_nd,layout_copy,0.1187,13
1.0,mx_ln_adaln_e,norm_elementwise,2.8664,90
1.0,mx_merge_heads,layout_copy,7.7116,176
1.0,mxfp8_quantize,cast_quant,27.1331,526
1.0,nvjet_sm100_qqtst_128x128_128x8_2x1_2cta_v_bz_Avec32UE8M0_Bvec32UE8M0_TNT,gemm,2.8436,264
1.0,nvjet_sm100_qqtst_128x256_128x6_2x1_2cta_v_bz_Avec32UE8M0_Bvec32UE8M0_TNT,gemm,6.1498,175
1.0,nvjet_sm100_qqtst_256x128_128x5_2x4f_2cta_h_bz_Avec32UE8M0_Bvec32UE8M0_TNT,gemm,4.5165,87
1.0,nvjet_sm100_sss_tf32_256x128_32x4_1x2_h_bz_NNT,gemm,0.1029,2
1.0,nvjet_sm100_sss_tf32_256x128_32x5_2x1_2cta_v_bz_NNT,gemm,0.2942,1
1.0,nvjet_sm100_tst_32x64_64x16_1x2_2cta_h_bz_bias_TNN,gemm,0.0152,3
1.0,pack_rgb_u8,layout_copy,0.0236,1
1.0,quant_linear_epilogue,cast_quant,39.6366,525
1.0,tanh_scaled,norm_elementwise,0.0023,1
1.0,upsample_nearest,vae_conv,1.2401,3
1.0,"cudnn::engines_precompiled::nchwToNhwcKernel<float, float, float, (bool)0, (bool)1, (cudnnKernelDataType_t)0>(cudnn::engines_precompiled::nchw2nhwc_params_t<T3>…",vae_conv,2.8831,61
1.0,"cudnn::engines_precompiled::nhwcToNchwKernel<float, float, float, (bool)1, (bool)0, (cudnnKernelDataType_t)0>(cudnn::engines_precompiled::nhwc2nchw_params_t<T3>…",vae_conv,1.4293,31
1.0,"implicit_convolve_sgemm<float, float, int, (int)1024, (int)5, (int)5, (int)3, (int)3, (int)3, (int)1, (bool)0, (bool)0, (bool)1>(int, int, int, const T1 *, int,…",vae_conv,0.1429,3
1.0,"implicit_convolve_sgemm<float, float, int, (int)1024, (int)6, (int)7, (int)3, (int)3, (int)5, (int)1, (bool)0, (bool)0, (bool)1>(int, int, int, const T1 *, int,…",vae_conv,0.0517,1
1.0,"tensorTransformGeneric<float, float, float, (bool)1, (bool)0, (bool)0, (cudnnKernelDataType_t)0>(cudnnTensorTransformStruct, tensorTransformParams, int, unsigne…",vae_conv,0.0092,1
1.0,wan_qk_norm_rope16,norm_elementwise,12.1485,262
1.0,wan_res_gate,norm_elementwise,3.7035,87
1.0,wan_res_ln,norm_elementwise,10.087,176
1.25,add_bias_inplace,norm_elementwise,0.0881,3
1.25,cast_bf16_f32_bias_act,cast_quant,0.0252,13
1.25,cast_f32_bf16,cast_quant,0.0755,11
1.25,fa_dc100_fwd_d128,attention,104.7532,201
1.25,fvf_split_heads_rows,layout_copy,1.4726,101
1.25,gather_nd,layout_copy,0.5378,3
1.25,lincomb3,norm_elementwise,0.0093,5
1.25,memset,copies_memset,1.5493,1204
1.25,mx_binary,norm_elementwise,0.0071,3
1.25,mx_block_copy,layout_copy,5.7169,209
1.25,mx_gather_nd,layout_copy,0.0831,9
1.25,mx_ln_adaln_e,norm_elementwise,3.3135,104
1.25,mx_merge_heads,layout_copy,8.7724,200
1.25,mxfp8_quantize,cast_quant,31.2471,602
1.25,nvjet_sm100_qqtst_128x128_128x8_2x1_2cta_v_bz_Avec32UE8M0_Bvec32UE8M0_TNT,gemm,3.2298,300
1.25,nvjet_sm100_qqtst_128x256_128x6_2x1_2cta_v_bz_Avec32UE8M0_Bvec32UE8M0_TNT,gemm,7.0336,201
1.25,nvjet_sm100_qqtst_256x128_128x5_2x4f_2cta_h_bz_Avec32UE8M0_Bvec32UE8M0_TNT,gemm,5.2413,101
1.25,nvjet_sm100_tst_32x64_64x16_1x2_2cta_h_bz_bias_TNN,gemm,0.0153,3
1.25,quant_linear_epilogue,cast_quant,45.8032,603
1.25,"implicit_convolve_sgemm<float, float, int, (int)1024, (int)5, (int)5, (int)3, (int)3, (int)3, (int)1, (bool)0, (bool)0, (bool)1>(int, int, int, const T1 *, int,…",vae_conv,0.14,3
1.25,wan_qk_norm_rope16,norm_elementwise,14.0313,302
1.25,wan_res_gate,norm_elementwise,4.3017,101
1.25,wan_res_ln,norm_elementwise,11.4683,200
1.5,add_bias_inplace,norm_elementwise,2.3512,32
1.5,add_scalar,norm_elementwise,0.0512,1
1.5,apply_rotary_bshd,norm_elementwise,1.3171,60
1.5,block_copy,layout_copy,2.7842,55
1.5,cast_bf16_f32_bias_act,cast_quant,0.5405,41
1.5,cast_f32_bf16,cast_quant,0.6535,44
1.5,clamp_f,norm_elementwise,2.6922,30
1.5,cutlass3x_sm100_tensorop_s256x128x8tf32implicit_gemm_fprop_f32_f32_f32_void_f32_f32_256x128x32_dyn_cga_ndhwc_ndhwc_ndhwc_align4_2sm_relu_valpha,vae_conv,0.6379,16
1.5,cutlass3x_sm100_tensorop_s256x256x8tf32implicit_gemm_fprop_f32_f32_f32_void_f32_f32_256x256x32_dyn_cga_ndhwc_ndhwc_ndhwc_align4_2sm_relu_valpha_stream_k,vae_conv,0.1697,3
1.5,cutlass3x_sm100_tensorop_s32x256x8_conv3d_fprop_weight_stationary_nq_2d_tiled_f32_f32_f32_void_f32_void_t1xr3xs3_32x256x32_dyn_cga_ndhwc_ndhwc_ndhwc_1sm,vae_conv,0.2795,1
1.5,cutlass3x_sm100_tensorop_s64x256x8_conv3d_fprop_weight_stationary_nq_2d_tiled_f32_f32_f32_void_f32_void_t1xr3xs3_64x256x32_dyn_cga_ndhwc_ndhwc_ndhwc_1sm,vae_conv,1.6105,11
1.5,elem_add,norm_elementwise,0.6229,9
1.5,fa_dc100_fwd_d128,attention,86.5417,167
1.5,fvf_split_heads_rows,layout_copy,1.2047,83
1.5,gather_nd,layout_copy,0.5373,3
1.5,lincomb3,norm_elementwise,0.0077,4
1.5,memcpy DtoH,copies_memset,0.4742,2
1.5,memcpy HtoD,copies_memset,0.7244,11
1.5,memset,copies_memset,1.2779,1001
1.5,mul_scalar,norm_elementwise,0.0533,2
1.5,mx_binary,norm_elementwise,0.0068,3
1.5,mx_block_copy,layout_copy,17.683,567
1.5,mx_gather_nd,layout_copy,0.1189,13
1.5,mx_ln_adaln_e,norm_elementwise,2.7395,86
1.5,mx_merge_heads,layout_copy,7.3206,167
1.5,mxfp8_quantize,cast_quant,25.8241,500
1.5,nvjet_sm100_qqtst_128x128_128x8_2x1_2cta_v_bz_Avec32UE8M0_Bvec32UE8M0_TNT,gemm,2.7023,251
1.5,nvjet_sm100_qqtst_128x256_128x6_2x1_2cta_v_bz_Avec32UE8M0_Bvec32UE8M0_TNT,gemm,5.8214,166
1.5,nvjet_sm100_qqtst_256x128_128x5_2x4f_2cta_h_bz_Avec32UE8M0_Bvec32UE8M0_TNT,gemm,4.3161,83
1.5,nvjet_sm100_sss_tf32_256x128_32x4_1x2_h_bz_NNT,gemm,0.1039,2
1.5,nvjet_sm100_sss_tf32_256x128_32x5_2x1_2cta_v_bz_NNT,gemm,0.296,1
1.5,nvjet_sm100_tst_32x64_64x16_1x2_2cta_h_bz_bias_TNN,gemm,0.0154,3
1.5,pack_rgb_u8,layout_copy,0.0237,1
1.5,quant_linear_epilogue,cast_quant,37.8046,500
1.5,tanh_scaled,norm_elementwise,0.0023,1
1.5,upsample_nearest,vae_conv,1.2409,3
1.5,"cudnn::engines_precompiled::nchwToNhwcKernel<float, float, float, (bool)0, (bool)1, (cudnnKernelDataType_t)0>(cudnn::engines_precompiled::nchw2nhwc_params_t<T3>…",vae_conv,2.8883,61
1.5,"cudnn::engines_precompiled::nhwcToNchwKernel<float, float, float, (bool)1, (bool)0, (cudnnKernelDataType_t)0>(cudnn::engines_precompiled::nhwc2nchw_params_t<T3>…",vae_conv,1.432,31
1.5,"implicit_convolve_sgemm<float, float, int, (int)1024, (int)5, (int)5, (int)3, (int)3, (int)3, (int)1, (bool)0, (bool)0, (bool)1>(int, int, int, const T1 *, int,…",vae_conv,0.1408,3
1.5,"implicit_convolve_sgemm<float, float, int, (int)1024, (int)6, (int)7, (int)3, (int)3, (int)5, (int)1, (bool)0, (bool)0, (bool)1>(int, int, int, const T1 *, int,…",vae_conv,0.0532,1
1.5,"tensorTransformGeneric<float, float, float, (bool)1, (bool)0, (bool)0, (cudnnKernelDataType_t)0>(cudnnTensorTransformStruct, tensorTransformParams, int, unsigne…",vae_conv,0.009,1
1.5,wan_qk_norm_rope16,norm_elementwise,11.5919,250
1.5,wan_res_gate,norm_elementwise,3.5374,83
1.5,wan_res_ln,norm_elementwise,9.5636,167
1.75,add_bias_inplace,norm_elementwise,2.3518,32
1.75,add_scalar,norm_elementwise,0.0512,1
1.75,apply_rotary_bshd,norm_elementwise,0.7276,30
1.75,block_copy,layout_copy,2.7877,55
1.75,cast_bf16_f32_bias_act,cast_quant,0.0198,10
1.75,cast_f32_bf16,cast_quant,0.6502,43
1.75,clamp_f,norm_elementwise,2.6751,30
1.75,cutlass3x_sm100_tensorop_s256x128x8tf32implicit_gemm_fprop_f32_f32_f32_void_f32_f32_256x128x32_dyn_cga_ndhwc_ndhwc_ndhwc_align4_2sm_relu_valpha,vae_conv,0.6334,16
1.75,cutlass3x_sm100_tensorop_s256x256x8tf32implicit_gemm_fprop_f32_f32_f32_void_f32_f32_256x256x32_dyn_cga_ndhwc_ndhwc_ndhwc_align4_2sm_relu_valpha_stream_k,vae_conv,0.1662,3
1.75,cutlass3x_sm100_tensorop_s32x256x8_conv3d_fprop_weight_stationary_nq_2d_tiled_f32_f32_f32_void_f32_void_t1xr3xs3_32x256x32_dyn_cga_ndhwc_ndhwc_ndhwc_1sm,vae_conv,0.2823,1
1.75,cutlass3x_sm100_tensorop_s64x256x8_conv3d_fprop_weight_stationary_nq_2d_tiled_f32_f32_f32_void_f32_void_t1xr3xs3_64x256x32_dyn_cga_ndhwc_ndhwc_ndhwc_1sm,vae_conv,1.614,11
1.75,elem_add,norm_elementwise,0.6212,9
1.75,fa_dc100_fwd_d128,attention,91.488,176
1.75,fvf_split_heads_rows,layout_copy,1.2797,88
1.75,gather_nd,layout_copy,0.538,3
1.75,lincomb3,norm_elementwise,0.0055,3
1.75,memcpy DtoH,copies_memset,0.5531,2
1.75,memcpy HtoD,copies_memset,0.6925,11
1.75,memset,copies_memset,1.3661,1063
1.75,mul_scalar,norm_elementwise,0.0509,1
1.75,mx_binary,norm_elementwise,0.0071,3
1.75,mx_block_copy,layout_copy,12.0358,398
1.75,mx_gather_nd,layout_copy,0.1183,13
1.75,mx_ln_adaln_e,norm_elementwise,2.8973,91
1.75,mx_merge_heads,layout_copy,7.7565,177
1.75,mxfp8_quantize,cast_quant,27.5309,531
1.75,nvjet_sm100_qqtst_128x128_128x8_2x1_2cta_v_bz_Avec32UE8M0_Bvec32UE8M0_TNT,gemm,2.8503,265
1.75,nvjet_sm100_qqtst_128x256_128x6_2x1_2cta_v_bz_Avec32UE8M0_Bvec32UE8M0_TNT,gemm,6.2145,177
1.75,nvjet_sm100_qqtst_256x128_128x5_2x4f_2cta_h_bz_Avec32UE8M0_Bvec32UE8M0_TNT,gemm,4.5643,88
1.75,nvjet_sm100_sss_tf32_256x128_32x4_1x2_h_bz_NNT,gemm,0.1026,2
1.75,nvjet_sm100_sss_tf32_256x128_32x5_2x1_2cta_v_bz_NNT,gemm,0.296,1
1.75,nvjet_sm100_tst_32x64_64x16_1x2_2cta_h_bz_bias_TNN,gemm,0.0153,3
1.75,pack_rgb_u8,layout_copy,0.0232,1
1.75,quant_linear_epilogue,cast_quant,40.2804,530
1.75,tanh_scaled,norm_elementwise,0.0023,1
1.75,upsample_nearest,vae_conv,1.2406,3
1.75,"cudnn::engines_precompiled::nchwToNhwcKernel<float, float, float, (bool)0, (bool)1, (cudnnKernelDataType_t)0>(cudnn::engines_precompiled::nchw2nhwc_params_t<T3>…",vae_conv,2.8872,61
1.75,"cudnn::engines_precompiled::nhwcToNchwKernel<float, float, float, (bool)1, (bool)0, (cudnnKernelDataType_t)0>(cudnn::engines_precompiled::nhwc2nchw_params_t<T3>…",vae_conv,1.4261,31
1.75,"implicit_convolve_sgemm<float, float, int, (int)1024, (int)5, (int)5, (int)3, (int)3, (int)3, (int)1, (bool)0, (bool)0, (bool)1>(int, int, int, const T1 *, int,…",vae_conv,0.1411,3
1.75,"implicit_convolve_sgemm<float, float, int, (int)1024, (int)6, (int)7, (int)3, (int)3, (int)5, (int)1, (bool)0, (bool)0, (bool)1>(int, int, int, const T1 *, int,…",vae_conv,0.0516,1
1.75,"tensorTransformGeneric<float, float, float, (bool)1, (bool)0, (bool)0, (cudnnKernelDataType_t)0>(cudnnTensorTransformStruct, tensorTransformParams, int, unsigne…",vae_conv,0.0091,1
1.75,wan_qk_norm_rope16,norm_elementwise,12.2586,264
1.75,wan_res_gate,norm_elementwise,3.7487,88
1.75,wan_res_ln,norm_elementwise,10.1495,177
2.0,add_bias_inplace,norm_elementwise,0.0882,3
2.0,cast_bf16_f32_bias_act,cast_quant,0.0276,14
2.0,cast_f32_bf16,cast_quant,0.0764,12
2.0,fa_dc100_fwd_d128,attention,102.8491,198
2.0,fvf_split_heads_rows,layout_copy,1.4357,99
2.0,gather_nd,layout_copy,0.5371,3
2.0,lincomb3,norm_elementwise,0.0115,6
2.0,memset,copies_memset,1.5387,1186
2.0,mx_binary,norm_elementwise,0.007,3
2.0,mx_block_copy,layout_copy,9.7453,324
2.0,mx_gather_nd,layout_copy,0.0823,9
2.0,mx_ln_adaln_e,norm_elementwise,3.2462,102
2.0,mx_merge_heads,layout_copy,8.6847,198
2.0,mxfp8_quantize,cast_quant,30.5739,593
2.0,nvjet_sm100_qqtst_128x128_128x8_2x1_2cta_v_bz_Avec32UE8M0_Bvec32UE8M0_TNT,gemm,3.2024,297
2.0,nvjet_sm100_qqtst_128x256_128x6_2x1_2cta_v_bz_Avec32UE8M0_Bvec32UE8M0_TNT,gemm,6.9539,198
2.0,nvjet_sm100_qqtst_256x128_128x5_2x4f_2cta_h_bz_Avec32UE8M0_Bvec32UE8M0_TNT,gemm,5.1375,99
2.0,nvjet_sm100_tst_32x64_64x16_1x2_2cta_h_bz_bias_TNN,gemm,0.0156,3
2.0,quant_linear_epilogue,cast_quant,45.0036,594
2.0,"implicit_convolve_sgemm<float, float, int, (int)1024, (int)5, (int)5, (int)3, (int)3, (int)3, (int)1, (bool)0, (bool)0, (bool)1>(int, int, int, const T1 *, int,…",vae_conv,0.1389,3
2.0,wan_qk_norm_rope16,norm_elementwise,13.7944,297
2.0,wan_res_gate,norm_elementwise,4.2282,99
2.0,wan_res_ln,norm_elementwise,11.3706,198
2.25,add_bias_inplace,norm_elementwise,2.2948,30
2.25,add_scalar,norm_elementwise,0.051,1
2.25,block_copy,layout_copy,2.7858,55
2.25,cast_bf16_f32_bias_act,cast_quant,0.0082,4
2.25,cast_f32_bf16,cast_quant,0.0319,7
2.25,clamp_f,norm_elementwise,2.6765,30
2.25,cutlass3x_sm100_tensorop_s256x128x8tf32implicit_gemm_fprop_f32_f32_f32_void_f32_f32_256x128x32_dyn_cga_ndhwc_ndhwc_ndhwc_align4_2sm_relu_valpha,vae_conv,0.6347,16
2.25,cutlass3x_sm100_tensorop_s256x256x8tf32implicit_gemm_fprop_f32_f32_f32_void_f32_f32_256x256x32_dyn_cga_ndhwc_ndhwc_ndhwc_align4_2sm_relu_valpha_stream_k,vae_conv,0.1663,3
2.25,cutlass3x_sm100_tensorop_s32x256x8_conv3d_fprop_weight_stationary_nq_2d_tiled_f32_f32_f32_void_f32_void_t1xr3xs3_32x256x32_dyn_cga_ndhwc_ndhwc_ndhwc_1sm,vae_conv,0.2736,1
2.25,cutlass3x_sm100_tensorop_s64x256x8_conv3d_fprop_weight_stationary_nq_2d_tiled_f32_f32_f32_void_f32_void_t1xr3xs3_64x256x32_dyn_cga_ndhwc_ndhwc_ndhwc_1sm,vae_conv,1.6229,11
2.25,elem_add,norm_elementwise,0.6208,9
2.25,fa_dc100_fwd_d128,attention,34.2214,66
2.25,fvf_split_heads_rows,layout_copy,0.4783,33
2.25,gather_nd,layout_copy,0.1787,1
2.25,lincomb3,norm_elementwise,0.0019,1
2.25,memcpy DtoH,copies_memset,0.5374,2
2.25,memcpy HtoD,copies_memset,0.6679,11
2.25,memset,copies_memset,0.5061,399
2.25,mul_scalar,norm_elementwise,0.051,1
2.25,mx_binary,norm_elementwise,0.0049,2
2.25,mx_block_copy,layout_copy,1.909,82
2.25,mx_gather_nd,layout_copy,0.0808,9
2.25,mx_ln_adaln_e,norm_elementwise,1.1155,35
2.25,mx_merge_heads,layout_copy,2.8918,66
2.25,mxfp8_quantize,cast_quant,10.4085,199
2.25,nvjet_sm100_qqtst_128x128_128x8_2x1_2cta_v_bz_Avec32UE8M0_Bvec32UE8M0_TNT,gemm,1.0656,99
2.25,nvjet_sm100_qqtst_128x256_128x6_2x1_2cta_v_bz_Avec32UE8M0_Bvec32UE8M0_TNT,gemm,2.3143,66
2.25,nvjet_sm100_qqtst_256x128_128x5_2x4f_2cta_h_bz_Avec32UE8M0_Bvec32UE8M0_TNT,gemm,1.764,34
2.25,nvjet_sm100_sss_tf32_256x128_32x4_1x2_h_bz_NNT,gemm,0.1022,2
2.25,nvjet_sm100_sss_tf32_256x128_32x5_2x1_2cta_v_bz_NNT,gemm,0.2945,1
2.25,nvjet_sm100_tst_32x64_64x16_1x2_2cta_h_bz_bias_TNN,gemm,0.0102,2
2.25,pack_rgb_u8,layout_copy,0.0236,1
2.25,quant_linear_epilogue,cast_quant,15.023,199
2.25,tanh_scaled,norm_elementwise,0.0023,1
2.25,upsample_nearest,vae_conv,1.2412,3
2.25,"cudnn::engines_precompiled::nchwToNhwcKernel<float, float, float, (bool)0, (bool)1, (cudnnKernelDataType_t)0>(cudnn::engines_precompiled::nchw2nhwc_params_t<T3>…",vae_conv,2.888,61
2.25,"cudnn::engines_precompiled::nhwcToNchwKernel<float, float, float, (bool)1, (bool)0, (cudnnKernelDataType_t)0>(cudnn::engines_precompiled::nhwc2nchw_params_t<T3>…",vae_conv,1.4273,31
2.25,"implicit_convolve_sgemm<float, float, int, (int)1024, (int)5, (int)5, (int)3, (int)3, (int)3, (int)1, (bool)0, (bool)0, (bool)1>(int, int, int, const T1 *, int,…",vae_conv,0.0468,1
2.25,"implicit_convolve_sgemm<float, float, int, (int)1024, (int)6, (int)7, (int)3, (int)3, (int)5, (int)1, (bool)0, (bool)0, (bool)1>(int, int, int, const T1 *, int,…",vae_conv,0.0515,1
2.25,"tensorTransformGeneric<float, float, float, (bool)1, (bool)0, (bool)0, (cudnnKernelDataType_t)0>(cudnnTensorTransformStruct, tensorTransformParams, int, unsigne…",vae_conv,0.009,1
2.25,wan_qk_norm_rope16,norm_elementwise,4.5937,99
2.25,wan_res_gate,norm_elementwise,1.4472,34
2.25,wan_res_ln,norm_elementwise,3.7836,66
2.5,add_bias_inplace,norm_elementwise,0.1134,4
2.5,apply_rotary_bshd,norm_elementwise,0.7204,30
2.5,cast_bf16_f32_bias_act,cast_quant,0.0243,15
2.5,cast_f32_bf16,cast_quant,0.6518,44
2.5,fa_dc100_fwd_d128,attention,100.8328,193
2.5,fvf_split_heads_rows,layout_copy,1.3273,97
2.5,gather_nd,layout_copy,0.7123,4
2.5,lincomb3,norm_elementwise,0.0092,6
2.5,memset,copies_memset,1.0366,1154
2.5,mx_binary,norm_elementwise,0.0059,3
2.5,mx_block_copy,layout_copy,16.4596,530
2.5,mx_gather_nd,layout_copy,0.0889,10
2.5,mx_ln_adaln_e,norm_elementwise,3.1255,100
2.5,mx_merge_heads,layout_copy,8.332,192
2.5,mxfp8_quantize,cast_quant,29.5865,577
2.5,nvjet_sm100_qqtst_128x128_128x8_2x1_2cta_v_bz_Avec32UE8M0_Bvec32UE8M0_TNT,gemm,2.9312,288
2.5,nvjet_sm100_qqtst_128x256_128x6_2x1_2cta_v_bz_Avec32UE8M0_Bvec32UE8M0_TNT,gemm,6.6526,193
2.5,nvjet_sm100_qqtst_256x128_128x5_2x4f_2cta_h_bz_Avec32UE8M0_Bvec32UE8M0_TNT,gemm,4.9231,96
2.5,nvjet_sm100_tst_32x64_64x16_1x2_2cta_h_bz_bias_TNN,gemm,0.0132,3
2.5,quant_linear_epilogue,cast_quant,43.2447,577
2.5,"implicit_convolve_sgemm<float, float, int, (int)1024, (int)5, (int)5, (int)3, (int)3, (int)3, (int)1, (bool)0, (bool)0, (bool)1>(int, int, int, const T1 *, int,…",vae_conv,0.1844,4
2.5,wan_qk_norm_rope16,norm_elementwise,13.2798,290
2.5,wan_res_gate,norm_elementwise,4.0313,96
2.5,wan_res_ln,norm_elementwise,10.8903,192
2.75,add_bias_inplace,norm_elementwise,2.3216,31
2.75,add_scalar,norm_elementwise,0.0513,1
2.75,apply_rotary_bshd,norm_elementwise,0.7184,30
2.75,block_copy,layout_copy,2.7863,55
2.75,cast_bf16_f32_bias_act,cast_quant,0.0084,5
2.75,cast_f32_bf16,cast_quant,0.612,39
2.75,clamp_f,norm_elementwise,2.6926,30
2.75,cutlass3x_sm100_tensorop_s256x128x8tf32implicit_gemm_fprop_f32_f32_f32_void_f32_f32_256x128x32_dyn_cga_ndhwc_ndhwc_ndhwc_align4_2sm_relu_valpha,vae_conv,0.6343,16
2.75,cutlass3x_sm100_tensorop_s256x256x8tf32implicit_gemm_fprop_f32_f32_f32_void_f32_f32_256x256x32_dyn_cga_ndhwc_ndhwc_ndhwc_align4_2sm_relu_valpha_stream_k,vae_conv,0.1675,3
2.75,cutlass3x_sm100_tensorop_s32x256x8_conv3d_fprop_weight_stationary_nq_2d_tiled_f32_f32_f32_void_f32_void_t1xr3xs3_32x256x32_dyn_cga_ndhwc_ndhwc_ndhwc_1sm,vae_conv,0.2747,1
2.75,cutlass3x_sm100_tensorop_s64x256x8_conv3d_fprop_weight_stationary_nq_2d_tiled_f32_f32_f32_void_f32_void_t1xr3xs3_64x256x32_dyn_cga_ndhwc_ndhwc_ndhwc_1sm,vae_conv,1.6105,11
2.75,elem_add,norm_elementwise,0.6229,9
2.75,fa_dc100_fwd_d128,attention,77.0256,149
2.75,fvf_split_heads_rows,layout_copy,1.0156,74
2.75,gather_nd,layout_copy,0.3596,2
2.75,lincomb3,norm_elementwise,0.0014,1
2.75,memcpy DtoH,copies_memset,4.1116,2
2.75,memcpy HtoD,copies_memset,0.6734,11
2.75,memset,copies_memset,0.8092,901
2.75,mul_scalar,norm_elementwise,0.051,1
2.75,mx_binary,norm_elementwise,0.0042,2
2.75,mx_block_copy,layout_copy,12.1386,404
2.75,mx_gather_nd,layout_copy,0.089,10
2.75,mx_ln_adaln_e,norm_elementwise,2.4069,77
2.75,mx_merge_heads,layout_copy,6.5088,150
2.75,mxfp8_quantize,cast_quant,23.0839,450
2.75,nvjet_sm100_qqtst_128x128_128x8_2x1_2cta_v_bz_Avec32UE8M0_Bvec32UE8M0_TNT,gemm,2.2866,225
2.75,nvjet_sm100_qqtst_128x256_128x6_2x1_2cta_v_bz_Avec32UE8M0_Bvec32UE8M0_TNT,gemm,5.1694,150
2.75,nvjet_sm100_qqtst_256x128_128x5_2x4f_2cta_h_bz_Avec32UE8M0_Bvec32UE8M0_TNT,gemm,3.8431,75
2.75,nvjet_sm100_sss_tf32_256x128_32x4_1x2_h_bz_NNT,gemm,0.1033,2
2.75,nvjet_sm100_sss_tf32_256x128_32x5_2x1_2cta_v_bz_NNT,gemm,0.2959,1
2.75,nvjet_sm100_tst_32x64_64x16_1x2_2cta_h_bz_bias_TNN,gemm,0.0089,2
2.75,pack_rgb_u8,layout_copy,0.0231,1
2.75,quant_linear_epilogue,cast_quant,33.6043,450
2.75,tanh_scaled,norm_elementwise,0.0024,1
2.75,upsample_nearest,vae_conv,1.2419,3
2.75,"cudnn::engines_precompiled::nchwToNhwcKernel<float, float, float, (bool)0, (bool)1, (cudnnKernelDataType_t)0>(cudnn::engines_precompiled::nchw2nhwc_params_t<T3>…",vae_conv,2.891,61
2.75,"cudnn::engines_precompiled::nhwcToNchwKernel<float, float, float, (bool)1, (bool)0, (cudnnKernelDataType_t)0>(cudnn::engines_precompiled::nhwc2nchw_params_t<T3>…",vae_conv,1.4317,31
2.75,"implicit_convolve_sgemm<float, float, int, (int)1024, (int)5, (int)5, (int)3, (int)3, (int)3, (int)1, (bool)0, (bool)0, (bool)1>(int, int, int, const T1 *, int,…",vae_conv,0.0972,2
2.75,"implicit_convolve_sgemm<float, float, int, (int)1024, (int)6, (int)7, (int)3, (int)3, (int)5, (int)1, (bool)0, (bool)0, (bool)1>(int, int, int, const T1 *, int,…",vae_conv,0.0516,1
2.75,"tensorTransformGeneric<float, float, float, (bool)1, (bool)0, (bool)0, (cudnnKernelDataType_t)0>(cudnnTensorTransformStruct, tensorTransformParams, int, unsigne…",vae_conv,0.0091,1
2.75,wan_qk_norm_rope16,norm_elementwise,10.2429,224
2.75,wan_res_gate,norm_elementwise,3.1512,75
2.75,wan_res_ln,norm_elementwise,8.5129,150
3.0,add_bias_inplace,norm_elementwise,0.114,4
3.0,cast_bf16_f32_bias_act,cast_quant,0.0274,17
3.0,cast_f32_bf16,cast_quant,0.0929,15
3.0,fa_dc100_fwd_d128,attention,104.85,201
3.0,fvf_split_heads_rows,layout_copy,1.3802,101
3.0,gather_nd,layout_copy,0.712,4
3.0,lincomb3,norm_elementwise,0.0107,7
3.0,memset,copies_memset,1.078,1200
3.0,mx_binary,norm_elementwise,0.0084,4
3.0,mx_block_copy,layout_copy,8.6809,301
3.0,mx_gather_nd,layout_copy,0.1052,12
3.0,mx_ln_adaln_e,norm_elementwise,3.248,104
3.0,mx_merge_heads,layout_copy,8.6769,200
3.0,mxfp8_quantize,cast_quant,30.7914,600
3.0,nvjet_sm100_qqtst_128x128_128x8_2x1_2cta_v_bz_Avec32UE8M0_Bvec32UE8M0_TNT,gemm,3.0438,300
3.0,nvjet_sm100_qqtst_128x256_128x6_2x1_2cta_v_bz_Avec32UE8M0_Bvec32UE8M0_TNT,gemm,6.8822,200
3.0,nvjet_sm100_qqtst_256x128_128x5_2x4f_2cta_h_bz_Avec32UE8M0_Bvec32UE8M0_TNT,gemm,5.1329,100
3.0,nvjet_sm100_tst_32x64_64x16_1x2_2cta_h_bz_bias_TNN,gemm,0.0177,4
3.0,quant_linear_epilogue,cast_quant,44.9458,600
3.0,"implicit_convolve_sgemm<float, float, int, (int)1024, (int)5, (int)5, (int)3, (int)3, (int)3, (int)1, (bool)0, (bool)0, (bool)1>(int, int, int, const T1 *, int,…",vae_conv,0.19,4
3.0,wan_qk_norm_rope16,norm_elementwise,13.7167,300
3.0,wan_res_gate,norm_elementwise,4.1976,100
3.0,wan_res_ln,norm_elementwise,11.3477,200
3.25,add_bias_inplace,norm_elementwise,2.3223,31
3.25,add_scalar,norm_elementwise,0.051,1
3.25,apply_rotary_bshd,norm_elementwise,0.7171,30
3.25,block_copy,layout_copy,2.7853,55
3.25,cast_bf16_f32_bias_act,cast_quant,0.0099,6
3.25,cast_f32_bf16,cast_quant,0.6122,40
3.25,clamp_f,norm_elementwise,2.6744,30
3.25,cutlass3x_sm100_tensorop_s256x128x8tf32implicit_gemm_fprop_f32_f32_f32_void_f32_f32_256x128x32_dyn_cga_ndhwc_ndhwc_ndhwc_align4_2sm_relu_valpha,vae_conv,0.6352,16
3.25,cutlass3x_sm100_tensorop_s256x256x8tf32implicit_gemm_fprop_f32_f32_f32_void_f32_f32_256x256x32_dyn_cga_ndhwc_ndhwc_ndhwc_align4_2sm_relu_valpha_stream_k,vae_conv,0.1664,3
3.25,cutlass3x_sm100_tensorop_s32x256x8_conv3d_fprop_weight_stationary_nq_2d_tiled_f32_f32_f32_void_f32_void_t1xr3xs3_32x256x32_dyn_cga_ndhwc_ndhwc_ndhwc_1sm,vae_conv,0.2748,1
3.25,cutlass3x_sm100_tensorop_s64x256x8_conv3d_fprop_weight_stationary_nq_2d_tiled_f32_f32_f32_void_f32_void_t1xr3xs3_64x256x32_dyn_cga_ndhwc_ndhwc_ndhwc_1sm,vae_conv,1.6126,11
3.25,elem_add,norm_elementwise,0.6221,9
3.25,fa_dc100_fwd_d128,attention,89.5964,172
3.25,fvf_split_heads_rows,layout_copy,1.1829,86
3.25,gather_nd,layout_copy,0.3561,2
3.25,lincomb3,norm_elementwise,0.0036,2
3.25,memcpy DtoH,copies_memset,0.4818,2
3.25,memcpy HtoD,copies_memset,0.6789,11
3.25,memset,copies_memset,0.9287,1035
3.25,mul_scalar,norm_elementwise,0.0498,1
3.25,mx_binary,norm_elementwise,0.0041,2
3.25,mx_block_copy,layout_copy,15.8669,517
3.25,mx_gather_nd,layout_copy,0.0884,10
3.25,mx_ln_adaln_e,norm_elementwise,2.7469,88
3.25,mx_merge_heads,layout_copy,7.5046,173
3.25,mxfp8_quantize,cast_quant,26.5019,517
3.25,nvjet_sm100_qqtst_128x128_128x8_2x1_2cta_v_bz_Avec32UE8M0_Bvec32UE8M0_TNT,gemm,2.6306,259
3.25,nvjet_sm100_qqtst_128x256_128x6_2x1_2cta_v_bz_Avec32UE8M0_Bvec32UE8M0_TNT,gemm,5.9219,172
3.25,nvjet_sm100_qqtst_256x128_128x5_2x4f_2cta_h_bz_Avec32UE8M0_Bvec32UE8M0_TNT,gemm,4.4073,86
3.25,nvjet_sm100_sss_tf32_256x128_32x4_1x2_h_bz_NNT,gemm,0.1033,2
3.25,nvjet_sm100_sss_tf32_256x128_32x5_2x1_2cta_v_bz_NNT,gemm,0.2946,1
3.25,nvjet_sm100_tst_32x64_64x16_1x2_2cta_h_bz_bias_TNN,gemm,0.0089,2
3.25,pack_rgb_u8,layout_copy,0.0235,1
3.25,quant_linear_epilogue,cast_quant,38.7009,517
3.25,tanh_scaled,norm_elementwise,0.0024,1
3.25,upsample_nearest,vae_conv,1.2407,3
3.25,"cudnn::engines_precompiled::nchwToNhwcKernel<float, float, float, (bool)0, (bool)1, (cudnnKernelDataType_t)0>(cudnn::engines_precompiled::nchw2nhwc_params_t<T3>…",vae_conv,2.8844,61
3.25,"cudnn::engines_precompiled::nhwcToNchwKernel<float, float, float, (bool)1, (bool)0, (cudnnKernelDataType_t)0>(cudnn::engines_precompiled::nhwc2nchw_params_t<T3>…",vae_conv,1.4263,31
3.25,"implicit_convolve_sgemm<float, float, int, (int)1024, (int)5, (int)5, (int)3, (int)3, (int)3, (int)1, (bool)0, (bool)0, (bool)1>(int, int, int, const T1 *, int,…",vae_conv,0.0924,2
3.25,"implicit_convolve_sgemm<float, float, int, (int)1024, (int)6, (int)7, (int)3, (int)3, (int)5, (int)1, (bool)0, (bool)0, (bool)1>(int, int, int, const T1 *, int,…",vae_conv,0.0513,1
3.25,"tensorTransformGeneric<float, float, float, (bool)1, (bool)0, (bool)0, (cudnnKernelDataType_t)0>(cudnnTensorTransformStruct, tensorTransformParams, int, unsigne…",vae_conv,0.0088,1
3.25,wan_qk_norm_rope16,norm_elementwise,11.8067,258
3.25,wan_res_gate,norm_elementwise,3.6138,86
3.25,wan_res_ln,norm_elementwise,9.7656,172
3.5,add_bias_inplace,norm_elementwise,2.3543,32
3.5,add_scalar,norm_elementwise,0.0515,1
3.5,block_copy,layout_copy,2.7896,55
3.5,cast_bf16_f32_bias_act,cast_quant,0.0231,14
3.5,cast_f32_bf16,cast_quant,0.0768,15
3.5,clamp_f,norm_elementwise,2.6915,30
3.5,cutlass3x_sm100_tensorop_s256x128x8tf32implicit_gemm_fprop_f32_f32_f32_void_f32_f32_256x128x32_dyn_cga_ndhwc_ndhwc_ndhwc_align4_2sm_relu_valpha,vae_conv,0.6353,16
3.5,cutlass3x_sm100_tensorop_s256x256x8tf32implicit_gemm_fprop_f32_f32_f32_void_f32_f32_256x256x32_dyn_cga_ndhwc_ndhwc_ndhwc_align4_2sm_relu_valpha_stream_k,vae_conv,0.1678,3
3.5,cutlass3x_sm100_tensorop_s32x256x8_conv3d_fprop_weight_stationary_nq_2d_tiled_f32_f32_f32_void_f32_void_t1xr3xs3_32x256x32_dyn_cga_ndhwc_ndhwc_ndhwc_1sm,vae_conv,0.2827,1
3.5,cutlass3x_sm100_tensorop_s64x256x8_conv3d_fprop_weight_stationary_nq_2d_tiled_f32_f32_f32_void_f32_void_t1xr3xs3_64x256x32_dyn_cga_ndhwc_ndhwc_ndhwc_1sm,vae_conv,1.6163,11
3.5,elem_add,norm_elementwise,0.6235,9
3.5,fa_dc100_fwd_d128,attention,95.6198,185
3.5,fvf_split_heads_rows,layout_copy,1.2571,92
3.5,gather_nd,layout_copy,0.5337,3
3.5,lincomb3,norm_elementwise,0.0072,5
3.5,memcpy DtoH,copies_memset,0.5309,2
3.5,memcpy HtoD,copies_memset,0.5134,8
3.5,memset,copies_memset,0.999,1113
3.5,mul_scalar,norm_elementwise,0.0507,1
3.5,mx_binary,norm_elementwise,0.0082,4
3.5,mx_block_copy,layout_copy,5.1326,201
3.5,mx_gather_nd,layout_copy,0.132,15
3.5,mx_ln_adaln_e,norm_elementwise,2.9989,96
3.5,mx_merge_heads,layout_copy,8.0262,185
3.5,mxfp8_quantize,cast_quant,28.5696,556
3.5,nvjet_sm100_qqtst_128x128_128x8_2x1_2cta_v_bz_Avec32UE8M0_Bvec32UE8M0_TNT,gemm,2.8197,278
3.5,nvjet_sm100_qqtst_128x256_128x6_2x1_2cta_v_bz_Avec32UE8M0_Bvec32UE8M0_TNT,gemm,6.3716,185
3.5,nvjet_sm100_qqtst_256x128_128x5_2x4f_2cta_h_bz_Avec32UE8M0_Bvec32UE8M0_TNT,gemm,4.764,93
3.5,nvjet_sm100_sss_tf32_256x128_32x4_1x2_h_bz_NNT,gemm,0.1022,2
3.5,nvjet_sm100_sss_tf32_256x128_32x5_2x1_2cta_v_bz_NNT,gemm,0.2959,1
3.5,nvjet_sm100_tst_32x64_64x16_1x2_2cta_h_bz_bias_TNN,gemm,0.0179,4
3.5,pack_rgb_u8,layout_copy,0.024,1
3.5,quant_linear_epilogue,cast_quant,41.7084,556
3.5,tanh_scaled,norm_elementwise,0.0026,1
3.5,upsample_nearest,vae_conv,1.2402,3
3.5,"cudnn::engines_precompiled::nchwToNhwcKernel<float, float, float, (bool)0, (bool)1, (cudnnKernelDataType_t)0>(cudnn::engines_precompiled::nchw2nhwc_params_t<T3>…",vae_conv,2.8848,61
3.5,"cudnn::engines_precompiled::nhwcToNchwKernel<float, float, float, (bool)1, (bool)0, (cudnnKernelDataType_t)0>(cudnn::engines_precompiled::nhwc2nchw_params_t<T3>…",vae_conv,1.4303,31
3.5,"implicit_convolve_sgemm<float, float, int, (int)1024, (int)5, (int)5, (int)3, (int)3, (int)3, (int)1, (bool)0, (bool)0, (bool)1>(int, int, int, const T1 *, int,…",vae_conv,0.1429,3
3.5,"implicit_convolve_sgemm<float, float, int, (int)1024, (int)6, (int)7, (int)3, (int)3, (int)5, (int)1, (bool)0, (bool)0, (bool)1>(int, int, int, const T1 *, int,…",vae_conv,0.0513,1
3.5,"tensorTransformGeneric<float, float, float, (bool)1, (bool)0, (bool)0, (cudnnKernelDataType_t)0>(cudnnTensorTransformStruct, tensorTransformParams, int, unsigne…",vae_conv,0.0092,1
3.5,wan_qk_norm_rope16,norm_elementwise,12.6039,276
3.5,wan_res_gate,norm_elementwise,3.9049,93
3.5,wan_res_ln,norm_elementwise,10.5498,186
3.75,add_bias_inplace,norm_elementwise,0.1136,4
3.75,apply_rotary_bshd,norm_elementwise,0.7186,30
3.75,cast_bf16_f32_bias_act,cast_quant,0.0241,15
3.75,cast_f32_bf16,cast_quant,0.6517,44
3.75,fa_dc100_fwd_d128,attention,99.9859,191
3.75,fvf_split_heads_rows,layout_copy,1.3135,96
3.75,gather_nd,layout_copy,0.7128,4
3.75,lincomb3,norm_elementwise,0.0094,6
3.75,memcpy HtoD,copies_memset,0.199,3
3.75,memset,copies_memset,1.027,1142
3.75,mx_binary,norm_elementwise,0.0061,3
3.75,mx_block_copy,layout_copy,16.3962,531
3.75,mx_gather_nd,layout_copy,0.0871,10
3.75,mx_ln_adaln_e,norm_elementwise,3.0926,99
3.75,mx_merge_heads,layout_copy,8.2433,190
3.75,mxfp8_quantize,cast_quant,29.2771,571
3.75,nvjet_sm100_qqtst_128x128_128x8_2x1_2cta_v_bz_Avec32UE8M0_Bvec32UE8M0_TNT,gemm,2.8966,285
3.75,nvjet_sm100_qqtst_128x256_128x6_2x1_2cta_v_bz_Avec32UE8M0_Bvec32UE8M0_TNT,gemm,6.5692,191
3.75,nvjet_sm100_qqtst_256x128_128x5_2x4f_2cta_h_bz_Avec32UE8M0_Bvec32UE8M0_TNT,gemm,4.8773,95
3.75,nvjet_sm100_tst_32x64_64x16_1x2_2cta_h_bz_bias_TNN,gemm,0.0133,3
3.75,quant_linear_epilogue,cast_quant,42.7983,571
3.75,"implicit_convolve_sgemm<float, float, int, (int)1024, (int)5, (int)5, (int)3, (int)3, (int)3, (int)1, (bool)0, (bool)0, (bool)1>(int, int, int, const T1 *, int,…",vae_conv,0.1844,4
3.75,wan_qk_norm_rope16,norm_elementwise,13.0857,286
3.75,wan_res_gate,norm_elementwise,3.99,95
3.75,wan_res_ln,norm_elementwise,10.7816,190
4.0,add_bias_inplace,norm_elementwise,2.351,32
4.0,add_scalar,norm_elementwise,0.0509,1
4.0,apply_rotary_bshd,norm_elementwise,0.7189,30
4.0,block_copy,layout_copy,2.7815,55
4.0,cast_bf16_f32_bias_act,cast_quant,0.0147,9
4.0,cast_f32_bf16,cast_quant,0.6355,43
4.0,clamp_f,norm_elementwise,2.6755,30
4.0,cutlass3x_sm100_tensorop_s256x128x8tf32implicit_gemm_fprop_f32_f32_f32_void_f32_f32_256x128x32_dyn_cga_ndhwc_ndhwc_ndhwc_align4_2sm_relu_valpha,vae_conv,0.6382,16
4.0,cutlass3x_sm100_tensorop_s256x256x8tf32implicit_gemm_fprop_f32_f32_f32_void_f32_f32_256x256x32_dyn_cga_ndhwc_ndhwc_ndhwc_align4_2sm_relu_valpha_stream_k,vae_conv,0.1676,3
4.0,cutlass3x_sm100_tensorop_s32x256x8_conv3d_fprop_weight_stationary_nq_2d_tiled_f32_f32_f32_void_f32_void_t1xr3xs3_32x256x32_dyn_cga_ndhwc_ndhwc_ndhwc_1sm,vae_conv,0.2737,1
4.0,cutlass3x_sm100_tensorop_s64x256x8_conv3d_fprop_weight_stationary_nq_2d_tiled_f32_f32_f32_void_f32_void_t1xr3xs3_64x256x32_dyn_cga_ndhwc_ndhwc_ndhwc_1sm,vae_conv,1.6211,11
4.0,elem_add,norm_elementwise,0.6201,9
4.0,fa_dc100_fwd_d128,attention,89.7075,172
4.0,fvf_split_heads_rows,layout_copy,1.1811,86
4.0,gather_nd,layout_copy,0.5341,3
4.0,lincomb3,norm_elementwise,0.0049,3
4.0,memcpy DtoH,copies_memset,0.5341,2
4.0,memcpy HtoD,copies_memset,0.7254,11
4.0,memset,copies_memset,0.9276,1033
4.0,mul_scalar,norm_elementwise,0.0503,1
4.0,mx_binary,norm_elementwise,0.0059,3
4.0,mx_block_copy,layout_copy,15.8771,520
4.0,mx_gather_nd,layout_copy,0.1145,13
4.0,mx_ln_adaln_e,norm_elementwise,2.7774,89
4.0,mx_merge_heads,layout_copy,7.4631,172
4.0,mxfp8_quantize,cast_quant,26.4713,516
4.0,nvjet_sm100_qqtst_128x128_128x8_2x1_2cta_v_bz_Avec32UE8M0_Bvec32UE8M0_TNT,gemm,2.625,258
4.0,nvjet_sm100_qqtst_128x256_128x6_2x1_2cta_v_bz_Avec32UE8M0_Bvec32UE8M0_TNT,gemm,5.9247,172
4.0,nvjet_sm100_qqtst_256x128_128x5_2x4f_2cta_h_bz_Avec32UE8M0_Bvec32UE8M0_TNT,gemm,4.4073,86
4.0,nvjet_sm100_sss_tf32_256x128_32x4_1x2_h_bz_NNT,gemm,0.102,2
4.0,nvjet_sm100_sss_tf32_256x128_32x5_2x1_2cta_v_bz_NNT,gemm,0.2945,1
4.0,nvjet_sm100_tst_32x64_64x16_1x2_2cta_h_bz_bias_TNN,gemm,0.0133,3
4.0,pack_rgb_u8,layout_copy,0.0231,1
4.0,quant_linear_epilogue,cast_quant,38.5165,516
4.0,tanh_scaled,norm_elementwise,0.0025,1
4.0,upsample_nearest,vae_conv,1.2408,3
4.0,"cudnn::engines_precompiled::nchwToNhwcKernel<float, float, float, (bool)0, (bool)1, (cudnnKernelDataType_t)0>(cudnn::engines_precompiled::nchw2nhwc_params_t<T3>…",vae_conv,2.8847,61
4.0,"cudnn::engines_precompiled::nhwcToNchwKernel<float, float, float, (bool)1, (bool)0, (cudnnKernelDataType_t)0>(cudnn::engines_precompiled::nhwc2nchw_params_t<T3>…",vae_conv,1.4242,31
4.0,"implicit_convolve_sgemm<float, float, int, (int)1024, (int)5, (int)5, (int)3, (int)3, (int)3, (int)1, (bool)0, (bool)0, (bool)1>(int, int, int, const T1 *, int,…",vae_conv,0.1439,3
4.0,"implicit_convolve_sgemm<float, float, int, (int)1024, (int)6, (int)7, (int)3, (int)3, (int)5, (int)1, (bool)0, (bool)0, (bool)1>(int, int, int, const T1 *, int,…",vae_conv,0.0521,1
4.0,"tensorTransformGeneric<float, float, float, (bool)1, (bool)0, (bool)0, (cudnnKernelDataType_t)0>(cudnnTensorTransformStruct, tensorTransformParams, int, unsigne…",vae_conv,0.0091,1
4.0,wan_qk_norm_rope16,norm_elementwise,11.8045,258
4.0,wan_res_gate,norm_elementwise,3.614,86
4.0,wan_res_ln,norm_elementwise,9.7615,172
4.25,add_bias_inplace,norm_elementwise,0.0852,3
4.25,cast_bf16_f32_bias_act,cast_quant,0.021,13
4.25,cast_f32_bf16,cast_quant,0.0695,11
4.25,fa_dc100_fwd_d128,attention,105.1871,202
4.25,fvf_split_heads_rows,layout_copy,1.38,101
4.25,gather_nd,layout_copy,0.5338,3
4.25,lincomb3,norm_elementwise,0.0072,5
4.25,memset,copies_memset,1.0888,1212
4.25,mx_binary,norm_elementwise,0.0059,3
4.25,mx_block_copy,layout_copy,5.6044,209
4.25,mx_gather_nd,layout_copy,0.0786,9
4.25,mx_ln_adaln_e,norm_elementwise,3.2491,104
4.25,mx_merge_heads,layout_copy,8.7619,202
4.25,mxfp8_quantize,cast_quant,31.088,606
4.25,nvjet_sm100_qqtst_128x128_128x8_2x1_2cta_v_bz_Avec32UE8M0_Bvec32UE8M0_TNT,gemm,3.0758,303
4.25,nvjet_sm100_qqtst_128x256_128x6_2x1_2cta_v_bz_Avec32UE8M0_Bvec32UE8M0_TNT,gemm,6.9522,202
4.25,nvjet_sm100_qqtst_256x128_128x5_2x4f_2cta_h_bz_Avec32UE8M0_Bvec32UE8M0_TNT,gemm,5.1781,101
4.25,nvjet_sm100_tst_32x64_64x16_1x2_2cta_h_bz_bias_TNN,gemm,0.0133,3
4.25,quant_linear_epilogue,cast_quant,45.4452,606
4.25,"implicit_convolve_sgemm<float, float, int, (int)1024, (int)5, (int)5, (int)3, (int)3, (int)3, (int)1, (bool)0, (bool)0, (bool)1>(int, int, int, const T1 *, int,…",vae_conv,0.1428,3
4.25,wan_qk_norm_rope16,norm_elementwise,13.8083,302
4.25,wan_res_gate,norm_elementwise,4.2398,101
4.25,wan_res_ln,norm_elementwise,11.4637,202
4.5,add_bias_inplace,norm_elementwise,2.3519,32
4.5,add_scalar,norm_elementwise,0.0514,1
4.5,apply_rotary_bshd,norm_elementwise,0.721,30
4.5,block_copy,layout_copy,2.7868,55
4.5,cast_bf16_f32_bias_act,cast_quant,0.0178,11
4.5,cast_f32_bf16,cast_quant,0.6366,44
4.5,clamp_f,norm_elementwise,2.6726,30
4.5,cutlass3x_sm100_tensorop_s256x128x8tf32implicit_gemm_fprop_f32_f32_f32_void_f32_f32_256x128x32_dyn_cga_ndhwc_ndhwc_ndhwc_align4_2sm_relu_valpha,vae_conv,0.6357,16
4.5,cutlass3x_sm100_tensorop_s256x256x8tf32implicit_gemm_fprop_f32_f32_f32_void_f32_f32_256x256x32_dyn_cga_ndhwc_ndhwc_ndhwc_align4_2sm_relu_valpha_stream_k,vae_conv,0.1675,3
4.5,cutlass3x_sm100_tensorop_s32x256x8_conv3d_fprop_weight_stationary_nq_2d_tiled_f32_f32_f32_void_f32_void_t1xr3xs3_32x256x32_dyn_cga_ndhwc_ndhwc_ndhwc_1sm,vae_conv,0.2734,1
4.5,cutlass3x_sm100_tensorop_s64x256x8_conv3d_fprop_weight_stationary_nq_2d_tiled_f32_f32_f32_void_f32_void_t1xr3xs3_64x256x32_dyn_cga_ndhwc_ndhwc_ndhwc_1sm,vae_conv,1.6198,11
4.5,elem_add,norm_elementwise,0.6229,9
4.5,fa_dc100_fwd_d128,attention,86.625,166
4.5,fvf_split_heads_rows,layout_copy,1.1394,83
4.5,gather_nd,layout_copy,0.5339,3
4.5,lincomb3,norm_elementwise,0.0064,4
4.5,memcpy DtoH,copies_memset,1.7137,2
4.5,memcpy HtoD,copies_memset,0.7538,11
4.5,memset,copies_memset,0.8955,997
4.5,mul_scalar,norm_elementwise,0.0514,1
4.5,mx_binary,norm_elementwise,0.0061,3
4.5,mx_block_copy,layout_copy,15.7095,513
4.5,mx_gather_nd,layout_copy,0.1153,13
4.5,mx_ln_adaln_e,norm_elementwise,2.6855,86
4.5,mx_merge_heads,layout_copy,7.2022,166
4.5,mxfp8_quantize,cast_quant,25.5513,498
4.5,nvjet_sm100_qqtst_128x128_128x8_2x1_2cta_v_bz_Avec32UE8M0_Bvec32UE8M0_TNT,gemm,2.5291,249
4.5,nvjet_sm100_qqtst_128x256_128x6_2x1_2cta_v_bz_Avec32UE8M0_Bvec32UE8M0_TNT,gemm,5.7235,166
4.5,nvjet_sm100_qqtst_256x128_128x5_2x4f_2cta_h_bz_Avec32UE8M0_Bvec32UE8M0_TNT,gemm,4.2583,83
4.5,nvjet_sm100_sss_tf32_256x128_32x4_1x2_h_bz_NNT,gemm,0.1024,2
4.5,nvjet_sm100_sss_tf32_256x128_32x5_2x1_2cta_v_bz_NNT,gemm,0.2955,1
4.5,nvjet_sm100_tst_32x64_64x16_1x2_2cta_h_bz_bias_TNN,gemm,0.0134,3
4.5,pack_rgb_u8,layout_copy,0.0237,1
4.5,quant_linear_epilogue,cast_quant,37.3161,498
4.5,tanh_scaled,norm_elementwise,0.0024,1
4.5,upsample_nearest,vae_conv,1.2403,3
4.5,"cudnn::engines_precompiled::nchwToNhwcKernel<float, float, float, (bool)0, (bool)1, (cudnnKernelDataType_t)0>(cudnn::engines_precompiled::nchw2nhwc_params_t<T3>…",vae_conv,2.8894,61
4.5,"cudnn::engines_precompiled::nhwcToNchwKernel<float, float, float, (bool)1, (bool)0, (cudnnKernelDataType_t)0>(cudnn::engines_precompiled::nhwc2nchw_params_t<T3>…",vae_conv,1.4289,31
4.5,"implicit_convolve_sgemm<float, float, int, (int)1024, (int)5, (int)5, (int)3, (int)3, (int)3, (int)1, (bool)0, (bool)0, (bool)1>(int, int, int, const T1 *, int,…",vae_conv,0.1391,3
4.5,"implicit_convolve_sgemm<float, float, int, (int)1024, (int)6, (int)7, (int)3, (int)3, (int)5, (int)1, (bool)0, (bool)0, (bool)1>(int, int, int, const T1 *, int,…",vae_conv,0.0512,1
4.5,"tensorTransformGeneric<float, float, float, (bool)1, (bool)0, (bool)0, (cudnnKernelDataType_t)0>(cudnnTensorTransformStruct, tensorTransformParams, int, unsigne…",vae_conv,0.009,1
4.5,wan_qk_norm_rope16,norm_elementwise,11.3867,249
4.5,wan_res_gate,norm_elementwise,3.4857,83
4.5,wan_res_ln,norm_elementwise,9.4245,166
4.75,add_bias_inplace,norm_elementwise,3.8038,53
4.75,add_scalar,norm_elementwise,0.0512,1
4.75,block_copy,layout_copy,5.3815,101
4.75,cast_bf16_f32_bias_act,cast_quant,0.0174,10
4.75,cast_f32_bf16,cast_quant,0.0473,8
4.75,clamp_f,norm_elementwise,3.7181,52
4.75,cutlass3x_sm100_tensorop_s256x128x8tf32implicit_gemm_fprop_f32_f32_f32_void_f32_f32_256x128x32_dyn_cga_ndhwc_ndhwc_ndhwc_align4_2sm_relu_valpha,vae_conv,0.8883,22
4.75,cutlass3x_sm100_tensorop_s256x256x8tf32implicit_gemm_fprop_f32_f32_f32_void_f32_f32_256x256x32_dyn_cga_ndhwc_ndhwc_ndhwc_align4_2sm_relu_valpha_stream_k,vae_conv,0.453,6
4.75,cutlass3x_sm100_tensorop_s32x256x8_conv3d_fprop_weight_stationary_nq_2d_tiled_f32_f32_f32_void_f32_void_t1xr3xs3_32x256x32_dyn_cga_ndhwc_ndhwc_ndhwc_1sm,vae_conv,0.273,1
4.75,cutlass3x_sm100_tensorop_s64x256x8_conv3d_fprop_weight_stationary_nq_2d_tiled_f32_f32_f32_void_f32_void_t1xr3xs3_64x256x32_dyn_cga_ndhwc_ndhwc_ndhwc_1sm,vae_conv,3.3072,25
4.75,elem_add,norm_elementwise,1.0483,16
4.75,fa_dc100_fwd_d128,attention,87.4907,169
4.75,fvf_split_heads_rows,layout_copy,1.1483,84
4.75,gather_nd,layout_copy,0.3566,2
4.75,lincomb3,norm_elementwise,0.0044,3
4.75,memcpy DtoH,copies_memset,0.5181,2
4.75,memcpy HtoD,copies_memset,4.9401,10
4.75,memset,copies_memset,0.9191,1022
4.75,mul_scalar,norm_elementwise,0.0508,1
4.75,mx_binary,norm_elementwise,0.006,3
4.75,mx_block_copy,layout_copy,4.6809,181
4.75,mx_gather_nd,layout_copy,0.0907,10
4.75,mx_ln_adaln_e,norm_elementwise,2.7194,87
4.75,mx_merge_heads,layout_copy,7.3751,170
4.75,mxfp8_quantize,cast_quant,26.1326,509
4.75,nvjet_sm100_qqtst_128x128_128x8_2x1_2cta_v_bz_Avec32UE8M0_Bvec32UE8M0_TNT,gemm,2.5903,255
4.75,nvjet_sm100_qqtst_128x256_128x6_2x1_2cta_v_bz_Avec32UE8M0_Bvec32UE8M0_TNT,gemm,5.8259,169
4.75,nvjet_sm100_qqtst_256x128_128x5_2x4f_2cta_h_bz_Avec32UE8M0_Bvec32UE8M0_TNT,gemm,4.3508,85
4.75,nvjet_sm100_sss_tf32_176x128_32x7_1x2_2cta_h_bz_NNN,gemm,0.1354,2
4.75,nvjet_sm100_sss_tf32_256x128_32x4_1x2_h_bz_NNT,gemm,0.1029,2
4.75,nvjet_sm100_sss_tf32_256x128_32x5_2x1_2cta_v_bz_NNT,gemm,0.2953,1
4.75,nvjet_sm100_tst_32x64_64x16_1x2_2cta_h_bz_bias_TNN,gemm,0.0133,3
4.75,pack_rgb_u8,layout_copy,0.0236,1
4.75,quant_linear_epilogue,cast_quant,38.1244,509
4.75,tanh_scaled,norm_elementwise,0.0053,2
4.75,upsample_nearest,vae_conv,1.6906,5
4.75,"cudnn::engines_precompiled::nchwToNhwcKernel<float, float, float, (bool)0, (bool)1, (cudnnKernelDataType_t)0>(cudnn::engines_precompiled::nchw2nhwc_params_t<T3>…",vae_conv,4.0719,107
4.75,"cudnn::engines_precompiled::nhwcToNchwKernel<float, float, float, (bool)1, (bool)0, (cudnnKernelDataType_t)0>(cudnn::engines_precompiled::nhwc2nchw_params_t<T3>…",vae_conv,2.0094,54
4.75,"implicit_convolve_sgemm<float, float, int, (int)1024, (int)5, (int)5, (int)3, (int)3, (int)3, (int)1, (bool)0, (bool)0, (bool)1>(int, int, int, const T1 *, int,…",vae_conv,0.0972,2
4.75,"implicit_convolve_sgemm<float, float, int, (int)1024, (int)6, (int)7, (int)3, (int)3, (int)5, (int)1, (bool)0, (bool)0, (bool)1>(int, int, int, const T1 *, int,…",vae_conv,0.1269,2
4.75,"tensorTransformGeneric<float, float, float, (bool)1, (bool)0, (bool)0, (cudnnKernelDataType_t)0>(cudnnTensorTransformStruct, tensorTransformParams, int, unsigne…",vae_conv,0.0092,1
4.75,wan_qk_norm_rope16,norm_elementwise,11.5077,252
4.75,wan_res_gate,norm_elementwise,3.5677,85
4.75,wan_res_ln,norm_elementwise,9.6451,170
5.0,add_bias_inplace,norm_elementwise,7.6765,67
5.0,add_scalar,norm_elementwise,0.1948,3
5.0,apply_rotary_bshd,norm_elementwise,0.722,30
5.0,block_copy,layout_copy,8.9844,121
5.0,cast_bf16_f32_bias_act,cast_quant,0.0125,7
5.0,cast_f32_bf16,cast_quant,0.6116,39
5.0,clamp_f,norm_elementwise,9.8056,68
5.0,cutlass3x_sm100_tensorop_s256x128x8tf32implicit_gemm_fprop_f32_f32_f32_void_f32_f32_256x128x32_dyn_cga_ndhwc_ndhwc_ndhwc_align4_2sm_relu_valpha,vae_conv,0.5002,12
5.0,cutlass3x_sm100_tensorop_s256x256x8tf32implicit_gemm_fprop_f32_f32_f32_void_f32_f32_256x256x32_dyn_cga_ndhwc_ndhwc_ndhwc_align4_2sm_relu_valpha_stream_k,vae_conv,0.5642,6
5.0,cutlass3x_sm100_tensorop_s32x256x8_conv3d_fprop_weight_stationary_nq_2d_tiled_f32_f32_f32_void_f32_void_t1xr3xs3_32x256x32_dyn_cga_ndhwc_ndhwc_ndhwc_1sm,vae_conv,0.9962,3
5.0,cutlass3x_sm100_tensorop_s64x256x8_conv3d_fprop_weight_stationary_nq_2d_tiled_f32_f32_f32_void_f32_void_t1xr3xs3_64x256x32_dyn_cga_ndhwc_ndhwc_ndhwc_1sm,vae_conv,7.9256,49
5.0,elem_add,norm_elementwise,2.0476,20
5.0,fa_dc100_fwd_d128,attention,53.4519,101
5.0,fvf_split_heads_rows,layout_copy,0.6993,51
5.0,gather_nd,layout_copy,2.8925,4
5.0,lincomb3,norm_elementwise,0.0034,2
5.0,memcpy DtoH,copies_memset,0.5689,1
5.0,memcpy HtoD,copies_memset,1.5511,13
5.0,memset,copies_memset,0.5523,611
5.0,mul_scalar,norm_elementwise,0.1952,3
5.0,mx_binary,norm_elementwise,0.002,1
5.0,mx_block_copy,layout_copy,13.9429,446
5.0,mx_gather_nd,layout_copy,0.0856,9
5.0,mx_ln_adaln_e,norm_elementwise,1.6237,52
5.0,mx_merge_heads,layout_copy,4.3379,100
5.0,mxfp8_quantize,cast_quant,15.4273,301
5.0,nvjet_sm100_qqtst_128x128_128x8_2x1_2cta_v_bz_Avec32UE8M0_Bvec32UE8M0_TNT,gemm,1.5277,150
5.0,nvjet_sm100_qqtst_128x256_128x6_2x1_2cta_v_bz_Avec32UE8M0_Bvec32UE8M0_TNT,gemm,3.4784,101
5.0,nvjet_sm100_qqtst_256x128_128x5_2x4f_2cta_h_bz_Avec32UE8M0_Bvec32UE8M0_TNT,gemm,2.5669,50
5.0,nvjet_sm100_sss_tf32_176x128_32x7_1x2_2cta_h_bz_NNN,gemm,0.2731,4
5.0,nvjet_sm100_sss_tf32_256x128_32x5_2x1_2cta_v_bz_NNT,gemm,1.1774,3
5.0,nvjet_sm100_tst_32x64_64x16_1x2_2cta_h_bz_bias_TNN,gemm,0.0044,1
5.0,pack_rgb_u8,layout_copy,0.0237,1
5.0,quant_linear_epilogue,cast_quant,22.4984,301
5.0,tanh_scaled,norm_elementwise,0.0063,2
5.0,upsample_nearest,vae_conv,4.521,7
5.0,"cudnn::engines_precompiled::nchwToNhwcKernel<float, float, float, (bool)0, (bool)1, (cudnnKernelDataType_t)0>(cudnn::engines_precompiled::nchw2nhwc_params_t<T3>…",vae_conv,10.2789,137
5.0,"cudnn::engines_precompiled::nhwcToNchwKernel<float, float, float, (bool)1, (bool)0, (cudnnKernelDataType_t)0>(cudnn::engines_precompiled::nhwc2nchw_params_t<T3>…",vae_conv,5.1715,70
5.0,"implicit_convolve_sgemm<float, float, int, (int)1024, (int)5, (int)5, (int)3, (int)3, (int)3, (int)1, (bool)0, (bool)0, (bool)1>(int, int, int, const T1 *, int,…",vae_conv,0.0928,2
5.0,"implicit_convolve_sgemm<float, float, int, (int)1024, (int)6, (int)7, (int)3, (int)3, (int)5, (int)1, (bool)0, (bool)0, (bool)1>(int, int, int, const T1 *, int,…",vae_conv,0.147,2
5.0,"tensorTransformGeneric<float, float, float, (bool)1, (bool)0, (bool)0, (cudnnKernelDataType_t)0>(cudnnTensorTransformStruct, tensorTransformParams, int, unsigne…",vae_conv,0.0274,3
5.0,wan_qk_norm_rope16,norm_elementwise,6.9666,152
5.0,wan_res_gate,norm_elementwise,2.1009,50
5.0,wan_res_ln,norm_elementwise,5.6761,100
5.25,add_bias_inplace,norm_elementwise,0.5902,21
5.25,block_copy,layout_copy,0.7302,36
5.25,cast_bf16_f32_bias_act,cast_quant,0.0236,14
5.25,cast_f32_bf16,cast_quant,0.0707,12
5.25,clamp_f,norm_elementwise,0.3168,18
5.25,cutlass3x_sm100_tensorop_s256x128x8tf32implicit_gemm_fprop_f32_f32_f32_void_f32_f32_256x128x32_dyn_cga_ndhwc_ndhwc_ndhwc_align4_2sm_relu_valpha,vae_conv,0.6061,15
5.25,cutlass3x_sm100_tensorop_s256x256x8tf32implicit_gemm_fprop_f32_f32_f32_void_f32_f32_256x256x32_dyn_cga_ndhwc_ndhwc_ndhwc_align4_2sm_relu_valpha_stream_k,vae_conv,0.1687,3
5.25,elem_add,norm_elementwise,0.133,5
5.25,fa_dc100_fwd_d128,attention,103.0836,199
5.25,fvf_split_heads_rows,layout_copy,1.3557,99
5.25,gather_nd,layout_copy,0.5344,3
5.25,lincomb3,norm_elementwise,0.0073,5
5.25,memcpy HtoD,copies_memset,0.0017,1
5.25,memset,copies_memset,1.0759,1198
5.25,mx_binary,norm_elementwise,0.008,4
5.25,mx_block_copy,layout_copy,5.5015,208
5.25,mx_gather_nd,layout_copy,0.1044,12
5.25,mx_ln_adaln_e,norm_elementwise,3.2183,103
5.25,mx_merge_heads,layout_copy,8.6777,200
5.25,mxfp8_quantize,cast_quant,30.7585,599
5.25,nvjet_sm100_qqtst_128x128_128x8_2x1_2cta_v_bz_Avec32UE8M0_Bvec32UE8M0_TNT,gemm,3.0431,300
5.25,nvjet_sm100_qqtst_128x256_128x6_2x1_2cta_v_bz_Avec32UE8M0_Bvec32UE8M0_TNT,gemm,6.855,199
5.25,nvjet_sm100_qqtst_256x128_128x5_2x4f_2cta_h_bz_Avec32UE8M0_Bvec32UE8M0_TNT,gemm,5.1212,100
5.25,nvjet_sm100_sss_tf32_256x128_32x4_1x2_h_bz_NNT,gemm,0.0259,1
5.25,nvjet_sm100_tst_32x64_64x16_1x2_2cta_h_bz_bias_TNN,gemm,0.0177,4
5.25,quant_linear_epilogue,cast_quant,44.9049,599
5.25,tanh_scaled,norm_elementwise,0.0024,1
5.25,upsample_nearest,vae_conv,0.1095,1
5.25,"cudnn::engines_precompiled::nchwToNhwcKernel<float, float, float, (bool)0, (bool)1, (cudnnKernelDataType_t)0>(cudnn::engines_precompiled::nchw2nhwc_params_t<T3>…",vae_conv,0.4137,37
5.25,"cudnn::engines_precompiled::nhwcToNchwKernel<float, float, float, (bool)1, (bool)0, (cudnnKernelDataType_t)0>(cudnn::engines_precompiled::nhwc2nchw_params_t<T3>…",vae_conv,0.1801,18
5.25,"implicit_convolve_sgemm<float, float, int, (int)1024, (int)5, (int)5, (int)3, (int)3, (int)3, (int)1, (bool)0, (bool)0, (bool)1>(int, int, int, const T1 *, int,…",vae_conv,0.1435,3
5.25,"implicit_convolve_sgemm<float, float, int, (int)1024, (int)6, (int)7, (int)3, (int)3, (int)5, (int)1, (bool)0, (bool)0, (bool)1>(int, int, int, const T1 *, int,…",vae_conv,0.0514,1
5.25,wan_qk_norm_rope16,norm_elementwise,13.5663,297
5.25,wan_res_gate,norm_elementwise,4.1988,100
5.25,wan_res_ln,norm_elementwise,11.3485,200
5.5,add_bias_inplace,norm_elementwise,1.8438,14
5.5,add_scalar,norm_elementwise,0.0511,1
5.5,apply_rotary_bshd,norm_elementwise,0.7219,30
5.5,block_copy,layout_copy,2.0563,19
5.5,cast_bf16_f32_bias_act,cast_quant,0.0162,10
5.5,cast_f32_bf16,cast_quant,0.635,43
5.5,clamp_f,norm_elementwise,2.3679,12
5.5,cutlass3x_sm100_tensorop_s256x128x8tf32implicit_gemm_fprop_f32_f32_f32_void_f32_f32_256x128x32_dyn_cga_ndhwc_ndhwc_ndhwc_align4_2sm_relu_valpha,vae_conv,0.0336,1
5.5,cutlass3x_sm100_tensorop_s32x256x8_conv3d_fprop_weight_stationary_nq_2d_tiled_f32_f32_f32_void_f32_void_t1xr3xs3_32x256x32_dyn_cga_ndhwc_ndhwc_ndhwc_1sm,vae_conv,0.2595,1
5.5,cutlass3x_sm100_tensorop_s64x256x8_conv3d_fprop_weight_stationary_nq_2d_tiled_f32_f32_f32_void_f32_void_t1xr3xs3_64x256x32_dyn_cga_ndhwc_ndhwc_ndhwc_1sm,vae_conv,1.6228,11
5.5,elem_add,norm_elementwise,0.4898,4
5.5,fa_dc100_fwd_d128,attention,91.9775,176
5.5,fvf_split_heads_rows,layout_copy,1.2032,88
5.5,gather_nd,layout_copy,0.5341,3
5.5,lincomb3,norm_elementwise,0.0064,4
5.5,memcpy DtoH,copies_memset,0.5322,2
5.5,memcpy HtoD,copies_memset,0.7127,10
5.5,memset,copies_memset,0.9463,1053
5.5,mul_scalar,norm_elementwise,0.0507,1
5.5,mx_binary,norm_elementwise,0.0041,2
5.5,mx_block_copy,layout_copy,15.9804,520
5.5,mx_gather_nd,layout_copy,0.0891,10
5.5,mx_ln_adaln_e,norm_elementwise,2.812,90
5.5,mx_merge_heads,layout_copy,7.6367,176
5.5,mxfp8_quantize,cast_quant,26.8973,526
5.5,nvjet_sm100_qqtst_128x128_128x8_2x1_2cta_v_bz_Avec32UE8M0_Bvec32UE8M0_TNT,gemm,2.6843,264
5.5,nvjet_sm100_qqtst_128x256_128x6_2x1_2cta_v_bz_Avec32UE8M0_Bvec32UE8M0_TNT,gemm,6.0208,175
5.5,nvjet_sm100_qqtst_256x128_128x5_2x4f_2cta_h_bz_Avec32UE8M0_Bvec32UE8M0_TNT,gemm,4.4658,87
5.5,nvjet_sm100_sss_tf32_256x128_32x4_1x2_h_bz_NNT,gemm,0.0798,1
5.5,nvjet_sm100_sss_tf32_256x128_32x5_2x1_2cta_v_bz_NNT,gemm,0.2947,1
5.5,nvjet_sm100_tst_32x64_64x16_1x2_2cta_h_bz_bias_TNN,gemm,0.009,2
5.5,pack_rgb_u8,layout_copy,0.0233,1
5.5,quant_linear_epilogue,cast_quant,39.2743,525
5.5,upsample_nearest,vae_conv,1.1318,2
5.5,"cudnn::engines_precompiled::nchwToNhwcKernel<float, float, float, (bool)0, (bool)1, (cudnnKernelDataType_t)0>(cudnn::engines_precompiled::nchw2nhwc_params_t<T3>…",vae_conv,2.4819,24
5.5,"cudnn::engines_precompiled::nhwcToNchwKernel<float, float, float, (bool)1, (bool)0, (cudnnKernelDataType_t)0>(cudnn::engines_precompiled::nhwc2nchw_params_t<T3>…",vae_conv,1.2527,13
5.5,"implicit_convolve_sgemm<float, float, int, (int)1024, (int)5, (int)5, (int)3, (int)3, (int)3, (int)1, (bool)0, (bool)0, (bool)1>(int, int, int, const T1 *, int,…",vae_conv,0.138,3
5.5,"tensorTransformGeneric<float, float, float, (bool)1, (bool)0, (bool)0, (cudnnKernelDataType_t)0>(cudnnTensorTransformStruct, tensorTransformParams, int, unsigne…",vae_conv,0.009,1
5.5,wan_qk_norm_rope16,norm_elementwise,12.0269,263
5.5,wan_res_gate,norm_elementwise,3.654,87
5.5,wan_res_ln,norm_elementwise,9.9229,175
5.75,add_bias_inplace,norm_elementwise,2.346,32
5.75,add_scalar,norm_elementwise,0.0508,1
5.75,apply_rotary_bshd,norm_elementwise,0.7191,30
5.75,block_copy,layout_copy,2.7845,55
5.75,cast_bf16_f32_bias_act,cast_quant,0.0167,10
5.75,cast_f32_bf16,cast_quant,0.6342,43
5.75,clamp_f,norm_elementwise,2.6822,30
5.75,cutlass3x_sm100_tensorop_s256x128x8tf32implicit_gemm_fprop_f32_f32_f32_void_f32_f32_256x128x32_dyn_cga_ndhwc_ndhwc_ndhwc_align4_2sm_relu_valpha,vae_conv,0.6381,16
5.75,cutlass3x_sm100_tensorop_s256x256x8tf32implicit_gemm_fprop_f32_f32_f32_void_f32_f32_256x256x32_dyn_cga_ndhwc_ndhwc_ndhwc_align4_2sm_relu_valpha_stream_k,vae_conv,0.1681,3
5.75,cutlass3x_sm100_tensorop_s32x256x8_conv3d_fprop_weight_stationary_nq_2d_tiled_f32_f32_f32_void_f32_void_t1xr3xs3_32x256x32_dyn_cga_ndhwc_ndhwc_ndhwc_1sm,vae_conv,0.2621,1
5.75,cutlass3x_sm100_tensorop_s64x256x8_conv3d_fprop_weight_stationary_nq_2d_tiled_f32_f32_f32_void_f32_void_t1xr3xs3_64x256x32_dyn_cga_ndhwc_ndhwc_ndhwc_1sm,vae_conv,1.6244,11
5.75,elem_add,norm_elementwise,0.6218,9
5.75,fa_dc100_fwd_d128,attention,90.6959,173
5.75,fvf_split_heads_rows,layout_copy,1.194,87
5.75,gather_nd,layout_copy,0.5339,3
5.75,lincomb3,norm_elementwise,0.0043,3
5.75,memcpy DtoH,copies_memset,0.4475,2
5.75,memcpy HtoD,copies_memset,0.7606,11
5.75,memset,copies_memset,0.9347,1041
5.75,mul_scalar,norm_elementwise,0.0502,1
5.75,mx_binary,norm_elementwise,0.006,3
5.75,mx_block_copy,layout_copy,14.2243,472
5.75,mx_gather_nd,layout_copy,0.1147,13
5.75,mx_ln_adaln_e,norm_elementwise,2.808,90
5.75,mx_merge_heads,layout_copy,7.5077,173
5.75,mxfp8_quantize,cast_quant,26.7199,520
5.75,nvjet_sm100_qqtst_128x128_128x8_2x1_2cta_v_bz_Avec32UE8M0_Bvec32UE8M0_TNT,gemm,2.6326,259
5.75,nvjet_sm100_qqtst_128x256_128x6_2x1_2cta_v_bz_Avec32UE8M0_Bvec32UE8M0_TNT,gemm,5.9897,174
5.75,nvjet_sm100_qqtst_256x128_128x5_2x4f_2cta_h_bz_Avec32UE8M0_Bvec32UE8M0_TNT,gemm,4.4553,87
5.75,nvjet_sm100_sss_tf32_256x128_32x4_1x2_h_bz_NNT,gemm,0.1024,2
5.75,nvjet_sm100_sss_tf32_256x128_32x5_2x1_2cta_v_bz_NNT,gemm,0.2954,1
5.75,nvjet_sm100_tst_32x64_64x16_1x2_2cta_h_bz_bias_TNN,gemm,0.0133,3
5.75,pack_rgb_u8,layout_copy,0.0233,1
5.75,quant_linear_epilogue,cast_quant,38.936,521
5.75,tanh_scaled,norm_elementwise,0.0026,1
5.75,upsample_nearest,vae_conv,1.241,3
5.75,"cudnn::engines_precompiled::nchwToNhwcKernel<float, float, float, (bool)0, (bool)1, (cudnnKernelDataType_t)0>(cudnn::engines_precompiled::nchw2nhwc_params_t<T3>…",vae_conv,2.8878,61
5.75,"cudnn::engines_precompiled::nhwcToNchwKernel<float, float, float, (bool)1, (bool)0, (cudnnKernelDataType_t)0>(cudnn::engines_precompiled::nhwc2nchw_params_t<T3>…",vae_conv,1.435,31
5.75,"implicit_convolve_sgemm<float, float, int, (int)1024, (int)5, (int)5, (int)3, (int)3, (int)3, (int)1, (bool)0, (bool)0, (bool)1>(int, int, int, const T1 *, int,…",vae_conv,0.1444,3
5.75,"implicit_convolve_sgemm<float, float, int, (int)1024, (int)6, (int)7, (int)3, (int)3, (int)5, (int)1, (bool)0, (bool)0, (bool)1>(int, int, int, const T1 *, int,…",vae_conv,0.0519,1
5.75,"tensorTransformGeneric<float, float, float, (bool)1, (bool)0, (bool)0, (cudnnKernelDataType_t)0>(cudnnTensorTransformStruct, tensorTransformParams, int, unsigne…",vae_conv,0.009,1
5.75,wan_qk_norm_rope16,norm_elementwise,11.9072,260
5.75,wan_res_gate,norm_elementwise,3.6533,87
5.75,wan_res_ln,norm_elementwise,9.8833,174
6.0,add_bias_inplace,norm_elementwise,0.114,4
6.0,cast_bf16_f32_bias_act,cast_quant,0.0273,17
6.0,cast_f32_bf16,cast_quant,0.0931,15
6.0,fa_dc100_fwd_d128,attention,105.1733,202
6.0,fvf_split_heads_rows,layout_copy,1.3796,101
6.0,gather_nd,layout_copy,0.7123,4
6.0,lincomb3,norm_elementwise,0.0107,7
6.0,memset,copies_memset,1.0876,1210
6.0,mx_binary,norm_elementwise,0.0083,4
6.0,mx_block_copy,layout_copy,7.311,261
6.0,mx_gather_nd,layout_copy,0.1048,12
6.0,mx_ln_adaln_e,norm_elementwise,3.2812,105
6.0,mx_merge_heads,layout_copy,8.7216,201
6.0,mxfp8_quantize,cast_quant,31.0641,605
6.0,nvjet_sm100_qqtst_128x128_128x8_2x1_2cta_v_bz_Avec32UE8M0_Bvec32UE8M0_TNT,gemm,3.0662,302
6.0,nvjet_sm100_qqtst_128x256_128x6_2x1_2cta_v_bz_Avec32UE8M0_Bvec32UE8M0_TNT,gemm,6.9457,202
6.0,nvjet_sm100_qqtst_256x128_128x5_2x4f_2cta_h_bz_Avec32UE8M0_Bvec32UE8M0_TNT,gemm,5.1759,101
6.0,nvjet_sm100_tst_32x64_64x16_1x2_2cta_h_bz_bias_TNN,gemm,0.0178,4
6.0,quant_linear_epilogue,cast_quant,45.3793,605
6.0,"implicit_convolve_sgemm<float, float, int, (int)1024, (int)5, (int)5, (int)3, (int)3, (int)3, (int)1, (bool)0, (bool)0, (bool)1>(int, int, int, const T1 *, int,…",vae_conv,0.1893,4
6.0,wan_qk_norm_rope16,norm_elementwise,13.8036,302
6.0,wan_res_gate,norm_elementwise,4.24,101
6.0,wan_res_ln,norm_elementwise,11.4019,201
6.25,add_bias_inplace,norm_elementwise,2.3501,32
6.25,add_scalar,norm_elementwise,0.0512,1
6.25,apply_rotary_bshd,norm_elementwise,0.7187,30
6.25,block_copy,layout_copy,2.7841,55
6.25,cast_bf16_f32_bias_act,cast_quant,0.018,11
6.25,cast_f32_bf16,cast_quant,0.6358,44
6.25,clamp_f,norm_elementwise,2.685,30
6.25,cutlass3x_sm100_tensorop_s256x128x8tf32implicit_gemm_fprop_f32_f32_f32_void_f32_f32_256x128x32_dyn_cga_ndhwc_ndhwc_ndhwc_align4_2sm_relu_valpha,vae_conv,0.637,16
6.25,cutlass3x_sm100_tensorop_s256x256x8tf32implicit_gemm_fprop_f32_f32_f32_void_f32_f32_256x256x32_dyn_cga_ndhwc_ndhwc_ndhwc_align4_2sm_relu_valpha_stream_k,vae_conv,0.1677,3
6.25,cutlass3x_sm100_tensorop_s32x256x8_conv3d_fprop_weight_stationary_nq_2d_tiled_f32_f32_f32_void_f32_void_t1xr3xs3_32x256x32_dyn_cga_ndhwc_ndhwc_ndhwc_1sm,vae_conv,0.2587,1
6.25,cutlass3x_sm100_tensorop_s64x256x8_conv3d_fprop_weight_stationary_nq_2d_tiled_f32_f32_f32_void_f32_void_t1xr3xs3_64x256x32_dyn_cga_ndhwc_ndhwc_ndhwc_1sm,vae_conv,1.6204,11
6.25,elem_add,norm_elementwise,0.6224,9
6.25,fa_dc100_fwd_d128,attention,89.8887,172
6.25,fvf_split_heads_rows,layout_copy,1.1824,86
6.25,gather_nd,layout_copy,0.5343,3
6.25,lincomb3,norm_elementwise,0.0065,4
6.25,memcpy DtoH,copies_memset,0.5134,2
6.25,memcpy HtoD,copies_memset,0.7765,11
6.25,memset,copies_memset,0.9268,1033
6.25,mul_scalar,norm_elementwise,0.0508,1
6.25,mx_binary,norm_elementwise,0.0062,3
6.25,mx_block_copy,layout_copy,15.8715,519
6.25,mx_gather_nd,layout_copy,0.1139,13
6.25,mx_ln_adaln_e,norm_elementwise,2.779,89
6.25,mx_merge_heads,layout_copy,7.4639,172
6.25,mxfp8_quantize,cast_quant,26.4775,516
6.25,nvjet_sm100_qqtst_128x128_128x8_2x1_2cta_v_bz_Avec32UE8M0_Bvec32UE8M0_TNT,gemm,2.6229,258
6.25,nvjet_sm100_qqtst_128x256_128x6_2x1_2cta_v_bz_Avec32UE8M0_Bvec32UE8M0_TNT,gemm,5.9217,172
6.25,nvjet_sm100_qqtst_256x128_128x5_2x4f_2cta_h_bz_Avec32UE8M0_Bvec32UE8M0_TNT,gemm,4.4114,86
6.25,nvjet_sm100_sss_tf32_256x128_32x4_1x2_h_bz_NNT,gemm,0.1032,2
6.25,nvjet_sm100_sss_tf32_256x128_32x5_2x1_2cta_v_bz_NNT,gemm,0.2935,1
6.25,nvjet_sm100_tst_32x64_64x16_1x2_2cta_h_bz_bias_TNN,gemm,0.0133,3
6.25,pack_rgb_u8,layout_copy,0.0238,1
6.25,quant_linear_epilogue,cast_quant,38.6721,516
6.25,tanh_scaled,norm_elementwise,0.0026,1
6.25,upsample_nearest,vae_conv,1.241,3
6.25,"cudnn::engines_precompiled::nchwToNhwcKernel<float, float, float, (bool)0, (bool)1, (cudnnKernelDataType_t)0>(cudnn::engines_precompiled::nchw2nhwc_params_t<T3>…",vae_conv,2.89,61
6.25,"cudnn::engines_precompiled::nhwcToNchwKernel<float, float, float, (bool)1, (bool)0, (cudnnKernelDataType_t)0>(cudnn::engines_precompiled::nhwc2nchw_params_t<T3>…",vae_conv,1.4326,31
6.25,"implicit_convolve_sgemm<float, float, int, (int)1024, (int)5, (int)5, (int)3, (int)3, (int)3, (int)1, (bool)0, (bool)0, (bool)1>(int, int, int, const T1 *, int,…",vae_conv,0.138,3
6.25,"implicit_convolve_sgemm<float, float, int, (int)1024, (int)6, (int)7, (int)3, (int)3, (int)5, (int)1, (bool)0, (bool)0, (bool)1>(int, int, int, const T1 *, int,…",vae_conv,0.0513,1
6.25,"tensorTransformGeneric<float, float, float, (bool)1, (bool)0, (bool)0, (cudnnKernelDataType_t)0>(cudnnTensorTransformStruct, tensorTransformParams, int, unsigne…",vae_conv,0.0089,1
6.25,wan_qk_norm_rope16,norm_elementwise,11.8021,258
6.25,wan_res_gate,norm_elementwise,3.6144,86
6.25,wan_res_ln,norm_elementwise,9.7608,172
6.5,add_bias_inplace,norm_elementwise,2.3491,32
6.5,add_scalar,norm_elementwise,0.0519,1
6.5,apply_rotary_bshd,norm_elementwise,0.719,30
6.5,block_copy,layout_copy,2.7834,55
6.5,cast_bf16_f32_bias_act,cast_quant,0.0166,10
6.5,cast_f32_bf16,cast_quant,0.6355,43
6.5,clamp_f,norm_elementwise,2.6836,30
6.5,cutlass3x_sm100_tensorop_s256x128x8tf32implicit_gemm_fprop_f32_f32_f32_void_f32_f32_256x128x32_dyn_cga_ndhwc_ndhwc_ndhwc_align4_2sm_relu_valpha,vae_conv,0.6392,16
6.5,cutlass3x_sm100_tensorop_s256x256x8tf32implicit_gemm_fprop_f32_f32_f32_void_f32_f32_256x256x32_dyn_cga_ndhwc_ndhwc_ndhwc_align4_2sm_relu_valpha_stream_k,vae_conv,0.1671,3
6.5,cutlass3x_sm100_tensorop_s32x256x8_conv3d_fprop_weight_stationary_nq_2d_tiled_f32_f32_f32_void_f32_void_t1xr3xs3_32x256x32_dyn_cga_ndhwc_ndhwc_ndhwc_1sm,vae_conv,0.2587,1
6.5,cutlass3x_sm100_tensorop_s64x256x8_conv3d_fprop_weight_stationary_nq_2d_tiled_f32_f32_f32_void_f32_void_t1xr3xs3_64x256x32_dyn_cga_ndhwc_ndhwc_ndhwc_1sm,vae_conv,1.6271,11
6.5,elem_add,norm_elementwise,0.6229,9
6.5,fa_dc100_fwd_d128,attention,93.7286,180
6.5,fvf_split_heads_rows,layout_copy,1.229,90
6.5,gather_nd,layout_copy,0.534,3
6.5,lincomb3,norm_elementwise,0.0043,3
6.5,memcpy DtoH,copies_memset,0.4852,2
6.5,memcpy HtoD,copies_memset,0.7049,11
6.5,memset,copies_memset,0.971,1081
6.5,mul_scalar,norm_elementwise,0.0509,1
6.5,mx_binary,norm_elementwise,0.0061,3
6.5,mx_block_copy,layout_copy,6.5403,248
6.5,mx_gather_nd,layout_copy,0.1151,13
6.5,mx_ln_adaln_e,norm_elementwise,2.9039,93
6.5,mx_merge_heads,layout_copy,7.8111,180
6.5,mxfp8_quantize,cast_quant,27.7002,540
6.5,nvjet_sm100_qqtst_128x128_128x8_2x1_2cta_v_bz_Avec32UE8M0_Bvec32UE8M0_TNT,gemm,2.7384,270
6.5,nvjet_sm100_qqtst_128x256_128x6_2x1_2cta_v_bz_Avec32UE8M0_Bvec32UE8M0_TNT,gemm,6.1945,180
6.5,nvjet_sm100_qqtst_256x128_128x5_2x4f_2cta_h_bz_Avec32UE8M0_Bvec32UE8M0_TNT,gemm,4.611,90
6.5,nvjet_sm100_sss_tf32_256x128_32x4_1x2_h_bz_NNT,gemm,0.1035,2
6.5,nvjet_sm100_sss_tf32_256x128_32x5_2x1_2cta_v_bz_NNT,gemm,0.2946,1
6.5,nvjet_sm100_tst_32x64_64x16_1x2_2cta_h_bz_bias_TNN,gemm,0.0133,3
6.5,pack_rgb_u8,layout_copy,0.0236,1
6.5,quant_linear_epilogue,cast_quant,40.4682,540
6.5,tanh_scaled,norm_elementwise,0.0025,1
6.5,upsample_nearest,vae_conv,1.2415,3
6.5,"cudnn::engines_precompiled::nchwToNhwcKernel<float, float, float, (bool)0, (bool)1, (cudnnKernelDataType_t)0>(cudnn::engines_precompiled::nchw2nhwc_params_t<T3>…",vae_conv,2.8937,61
6.5,"cudnn::engines_precompiled::nhwcToNchwKernel<float, float, float, (bool)1, (bool)0, (cudnnKernelDataType_t)0>(cudnn::engines_precompiled::nhwc2nchw_params_t<T3>…",vae_conv,1.4306,31
6.5,"implicit_convolve_sgemm<float, float, int, (int)1024, (int)5, (int)5, (int)3, (int)3, (int)3, (int)1, (bool)0, (bool)0, (bool)1>(int, int, int, const T1 *, int,…",vae_conv,0.1441,3
6.5,"implicit_convolve_sgemm<float, float, int, (int)1024, (int)6, (int)7, (int)3, (int)3, (int)5, (int)1, (bool)0, (bool)0, (bool)1>(int, int, int, const T1 *, int,…",vae_conv,0.0514,1
6.5,"tensorTransformGeneric<float, float, float, (bool)1, (bool)0, (bool)0, (cudnnKernelDataType_t)0>(cudnnTensorTransformStruct, tensorTransformParams, int, unsigne…",vae_conv,0.0092,1
6.5,wan_qk_norm_rope16,norm_elementwise,12.2993,269
6.5,wan_res_gate,norm_elementwise,3.7789,90
6.5,wan_res_ln,norm_elementwise,10.2159,180
6.75,add_bias_inplace,norm_elementwise,0.0855,3
6.75,cast_bf16_f32_bias_act,cast_quant,0.0226,14
6.75,cast_f32_bf16,cast_quant,0.0705,12
6.75,fa_dc100_fwd_d128,attention,101.3725,195
6.75,fvf_split_heads_rows,layout_copy,1.3314,97
6.75,gather_nd,layout_copy,0.5339,3
6.75,lincomb3,norm_elementwise,0.0092,6
6.75,memset,copies_memset,1.0564,1176
6.75,mx_binary,norm_elementwise,0.006,3
6.75,mx_block_copy,layout_copy,14.9357,480
6.75,mx_gather_nd,layout_copy,0.0784,9
6.75,mx_ln_adaln_e,norm_elementwise,3.1593,101
6.75,mx_merge_heads,layout_copy,8.5036,196
6.75,mxfp8_quantize,cast_quant,30.1688,588
6.75,nvjet_sm100_qqtst_128x128_128x8_2x1_2cta_v_bz_Avec32UE8M0_Bvec32UE8M0_TNT,gemm,2.9907,294
6.75,nvjet_sm100_qqtst_128x256_128x6_2x1_2cta_v_bz_Avec32UE8M0_Bvec32UE8M0_TNT,gemm,6.7533,196
6.75,nvjet_sm100_qqtst_256x128_128x5_2x4f_2cta_h_bz_Avec32UE8M0_Bvec32UE8M0_TNT,gemm,5.028,98
6.75,nvjet_sm100_tst_32x64_64x16_1x2_2cta_h_bz_bias_TNN,gemm,0.0133,3
6.75,quant_linear_epilogue,cast_quant,43.9553,587
6.75,"implicit_convolve_sgemm<float, float, int, (int)1024, (int)5, (int)5, (int)3, (int)3, (int)3, (int)1, (bool)0, (bool)0, (bool)1>(int, int, int, const T1 *, int,…",vae_conv,0.1371,3
6.75,wan_qk_norm_rope16,norm_elementwise,13.2869,291
6.75,wan_res_gate,norm_elementwise,4.1155,98
6.75,wan_res_ln,norm_elementwise,11.1163,196
7.0,add_bias_inplace,norm_elementwise,2.347,32
7.0,add_scalar,norm_elementwise,0.0514,1
7.0,apply_rotary_bshd,norm_elementwise,0.719,30
7.0,block_copy,layout_copy,2.7833,55
7.0,cast_bf16_f32_bias_act,cast_quant,0.0146,9
7.0,cast_f32_bf16,cast_quant,0.6351,43
7.0,clamp_f,norm_elementwise,2.6848,30
7.0,cutlass3x_sm100_tensorop_s256x128x8tf32implicit_gemm_fprop_f32_f32_f32_void_f32_f32_256x128x32_dyn_cga_ndhwc_ndhwc_ndhwc_align4_2sm_relu_valpha,vae_conv,0.6396,16
7.0,cutlass3x_sm100_tensorop_s256x256x8tf32implicit_gemm_fprop_f32_f32_f32_void_f32_f32_256x256x32_dyn_cga_ndhwc_ndhwc_ndhwc_align4_2sm_relu_valpha_stream_k,vae_conv,0.1675,3
7.0,cutlass3x_sm100_tensorop_s32x256x8_conv3d_fprop_weight_stationary_nq_2d_tiled_f32_f32_f32_void_f32_void_t1xr3xs3_32x256x32_dyn_cga_ndhwc_ndhwc_ndhwc_1sm,vae_conv,0.2594,1
7.0,cutlass3x_sm100_tensorop_s64x256x8_conv3d_fprop_weight_stationary_nq_2d_tiled_f32_f32_f32_void_f32_void_t1xr3xs3_64x256x32_dyn_cga_ndhwc_ndhwc_ndhwc_1sm,vae_conv,1.6243,11
7.0,elem_add,norm_elementwise,0.6228,9
7.0,fa_dc100_fwd_d128,attention,88.8119,170
7.0,fvf_split_heads_rows,layout_copy,1.1667,85
7.0,gather_nd,layout_copy,0.5348,3
7.0,lincomb3,norm_elementwise,0.0049,3
7.0,memcpy DtoH,copies_memset,0.5457,2
7.0,memcpy HtoD,copies_memset,0.6977,11
7.0,memset,copies_memset,0.9124,1017
7.0,mul_scalar,norm_elementwise,0.0507,1
7.0,mx_binary,norm_elementwise,0.0067,3
7.0,mx_block_copy,layout_copy,15.8186,518
7.0,mx_gather_nd,layout_copy,0.1144,13
7.0,mx_ln_adaln_e,norm_elementwise,2.7199,87
7.0,mx_merge_heads,layout_copy,7.3742,170
7.0,mxfp8_quantize,cast_quant,25.9732,508
7.0,nvjet_sm100_qqtst_128x128_128x8_2x1_2cta_v_bz_Avec32UE8M0_Bvec32UE8M0_TNT,gemm,2.5895,255
7.0,nvjet_sm100_qqtst_128x256_128x6_2x1_2cta_v_bz_Avec32UE8M0_Bvec32UE8M0_TNT,gemm,5.8279,169
7.0,nvjet_sm100_qqtst_256x128_128x5_2x4f_2cta_h_bz_Avec32UE8M0_Bvec32UE8M0_TNT,gemm,4.3023,84
7.0,nvjet_sm100_sss_tf32_256x128_32x4_1x2_h_bz_NNT,gemm,0.1032,2
7.0,nvjet_sm100_sss_tf32_256x128_32x5_2x1_2cta_v_bz_NNT,gemm,0.295,1
7.0,nvjet_sm100_tst_32x64_64x16_1x2_2cta_h_bz_bias_TNN,gemm,0.0134,3
7.0,pack_rgb_u8,layout_copy,0.0235,1
7.0,quant_linear_epilogue,cast_quant,38.0577,509
7.0,tanh_scaled,norm_elementwise,0.0024,1
7.0,upsample_nearest,vae_conv,1.2408,3
7.0,"cudnn::engines_precompiled::nchwToNhwcKernel<float, float, float, (bool)0, (bool)1, (cudnnKernelDataType_t)0>(cudnn::engines_precompiled::nchw2nhwc_params_t<T3>…",vae_conv,2.8877,61
7.0,"cudnn::engines_precompiled::nhwcToNchwKernel<float, float, float, (bool)1, (bool)0, (cudnnKernelDataType_t)0>(cudnn::engines_precompiled::nhwc2nchw_params_t<T3>…",vae_conv,1.4282,31
7.0,"implicit_convolve_sgemm<float, float, int, (int)1024, (int)5, (int)5, (int)3, (int)3, (int)3, (int)1, (bool)0, (bool)0, (bool)1>(int, int, int, const T1 *, int,…",vae_conv,0.1437,3
7.0,"implicit_convolve_sgemm<float, float, int, (int)1024, (int)6, (int)7, (int)3, (int)3, (int)5, (int)1, (bool)0, (bool)0, (bool)1>(int, int, int, const T1 *, int,…",vae_conv,0.0513,1
7.0,"tensorTransformGeneric<float, float, float, (bool)1, (bool)0, (bool)0, (cudnnKernelDataType_t)0>(cudnnTensorTransformStruct, tensorTransformParams, int, unsigne…",vae_conv,0.009,1
7.0,wan_qk_norm_rope16,norm_elementwise,11.6666,255
7.0,wan_res_gate,norm_elementwise,3.5281,84
7.0,wan_res_ln,norm_elementwise,9.6553,170
7.25,add_bias_inplace,norm_elementwise,0.0852,3
7.25,cast_bf16_f32_bias_act,cast_quant,0.0216,13
7.25,cast_f32_bf16,cast_quant,0.0694,11
7.25,fa_dc100_fwd_d128,attention,105.3741,202
7.25,fvf_split_heads_rows,layout_copy,1.3806,101
7.25,gather_nd,layout_copy,0.534,3
7.25,lincomb3,norm_elementwise,0.0072,5
7.25,memset,copies_memset,1.0922,1216
7.25,mx_binary,norm_elementwise,0.0061,3
7.25,mx_block_copy,layout_copy,5.6044,209
7.25,mx_gather_nd,layout_copy,0.0789,9
7.25,mx_ln_adaln_e,norm_elementwise,3.2806,105
7.25,mx_merge_heads,layout_copy,8.764,202
7.25,mxfp8_quantize,cast_quant,31.2846,608
7.25,nvjet_sm100_qqtst_128x128_128x8_2x1_2cta_v_bz_Avec32UE8M0_Bvec32UE8M0_TNT,gemm,3.0741,303
7.25,nvjet_sm100_qqtst_128x256_128x6_2x1_2cta_v_bz_Avec32UE8M0_Bvec32UE8M0_TNT,gemm,6.9697,203
7.25,nvjet_sm100_qqtst_256x128_128x5_2x4f_2cta_h_bz_Avec32UE8M0_Bvec32UE8M0_TNT,gemm,5.2246,102
7.25,nvjet_sm100_tst_32x64_64x16_1x2_2cta_h_bz_bias_TNN,gemm,0.0134,3
7.25,quant_linear_epilogue,cast_quant,45.5629,608
7.25,"implicit_convolve_sgemm<float, float, int, (int)1024, (int)5, (int)5, (int)3, (int)3, (int)3, (int)1, (bool)0, (bool)0, (bool)1>(int, int, int, const T1 *, int,…",vae_conv,0.1437,3
7.25,wan_qk_norm_rope16,norm_elementwise,13.9135,304
7.25,wan_res_gate,norm_elementwise,4.2824,102
7.25,wan_res_ln,norm_elementwise,11.4573,202
7.5,add_bias_inplace,norm_elementwise,2.3495,32
7.5,add_scalar,norm_elementwise,0.051,1
7.5,apply_rotary_bshd,norm_elementwise,0.7182,30
7.5,block_copy,layout_copy,2.7857,55
7.5,cast_bf16_f32_bias_act,cast_quant,0.0181,11
7.5,cast_f32_bf16,cast_quant,0.6357,44
7.5,clamp_f,norm_elementwise,2.6838,30
7.5,cutlass3x_sm100_tensorop_s256x128x8tf32implicit_gemm_fprop_f32_f32_f32_void_f32_f32_256x128x32_dyn_cga_ndhwc_ndhwc_ndhwc_align4_2sm_relu_valpha,vae_conv,0.6374,16
7.5,cutlass3x_sm100_tensorop_s256x256x8tf32implicit_gemm_fprop_f32_f32_f32_void_f32_f32_256x256x32_dyn_cga_ndhwc_ndhwc_ndhwc_align4_2sm_relu_valpha_stream_k,vae_conv,0.1672,3
7.5,cutlass3x_sm100_tensorop_s32x256x8_conv3d_fprop_weight_stationary_nq_2d_tiled_f32_f32_f32_void_f32_void_t1xr3xs3_32x256x32_dyn_cga_ndhwc_ndhwc_ndhwc_1sm,vae_conv,0.2602,1
7.5,cutlass3x_sm100_tensorop_s64x256x8_conv3d_fprop_weight_stationary_nq_2d_tiled_f32_f32_f32_void_f32_void_t1xr3xs3_64x256x32_dyn_cga_ndhwc_ndhwc_ndhwc_1sm,vae_conv,1.6213,11
7.5,elem_add,norm_elementwise,0.6196,9
7.5,fa_dc100_fwd_d128,attention,89.9055,172
7.5,fvf_split_heads_rows,layout_copy,1.1798,86
7.5,gather_nd,layout_copy,0.5342,3
7.5,lincomb3,norm_elementwise,0.0064,4
7.5,memcpy DtoH,copies_memset,0.5513,2
7.5,memcpy HtoD,copies_memset,0.686,11
7.5,memset,copies_memset,0.9275,1033
7.5,mul_scalar,norm_elementwise,0.0513,1
7.5,mx_binary,norm_elementwise,0.006,3
7.5,mx_block_copy,layout_copy,15.8667,519
7.5,mx_gather_nd,layout_copy,0.1143,13
7.5,mx_ln_adaln_e,norm_elementwise,2.7773,89
7.5,mx_merge_heads,layout_copy,7.4631,172
7.5,mxfp8_quantize,cast_quant,26.4686,516
7.5,nvjet_sm100_qqtst_128x128_128x8_2x1_2cta_v_bz_Avec32UE8M0_Bvec32UE8M0_TNT,gemm,2.6229,258
7.5,nvjet_sm100_qqtst_128x256_128x6_2x1_2cta_v_bz_Avec32UE8M0_Bvec32UE8M0_TNT,gemm,5.9228,172
7.5,nvjet_sm100_qqtst_256x128_128x5_2x4f_2cta_h_bz_Avec32UE8M0_Bvec32UE8M0_TNT,gemm,4.41,86
7.5,nvjet_sm100_sss_tf32_256x128_32x4_1x2_h_bz_NNT,gemm,0.1031,2
7.5,nvjet_sm100_sss_tf32_256x128_32x5_2x1_2cta_v_bz_NNT,gemm,0.2949,1
7.5,nvjet_sm100_tst_32x64_64x16_1x2_2cta_h_bz_bias_TNN,gemm,0.0133,3
7.5,pack_rgb_u8,layout_copy,0.0233,1
7.5,quant_linear_epilogue,cast_quant,38.6675,516
7.5,tanh_scaled,norm_elementwise,0.0027,1
7.5,upsample_nearest,vae_conv,1.2405,3
7.5,"cudnn::engines_precompiled::nchwToNhwcKernel<float, float, float, (bool)0, (bool)1, (cudnnKernelDataType_t)0>(cudnn::engines_precompiled::nchw2nhwc_params_t<T3>…",vae_conv,2.8873,61
7.5,"cudnn::engines_precompiled::nhwcToNchwKernel<float, float, float, (bool)1, (bool)0, (cudnnKernelDataType_t)0>(cudnn::engines_precompiled::nhwc2nchw_params_t<T3>…",vae_conv,1.4319,31
7.5,"implicit_convolve_sgemm<float, float, int, (int)1024, (int)5, (int)5, (int)3, (int)3, (int)3, (int)1, (bool)0, (bool)0, (bool)1>(int, int, int, const T1 *, int,…",vae_conv,0.1384,3
7.5,"implicit_convolve_sgemm<float, float, int, (int)1024, (int)6, (int)7, (int)3, (int)3, (int)5, (int)1, (bool)0, (bool)0, (bool)1>(int, int, int, const T1 *, int,…",vae_conv,0.0517,1
7.5,"tensorTransformGeneric<float, float, float, (bool)1, (bool)0, (bool)0, (cudnnKernelDataType_t)0>(cudnnTensorTransformStruct, tensorTransformParams, int, unsigne…",vae_conv,0.0089,1
7.5,wan_qk_norm_rope16,norm_elementwise,11.7476,257
7.5,wan_res_gate,norm_elementwise,3.612,86
7.5,wan_res_ln,norm_elementwise,9.759,172
7.75,add_bias_inplace,norm_elementwise,2.3495,32
7.75,add_scalar,norm_elementwise,0.0517,1
7.75,apply_rotary_bshd,norm_elementwise,0.7186,30
7.75,block_copy,layout_copy,2.7818,55
7.75,cast_bf16_f32_bias_act,cast_quant,0.0166,10
7.75,cast_f32_bf16,cast_quant,0.6355,43
7.75,clamp_f,norm_elementwise,2.6842,30
7.75,cutlass3x_sm100_tensorop_s256x128x8tf32implicit_gemm_fprop_f32_f32_f32_void_f32_f32_256x128x32_dyn_cga_ndhwc_ndhwc_ndhwc_align4_2sm_relu_valpha,vae_conv,0.6375,16
7.75,cutlass3x_sm100_tensorop_s256x256x8tf32implicit_gemm_fprop_f32_f32_f32_void_f32_f32_256x256x32_dyn_cga_ndhwc_ndhwc_ndhwc_align4_2sm_relu_valpha_stream_k,vae_conv,0.1665,3
7.75,cutlass3x_sm100_tensorop_s32x256x8_conv3d_fprop_weight_stationary_nq_2d_tiled_f32_f32_f32_void_f32_void_t1xr3xs3_32x256x32_dyn_cga_ndhwc_ndhwc_ndhwc_1sm,vae_conv,0.2597,1
7.75,cutlass3x_sm100_tensorop_s64x256x8_conv3d_fprop_weight_stationary_nq_2d_tiled_f32_f32_f32_void_f32_void_t1xr3xs3_64x256x32_dyn_cga_ndhwc_ndhwc_ndhwc_1sm,vae_conv,1.6218,11
7.75,elem_add,norm_elementwise,0.6224,9
7.75,fa_dc100_fwd_d128,attention,93.9625,179
7.75,fvf_split_heads_rows,layout_copy,1.2325,90
7.75,gather_nd,layout_copy,0.5341,3
7.75,lincomb3,norm_elementwise,0.0043,3
7.75,memcpy DtoH,copies_memset,0.5363,2
7.75,memcpy HtoD,copies_memset,0.6937,11
7.75,memset,copies_memset,0.9595,1069
7.75,mul_scalar,norm_elementwise,0.0513,1
7.75,mx_binary,norm_elementwise,0.006,3
7.75,mx_block_copy,layout_copy,9.6112,338
7.75,mx_gather_nd,layout_copy,0.1146,13
7.75,mx_ln_adaln_e,norm_elementwise,2.8729,92
7.75,mx_merge_heads,layout_copy,7.7237,178
7.75,mxfp8_quantize,cast_quant,27.3978,534
7.75,nvjet_sm100_qqtst_128x128_128x8_2x1_2cta_v_bz_Avec32UE8M0_Bvec32UE8M0_TNT,gemm,2.7111,267
7.75,nvjet_sm100_qqtst_128x256_128x6_2x1_2cta_v_bz_Avec32UE8M0_Bvec32UE8M0_TNT,gemm,6.1243,178
7.75,nvjet_sm100_qqtst_256x128_128x5_2x4f_2cta_h_bz_Avec32UE8M0_Bvec32UE8M0_TNT,gemm,4.5532,89
7.75,nvjet_sm100_sss_tf32_256x128_32x4_1x2_h_bz_NNT,gemm,0.1031,2
7.75,nvjet_sm100_sss_tf32_256x128_32x5_2x1_2cta_v_bz_NNT,gemm,0.2968,1
7.75,nvjet_sm100_tst_32x64_64x16_1x2_2cta_h_bz_bias_TNN,gemm,0.0135,3
7.75,pack_rgb_u8,layout_copy,0.0232,1
7.75,quant_linear_epilogue,cast_quant,39.9578,534
7.75,tanh_scaled,norm_elementwise,0.0027,1
7.75,upsample_nearest,vae_conv,1.2407,3
7.75,"cudnn::engines_precompiled::nchwToNhwcKernel<float, float, float, (bool)0, (bool)1, (cudnnKernelDataType_t)0>(cudnn::engines_precompiled::nchw2nhwc_params_t<T3>…",vae_conv,2.888,61
7.75,"cudnn::engines_precompiled::nhwcToNchwKernel<float, float, float, (bool)1, (bool)0, (cudnnKernelDataType_t)0>(cudnn::engines_precompiled::nhwc2nchw_params_t<T3>…",vae_conv,1.4349,31
7.75,"implicit_convolve_sgemm<float, float, int, (int)1024, (int)5, (int)5, (int)3, (int)3, (int)3, (int)1, (bool)0, (bool)0, (bool)1>(int, int, int, const T1 *, int,…",vae_conv,0.1436,3
7.75,"implicit_convolve_sgemm<float, float, int, (int)1024, (int)6, (int)7, (int)3, (int)3, (int)5, (int)1, (bool)0, (bool)0, (bool)1>(int, int, int, const T1 *, int,…",vae_conv,0.0511,1
7.75,"tensorTransformGeneric<float, float, float, (bool)1, (bool)0, (bool)0, (cudnnKernelDataType_t)0>(cudnnTensorTransformStruct, tensorTransformParams, int, unsigne…",vae_conv,0.0091,1
7.75,wan_qk_norm_rope16,norm_elementwise,12.2127,267
7.75,wan_res_gate,norm_elementwise,3.7366,89
7.75,wan_res_ln,norm_elementwise,10.1023,178
8.0,add_bias_inplace,norm_elementwise,0.0854,3
8.0,cast_bf16_f32_bias_act,cast_quant,0.0221,14
8.0,cast_f32_bf16,cast_quant,0.0706,12
8.0,fa_dc100_fwd_d128,attention,102.5861,197
8.0,fvf_split_heads_rows,layout_copy,1.3383,98
8.0,gather_nd,layout_copy,0.5345,3
8.0,lincomb3,norm_elementwise,0.0093,6
8.0,memset,copies_memset,1.0675,1188
8.0,mx_binary,norm_elementwise,0.0062,3
8.0,mx_block_copy,layout_copy,11.9203,392
8.0,mx_gather_nd,layout_copy,0.0787,9
8.0,mx_ln_adaln_e,norm_elementwise,3.1862,102
8.0,mx_merge_heads,layout_copy,8.592,198
8.0,mxfp8_quantize,cast_quant,30.4809,594
8.0,nvjet_sm100_qqtst_128x128_128x8_2x1_2cta_v_bz_Avec32UE8M0_Bvec32UE8M0_TNT,gemm,3.0161,297
8.0,nvjet_sm100_qqtst_128x256_128x6_2x1_2cta_v_bz_Avec32UE8M0_Bvec32UE8M0_TNT,gemm,6.813,198
8.0,nvjet_sm100_qqtst_256x128_128x5_2x4f_2cta_h_bz_Avec32UE8M0_Bvec32UE8M0_TNT,gemm,5.0767,99
8.0,nvjet_sm100_tst_32x64_64x16_1x2_2cta_h_bz_bias_TNN,gemm,0.0134,3
8.0,quant_linear_epilogue,cast_quant,44.492,594
8.0,"implicit_convolve_sgemm<float, float, int, (int)1024, (int)5, (int)5, (int)3, (int)3, (int)3, (int)1, (bool)0, (bool)0, (bool)1>(int, int, int, const T1 *, int,…",vae_conv,0.1378,3
8.0,wan_qk_norm_rope16,norm_elementwise,13.4258,294
8.0,wan_res_gate,norm_elementwise,4.1572,99
8.0,wan_res_ln,norm_elementwise,11.2325,198
8.25,add_bias_inplace,norm_elementwise,2.3471,32
8.25,add_scalar,norm_elementwise,0.0513,1
8.25,apply_rotary_bshd,norm_elementwise,0.7175,30
8.25,block_copy,layout_copy,2.7814,55
8.25,cast_bf16_f32_bias_act,cast_quant,0.0147,9
8.25,cast_f32_bf16,cast_quant,0.6352,43
8.25,clamp_f,norm_elementwise,2.6841,30
8.25,cutlass3x_sm100_tensorop_s256x128x8tf32implicit_gemm_fprop_f32_f32_f32_void_f32_f32_256x128x32_dyn_cga_ndhwc_ndhwc_ndhwc_align4_2sm_relu_valpha,vae_conv,0.6371,16
8.25,cutlass3x_sm100_tensorop_s256x256x8tf32implicit_gemm_fprop_f32_f32_f32_void_f32_f32_256x256x32_dyn_cga_ndhwc_ndhwc_ndhwc_align4_2sm_relu_valpha_stream_k,vae_conv,0.1669,3
8.25,cutlass3x_sm100_tensorop_s32x256x8_conv3d_fprop_weight_stationary_nq_2d_tiled_f32_f32_f32_void_f32_void_t1xr3xs3_32x256x32_dyn_cga_ndhwc_ndhwc_ndhwc_1sm,vae_conv,0.2592,1
8.25,cutlass3x_sm100_tensorop_s64x256x8_conv3d_fprop_weight_stationary_nq_2d_tiled_f32_f32_f32_void_f32_void_t1xr3xs3_64x256x32_dyn_cga_ndhwc_ndhwc_ndhwc_1sm,vae_conv,1.6241,11
8.25,elem_add,norm_elementwise,0.6208,9
8.25,fa_dc100_fwd_d128,attention,89.918,172
8.25,fvf_split_heads_rows,layout_copy,1.1813,86
8.25,gather_nd,layout_copy,0.5345,3
8.25,lincomb3,norm_elementwise,0.005,3
8.25,memcpy DtoH,copies_memset,0.4657,2
8.25,memcpy HtoD,copies_memset,0.667,11
8.25,memset,copies_memset,0.9277,1033
8.25,mul_scalar,norm_elementwise,0.0514,1
8.25,mx_binary,norm_elementwise,0.006,3
8.25,mx_block_copy,layout_copy,15.8734,520
8.25,mx_gather_nd,layout_copy,0.1146,13
8.25,mx_ln_adaln_e,norm_elementwise,2.7787,89
8.25,mx_merge_heads,layout_copy,7.4632,172
8.25,mxfp8_quantize,cast_quant,26.4688,516
8.25,nvjet_sm100_qqtst_128x128_128x8_2x1_2cta_v_bz_Avec32UE8M0_Bvec32UE8M0_TNT,gemm,2.623,258
8.25,nvjet_sm100_qqtst_128x256_128x6_2x1_2cta_v_bz_Avec32UE8M0_Bvec32UE8M0_TNT,gemm,5.9196,172
8.25,nvjet_sm100_qqtst_256x128_128x5_2x4f_2cta_h_bz_Avec32UE8M0_Bvec32UE8M0_TNT,gemm,4.3998,86
8.25,nvjet_sm100_sss_tf32_256x128_32x4_1x2_h_bz_NNT,gemm,0.103,2
8.25,nvjet_sm100_sss_tf32_256x128_32x5_2x1_2cta_v_bz_NNT,gemm,0.2949,1
8.25,nvjet_sm100_tst_32x64_64x16_1x2_2cta_h_bz_bias_TNN,gemm,0.0133,3
8.25,pack_rgb_u8,layout_copy,0.0233,1
8.25,quant_linear_epilogue,cast_quant,38.5972,516
8.25,tanh_scaled,norm_elementwise,0.0025,1
8.25,upsample_nearest,vae_conv,1.2412,3
8.25,"cudnn::engines_precompiled::nchwToNhwcKernel<float, float, float, (bool)0, (bool)1, (cudnnKernelDataType_t)0>(cudnn::engines_precompiled::nchw2nhwc_params_t<T3>…",vae_conv,2.8905,61
8.25,"cudnn::engines_precompiled::nhwcToNchwKernel<float, float, float, (bool)1, (bool)0, (cudnnKernelDataType_t)0>(cudnn::engines_precompiled::nhwc2nchw_params_t<T3>…",vae_conv,1.4309,31
8.25,"implicit_convolve_sgemm<float, float, int, (int)1024, (int)5, (int)5, (int)3, (int)3, (int)3, (int)1, (bool)0, (bool)0, (bool)1>(int, int, int, const T1 *, int,…",vae_conv,0.1442,3
8.25,"implicit_convolve_sgemm<float, float, int, (int)1024, (int)6, (int)7, (int)3, (int)3, (int)5, (int)1, (bool)0, (bool)0, (bool)1>(int, int, int, const T1 *, int,…",vae_conv,0.0514,1
8.25,"tensorTransformGeneric<float, float, float, (bool)1, (bool)0, (bool)0, (cudnnKernelDataType_t)0>(cudnnTensorTransformStruct, tensorTransformParams, int, unsigne…",vae_conv,0.0091,1
8.25,wan_qk_norm_rope16,norm_elementwise,11.8052,258
8.25,wan_res_gate,norm_elementwise,3.6132,86
8.25,wan_res_ln,norm_elementwise,9.7696,172
8.5,add_bias_inplace,norm_elementwise,0.0849,3
8.5,cast_bf16_f32_bias_act,cast_quant,0.0213,13
8.5,cast_f32_bf16,cast_quant,0.0694,11
8.5,fa_dc100_fwd_d128,attention,106.4773,203
8.5,fvf_split_heads_rows,layout_copy,1.3971,102
8.5,gather_nd,layout_copy,0.5342,3
8.5,lincomb3,norm_elementwise,0.0072,5
8.5,memset,copies_memset,1.0871,1212
8.5,mx_binary,norm_elementwise,0.0059,3
8.5,mx_block_copy,layout_copy,5.662,211
8.5,mx_gather_nd,layout_copy,0.0788,9
8.5,mx_ln_adaln_e,norm_elementwise,3.247,104
8.5,mx_merge_heads,layout_copy,8.7649,202
8.5,mxfp8_quantize,cast_quant,31.0905,606
8.5,nvjet_sm100_qqtst_128x128_128x8_2x1_2cta_v_bz_Avec32UE8M0_Bvec32UE8M0_TNT,gemm,3.0771,303
8.5,nvjet_sm100_qqtst_128x256_128x6_2x1_2cta_v_bz_Avec32UE8M0_Bvec32UE8M0_TNT,gemm,6.9461,202
8.5,nvjet_sm100_qqtst_256x128_128x5_2x4f_2cta_h_bz_Avec32UE8M0_Bvec32UE8M0_TNT,gemm,5.167,101
8.5,nvjet_sm100_tst_32x64_64x16_1x2_2cta_h_bz_bias_TNN,gemm,0.0134,3
8.5,quant_linear_epilogue,cast_quant,45.4411,606
8.5,"implicit_convolve_sgemm<float, float, int, (int)1024, (int)5, (int)5, (int)3, (int)3, (int)3, (int)1, (bool)0, (bool)0, (bool)1>(int, int, int, const T1 *, int,…",vae_conv,0.1427,3
8.5,wan_qk_norm_rope16,norm_elementwise,13.9133,304
8.5,wan_res_gate,norm_elementwise,4.2405,101
8.5,wan_res_ln,norm_elementwise,11.4637,202
8.75,add_bias_inplace,norm_elementwise,2.3497,32
8.75,add_scalar,norm_elementwise,0.0513,1
8.75,apply_rotary_bshd,norm_elementwise,0.7201,30
8.75,block_copy,layout_copy,2.7849,55
8.75,cast_bf16_f32_bias_act,cast_quant,0.0179,11
8.75,cast_f32_bf16,cast_quant,0.6355,44
8.75,clamp_f,norm_elementwise,2.6825,30
8.75,cutlass3x_sm100_tensorop_s256x128x8tf32implicit_gemm_fprop_f32_f32_f32_void_f32_f32_256x128x32_dyn_cga_ndhwc_ndhwc_ndhwc_align4_2sm_relu_valpha,vae_conv,0.6364,16
8.75,cutlass3x_sm100_tensorop_s256x256x8tf32implicit_gemm_fprop_f32_f32_f32_void_f32_f32_256x256x32_dyn_cga_ndhwc_ndhwc_ndhwc_align4_2sm_relu_valpha_stream_k,vae_conv,0.1673,3
8.75,cutlass3x_sm100_tensorop_s32x256x8_conv3d_fprop_weight_stationary_nq_2d_tiled_f32_f32_f32_void_f32_void_t1xr3xs3_32x256x32_dyn_cga_ndhwc_ndhwc_ndhwc_1sm,vae_conv,0.2595,1
8.75,cutlass3x_sm100_tensorop_s64x256x8_conv3d_fprop_weight_stationary_nq_2d_tiled_f32_f32_f32_void_f32_void_t1xr3xs3_64x256x32_dyn_cga_ndhwc_ndhwc_ndhwc_1sm,vae_conv,1.627,11
8.75,elem_add,norm_elementwise,0.6191,9
8.75,fa_dc100_fwd_d128,attention,90.016,172
8.75,fvf_split_heads_rows,layout_copy,1.1771,86
8.75,gather_nd,layout_copy,0.5344,3
8.75,lincomb3,norm_elementwise,0.0063,4
8.75,memcpy DtoH,copies_memset,0.5138,2
8.75,memcpy HtoD,copies_memset,0.6911,11
8.75,memset,copies_memset,0.9281,1033
8.75,mul_scalar,norm_elementwise,0.051,1
8.75,mx_binary,norm_elementwise,0.006,3
8.75,mx_block_copy,layout_copy,15.8715,519
8.75,mx_gather_nd,layout_copy,0.1142,13
8.75,mx_ln_adaln_e,norm_elementwise,2.779,89
8.75,mx_merge_heads,layout_copy,7.4646,172
8.75,mxfp8_quantize,cast_quant,26.4761,516
8.75,nvjet_sm100_qqtst_128x128_128x8_2x1_2cta_v_bz_Avec32UE8M0_Bvec32UE8M0_TNT,gemm,2.6213,258
8.75,nvjet_sm100_qqtst_128x256_128x6_2x1_2cta_v_bz_Avec32UE8M0_Bvec32UE8M0_TNT,gemm,5.922,172
8.75,nvjet_sm100_qqtst_256x128_128x5_2x4f_2cta_h_bz_Avec32UE8M0_Bvec32UE8M0_TNT,gemm,4.4074,86
8.75,nvjet_sm100_sss_tf32_256x128_32x4_1x2_h_bz_NNT,gemm,0.1057,2
8.75,nvjet_sm100_sss_tf32_256x128_32x5_2x1_2cta_v_bz_NNT,gemm,0.2946,1
8.75,nvjet_sm100_tst_32x64_64x16_1x2_2cta_h_bz_bias_TNN,gemm,0.0132,3
8.75,pack_rgb_u8,layout_copy,0.0232,1
8.75,quant_linear_epilogue,cast_quant,38.6722,516
8.75,tanh_scaled,norm_elementwise,0.0028,1
8.75,upsample_nearest,vae_conv,1.241,3
8.75,"cudnn::engines_precompiled::nchwToNhwcKernel<float, float, float, (bool)0, (bool)1, (cudnnKernelDataType_t)0>(cudnn::engines_precompiled::nchw2nhwc_params_t<T3>…",vae_conv,2.8873,61
8.75,"cudnn::engines_precompiled::nhwcToNchwKernel<float, float, float, (bool)1, (bool)0, (cudnnKernelDataType_t)0>(cudnn::engines_precompiled::nhwc2nchw_params_t<T3>…",vae_conv,1.4335,31
8.75,"implicit_convolve_sgemm<float, float, int, (int)1024, (int)5, (int)5, (int)3, (int)3, (int)3, (int)1, (bool)0, (bool)0, (bool)1>(int, int, int, const T1 *, int,…",vae_conv,0.1381,3
8.75,"implicit_convolve_sgemm<float, float, int, (int)1024, (int)6, (int)7, (int)3, (int)3, (int)5, (int)1, (bool)0, (bool)0, (bool)1>(int, int, int, const T1 *, int,…",vae_conv,0.0516,1
8.75,"tensorTransformGeneric<float, float, float, (bool)1, (bool)0, (bool)0, (cudnnKernelDataType_t)0>(cudnnTensorTransformStruct, tensorTransformParams, int, unsigne…",vae_conv,0.009,1
8.75,wan_qk_norm_rope16,norm_elementwise,11.7426,257
8.75,wan_res_gate,norm_elementwise,3.6118,86
8.75,wan_res_ln,norm_elementwise,9.7617,172
9.0,add_bias_inplace,norm_elementwise,2.3529,32
9.0,add_scalar,norm_elementwise,0.0512,1
9.0,apply_rotary_bshd,norm_elementwise,0.7185,30
9.0,block_copy,layout_copy,2.7826,55
9.0,cast_bf16_f32_bias_act,cast_quant,0.0166,10
9.0,cast_f32_bf16,cast_quant,0.6353,43
9.0,clamp_f,norm_elementwise,2.6836,30
9.0,cutlass3x_sm100_tensorop_s256x128x8tf32implicit_gemm_fprop_f32_f32_f32_void_f32_f32_256x128x32_dyn_cga_ndhwc_ndhwc_ndhwc_align4_2sm_relu_valpha,vae_conv,0.6382,16
9.0,cutlass3x_sm100_tensorop_s256x256x8tf32implicit_gemm_fprop_f32_f32_f32_void_f32_f32_256x256x32_dyn_cga_ndhwc_ndhwc_ndhwc_align4_2sm_relu_valpha_stream_k,vae_conv,0.1672,3
9.0,cutlass3x_sm100_tensorop_s32x256x8_conv3d_fprop_weight_stationary_nq_2d_tiled_f32_f32_f32_void_f32_void_t1xr3xs3_32x256x32_dyn_cga_ndhwc_ndhwc_ndhwc_1sm,vae_conv,0.2589,1
9.0,cutlass3x_sm100_tensorop_s64x256x8_conv3d_fprop_weight_stationary_nq_2d_tiled_f32_f32_f32_void_f32_void_t1xr3xs3_64x256x32_dyn_cga_ndhwc_ndhwc_ndhwc_1sm,vae_conv,1.6288,11
9.0,elem_add,norm_elementwise,0.6195,9
9.0,fa_dc100_fwd_d128,attention,90.9217,175
9.0,fvf_split_heads_rows,layout_copy,1.1938,87
9.0,gather_nd,layout_copy,0.5343,3
9.0,lincomb3,norm_elementwise,0.0043,3
9.0,memcpy DtoH,copies_memset,0.5273,2
9.0,memcpy HtoD,copies_memset,0.652,11
9.0,memset,copies_memset,0.9472,1055
9.0,mul_scalar,norm_elementwise,0.0511,1
9.0,mx_binary,norm_elementwise,0.0059,3
9.0,mx_block_copy,layout_copy,12.5152,422
9.0,mx_gather_nd,layout_copy,0.1143,13
9.0,mx_ln_adaln_e,norm_elementwise,2.8079,90
9.0,mx_merge_heads,layout_copy,7.6374,176
9.0,mxfp8_quantize,cast_quant,27.0585,527
9.0,nvjet_sm100_qqtst_128x128_128x8_2x1_2cta_v_bz_Avec32UE8M0_Bvec32UE8M0_TNT,gemm,2.6829,264
9.0,nvjet_sm100_qqtst_128x256_128x6_2x1_2cta_v_bz_Avec32UE8M0_Bvec32UE8M0_TNT,gemm,6.0244,175
9.0,nvjet_sm100_qqtst_256x128_128x5_2x4f_2cta_h_bz_Avec32UE8M0_Bvec32UE8M0_TNT,gemm,4.5016,88
9.0,nvjet_sm100_sss_tf32_256x128_32x4_1x2_h_bz_NNT,gemm,0.1017,2
9.0,nvjet_sm100_sss_tf32_256x128_32x5_2x1_2cta_v_bz_NNT,gemm,0.2939,1
9.0,nvjet_sm100_tst_32x64_64x16_1x2_2cta_h_bz_bias_TNN,gemm,0.0133,3
9.0,pack_rgb_u8,layout_copy,0.0232,1
9.0,quant_linear_epilogue,cast_quant,39.3248,526
9.0,tanh_scaled,norm_elementwise,0.0024,1
9.0,upsample_nearest,vae_conv,1.2408,3
9.0,"cudnn::engines_precompiled::nchwToNhwcKernel<float, float, float, (bool)0, (bool)1, (cudnnKernelDataType_t)0>(cudnn::engines_precompiled::nchw2nhwc_params_t<T3>…",vae_conv,2.8921,61
9.0,"cudnn::engines_precompiled::nhwcToNchwKernel<float, float, float, (bool)1, (bool)0, (cudnnKernelDataType_t)0>(cudnn::engines_precompiled::nhwc2nchw_params_t<T3>…",vae_conv,1.4279,31
9.0,"implicit_convolve_sgemm<float, float, int, (int)1024, (int)5, (int)5, (int)3, (int)3, (int)3, (int)1, (bool)0, (bool)0, (bool)1>(int, int, int, const T1 *, int,…",vae_conv,0.1455,3
9.0,"implicit_convolve_sgemm<float, float, int, (int)1024, (int)6, (int)7, (int)3, (int)3, (int)5, (int)1, (bool)0, (bool)0, (bool)1>(int, int, int, const T1 *, int,…",vae_conv,0.052,1
9.0,"tensorTransformGeneric<float, float, float, (bool)1, (bool)0, (bool)0, (cudnnKernelDataType_t)0>(cudnnTensorTransformStruct, tensorTransformParams, int, unsigne…",vae_conv,0.009,1
9.0,wan_qk_norm_rope16,norm_elementwise,11.9721,262
9.0,wan_res_gate,norm_elementwise,3.6547,87
9.0,wan_res_ln,norm_elementwise,9.9931,176
9.25,add_bias_inplace,norm_elementwise,0.0856,3
9.25,cast_bf16_f32_bias_act,cast_quant,0.0261,16
9.25,cast_f32_bf16,cast_quant,0.0732,14
9.25,fa_dc100_fwd_d128,attention,104.2901,200
9.25,fvf_split_heads_rows,layout_copy,1.3677,100
9.25,gather_nd,layout_copy,0.5337,3
9.25,lincomb3,norm_elementwise,0.0106,7
9.25,memset,copies_memset,1.0791,1200
9.25,mx_binary,norm_elementwise,0.0083,4
9.25,mx_block_copy,layout_copy,8.9637,309
9.25,mx_gather_nd,layout_copy,0.0964,11
9.25,mx_ln_adaln_e,norm_elementwise,3.2482,104
9.25,mx_merge_heads,layout_copy,8.6777,200
9.25,mxfp8_quantize,cast_quant,30.7869,600
9.25,nvjet_sm100_qqtst_128x128_128x8_2x1_2cta_v_bz_Avec32UE8M0_Bvec32UE8M0_TNT,gemm,3.0479,300
9.25,nvjet_sm100_qqtst_128x256_128x6_2x1_2cta_v_bz_Avec32UE8M0_Bvec32UE8M0_TNT,gemm,6.8841,200
9.25,nvjet_sm100_qqtst_256x128_128x5_2x4f_2cta_h_bz_Avec32UE8M0_Bvec32UE8M0_TNT,gemm,5.1286,100
9.25,nvjet_sm100_tst_32x64_64x16_1x2_2cta_h_bz_bias_TNN,gemm,0.0177,4
9.25,quant_linear_epilogue,cast_quant,44.9706,601
9.25,"implicit_convolve_sgemm<float, float, int, (int)1024, (int)5, (int)5, (int)3, (int)3, (int)3, (int)1, (bool)0, (bool)0, (bool)1>(int, int, int, const T1 *, int,…",vae_conv,0.1381,3
9.25,wan_qk_norm_rope16,norm_elementwise,13.6644,299
9.25,wan_res_gate,norm_elementwise,4.2401,101
9.25,wan_res_ln,norm_elementwise,11.3465,200
9.5,add_bias_inplace,norm_elementwise,2.3515,32
9.5,add_scalar,norm_elementwise,0.0516,1
9.5,apply_rotary_bshd,norm_elementwise,0.7185,30
9.5,block_copy,layout_copy,2.7802,55
9.5,cast_bf16_f32_bias_act,cast_quant,0.0112,7
9.5,cast_f32_bf16,cast_quant,0.6322,41
9.5,clamp_f,norm_elementwise,2.6826,30
9.5,cutlass3x_sm100_tensorop_s256x128x8tf32implicit_gemm_fprop_f32_f32_f32_void_f32_f32_256x128x32_dyn_cga_ndhwc_ndhwc_ndhwc_align4_2sm_relu_valpha,vae_conv,0.6361,16
9.5,cutlass3x_sm100_tensorop_s256x256x8tf32implicit_gemm_fprop_f32_f32_f32_void_f32_f32_256x256x32_dyn_cga_ndhwc_ndhwc_ndhwc_align4_2sm_relu_valpha_stream_k,vae_conv,0.1668,3
9.5,cutlass3x_sm100_tensorop_s32x256x8_conv3d_fprop_weight_stationary_nq_2d_tiled_f32_f32_f32_void_f32_void_t1xr3xs3_32x256x32_dyn_cga_ndhwc_ndhwc_ndhwc_1sm,vae_conv,0.2584,1
9.5,cutlass3x_sm100_tensorop_s64x256x8_conv3d_fprop_weight_stationary_nq_2d_tiled_f32_f32_f32_void_f32_void_t1xr3xs3_64x256x32_dyn_cga_ndhwc_ndhwc_ndhwc_1sm,vae_conv,1.6239,11
9.5,elem_add,norm_elementwise,0.6212,9
9.5,fa_dc100_fwd_d128,attention,90.8701,173
9.5,fvf_split_heads_rows,layout_copy,1.1965,87
9.5,gather_nd,layout_copy,0.5339,3
9.5,lincomb3,norm_elementwise,0.0034,2
9.5,memcpy DtoH,copies_memset,0.468,2
9.5,memcpy HtoD,copies_memset,0.6963,11
9.5,memset,copies_memset,0.9289,1035
9.5,mul_scalar,norm_elementwise,0.0513,1
9.5,mx_binary,norm_elementwise,0.0039,2
9.5,mx_block_copy,layout_copy,15.9198,519
9.5,mx_gather_nd,layout_copy,0.096,11
9.5,mx_ln_adaln_e,norm_elementwise,2.7813,89
9.5,mx_merge_heads,layout_copy,7.4632,172
9.5,mxfp8_quantize,cast_quant,26.4969,517
9.5,nvjet_sm100_qqtst_128x128_128x8_2x1_2cta_v_bz_Avec32UE8M0_Bvec32UE8M0_TNT,gemm,2.621,258
9.5,nvjet_sm100_qqtst_128x256_128x6_2x1_2cta_v_bz_Avec32UE8M0_Bvec32UE8M0_TNT,gemm,5.9469,173
9.5,nvjet_sm100_qqtst_256x128_128x5_2x4f_2cta_h_bz_Avec32UE8M0_Bvec32UE8M0_TNT,gemm,4.4045,86
9.5,nvjet_sm100_sss_tf32_256x128_32x4_1x2_h_bz_NNT,gemm,0.1041,2
9.5,nvjet_sm100_sss_tf32_256x128_32x5_2x1_2cta_v_bz_NNT,gemm,0.2942,1
9.5,nvjet_sm100_tst_32x64_64x16_1x2_2cta_h_bz_bias_TNN,gemm,0.0088,2
9.5,pack_rgb_u8,layout_copy,0.0236,1
9.5,quant_linear_epilogue,cast_quant,38.7537,517
9.5,tanh_scaled,norm_elementwise,0.0024,1
9.5,upsample_nearest,vae_conv,1.2413,3
9.5,"cudnn::engines_precompiled::nchwToNhwcKernel<float, float, float, (bool)0, (bool)1, (cudnnKernelDataType_t)0>(cudnn::engines_precompiled::nchw2nhwc_params_t<T3>…",vae_conv,2.8891,61
9.5,"cudnn::engines_precompiled::nhwcToNchwKernel<float, float, float, (bool)1, (bool)0, (cudnnKernelDataType_t)0>(cudnn::engines_precompiled::nhwc2nchw_params_t<T3>…",vae_conv,1.4322,31
9.5,"implicit_convolve_sgemm<float, float, int, (int)1024, (int)5, (int)5, (int)3, (int)3, (int)3, (int)1, (bool)0, (bool)0, (bool)1>(int, int, int, const T1 *, int,…",vae_conv,0.1443,3
9.5,"implicit_convolve_sgemm<float, float, int, (int)1024, (int)6, (int)7, (int)3, (int)3, (int)5, (int)1, (bool)0, (bool)0, (bool)1>(int, int, int, const T1 *, int,…",vae_conv,0.0514,1
9.5,"tensorTransformGeneric<float, float, float, (bool)1, (bool)0, (bool)0, (cudnnKernelDataType_t)0>(cudnnTensorTransformStruct, tensorTransformParams, int, unsigne…",vae_conv,0.009,1
9.5,wan_qk_norm_rope16,norm_elementwise,11.9117,260
9.5,wan_res_gate,norm_elementwise,3.612,86
9.5,wan_res_ln,norm_elementwise,9.7617,172
9.75,add_bias_inplace,norm_elementwise,2.3487,32
9.75,add_scalar,norm_elementwise,0.0513,1
9.75,block_copy,layout_copy,2.7797,54
9.75,cast_bf16_f32_bias_act,cast_quant,0.0233,14
9.75,cast_f32_bf16,cast_quant,0.0707,12
9.75,clamp_f,norm_elementwise,2.6832,30
9.75,cutlass3x_sm100_tensorop_s256x128x8tf32implicit_gemm_fprop_f32_f32_f32_void_f32_f32_256x128x32_dyn_cga_ndhwc_ndhwc_ndhwc_align4_2sm_relu_valpha,vae_conv,0.6377,16
9.75,cutlass3x_sm100_tensorop_s256x256x8tf32implicit_gemm_fprop_f32_f32_f32_void_f32_f32_256x256x32_dyn_cga_ndhwc_ndhwc_ndhwc_align4_2sm_relu_valpha_stream_k,vae_conv,0.1677,3
9.75,cutlass3x_sm100_tensorop_s32x256x8_conv3d_fprop_weight_stationary_nq_2d_tiled_f32_f32_f32_void_f32_void_t1xr3xs3_32x256x32_dyn_cga_ndhwc_ndhwc_ndhwc_1sm,vae_conv,0.2611,1
9.75,cutlass3x_sm100_tensorop_s64x256x8_conv3d_fprop_weight_stationary_nq_2d_tiled_f32_f32_f32_void_f32_void_t1xr3xs3_64x256x32_dyn_cga_ndhwc_ndhwc_ndhwc_1sm,vae_conv,1.6248,11
9.75,elem_add,norm_elementwise,0.6187,9
9.75,fa_dc100_fwd_d128,attention,96.8543,187
9.75,fvf_split_heads_rows,layout_copy,1.2733,93
9.75,gather_nd,layout_copy,0.5339,3
9.75,lincomb3,norm_elementwise,0.0072,5
9.75,memcpy DtoH,copies_memset,0.489,2
9.75,memcpy HtoD,copies_memset,0.0013,1
9.75,memset,copies_memset,1.0133,1127
9.75,mul_scalar,norm_elementwise,0.0496,1
9.75,mx_binary,norm_elementwise,0.0081,4
9.75,mx_block_copy,layout_copy,5.1699,196
9.75,mx_gather_nd,layout_copy,0.1058,12
9.75,mx_ln_adaln_e,norm_elementwise,3.0278,97
9.75,mx_merge_heads,layout_copy,8.1597,188
9.75,mxfp8_quantize,cast_quant,28.915,563
9.75,nvjet_sm100_qqtst_128x128_128x8_2x1_2cta_v_bz_Avec32UE8M0_Bvec32UE8M0_TNT,gemm,2.8616,282
9.75,nvjet_sm100_qqtst_128x256_128x6_2x1_2cta_v_bz_Avec32UE8M0_Bvec32UE8M0_TNT,gemm,6.4397,187
9.75,nvjet_sm100_qqtst_256x128_128x5_2x4f_2cta_h_bz_Avec32UE8M0_Bvec32UE8M0_TNT,gemm,4.8141,94
9.75,nvjet_sm100_sss_tf32_256x128_32x4_1x2_h_bz_NNT,gemm,0.1024,2
9.75,nvjet_sm100_sss_tf32_256x128_32x5_2x1_2cta_v_bz_NNT,gemm,0.2948,1
9.75,nvjet_sm100_tst_32x64_64x16_1x2_2cta_h_bz_bias_TNN,gemm,0.0178,4
9.75,pack_rgb_u8,layout_copy,0.0236,1
9.75,quant_linear_epilogue,cast_quant,42.1898,563
9.75,tanh_scaled,norm_elementwise,0.0024,1
9.75,upsample_nearest,vae_conv,1.2412,3
9.75,"cudnn::engines_precompiled::nchwToNhwcKernel<float, float, float, (bool)0, (bool)1, (cudnnKernelDataType_t)0>(cudnn::engines_precompiled::nchw2nhwc_params_t<T3>…",vae_conv,2.8895,61
9.75,"cudnn::engines_precompiled::nhwcToNchwKernel<float, float, float, (bool)1, (bool)0, (cudnnKernelDataType_t)0>(cudnn::engines_precompiled::nhwc2nchw_params_t<T3>…",vae_conv,1.428,31
9.75,"implicit_convolve_sgemm<float, float, int, (int)1024, (int)5, (int)5, (int)3, (int)3, (int)3, (int)1, (bool)0, (bool)0, (bool)1>(int, int, int, const T1 *, int,…",vae_conv,0.1436,3
9.75,"implicit_convolve_sgemm<float, float, int, (int)1024, (int)6, (int)7, (int)3, (int)3, (int)5, (int)1, (bool)0, (bool)0, (bool)1>(int, int, int, const T1 *, int,…",vae_conv,0.0518,1
9.75,"tensorTransformGeneric<float, float, float, (bool)1, (bool)0, (bool)0, (cudnnKernelDataType_t)0>(cudnnTensorTransformStruct, tensorTransformParams, int, unsigne…",vae_conv,0.009,1
9.75,wan_qk_norm_rope16,norm_elementwise,12.7421,279
9.75,wan_res_gate,norm_elementwise,3.9482,94
9.75,wan_res_ln,norm_elementwise,10.6644,188
