t_s,name,category,ms,n
0.0,memcpy HtoD,copies_memset,0.0137,1
0.25,memcpy HtoD,copies_memset,8.3946,8
0.5,bcast_binary,norm_elementwise,0.0073,4
0.5,cast_bf16_f32_bias_act,cast_quant,0.0164,12
0.5,cast_f32_bf16,cast_quant,0.0372,24
0.5,gather_nd,layout_copy,0.0366,4
0.5,memcpy HtoD,copies_memset,72.3238,44
0.5,mx_binary,norm_elementwise,0.0409,12
0.5,mx_gather_nd,layout_copy,0.0711,12
0.5,mx_rms_norm,norm_elementwise,0.0253,8
0.5,mx_rope_half,norm_elementwise,0.0206,8
0.5,mx_unary,norm_elementwise,0.0168,4
0.5,nvjet_sm90_tst_128x32_64x10_4x1_v_bz_TNT,gemm,0.7534,8
0.5,nvjet_sm90_tst_128x32_64x10_4x1_v_bz_splitK_TNT,gemm,0.3804,4
0.5,nvjet_sm90_tst_64x32_64x16_2x1_v_bz_TNT,gemm,0.1301,4
0.5,nvjet_sm90_tst_64x32_64x16_4x1_v_bz_TNT,gemm,0.15,4
0.5,nvjet_sm90_tst_64x32_64x16_4x1_v_bz_splitK_TNT,gemm,0.0545,8
0.5,rms_norm_last,norm_elementwise,0.0656,8
0.5,sm80_xmma_gemm_f32f32_f32f32_f32_nn_n_tilesize32x32x8_stage3_warpsize1x2x1_ffma_aligna4_alignc4_execute_kernel__5x_cublas,gemm,0.0155,4
0.5,sm80_xmma_gemm_f32f32_tf32f32_f32_tn_n_tilesize32x32x64_stage3_warpsize2x2x1_tensor16x8x8_aligna4_alignc4_execute_kernel__5x_cublas,gemm,0.0183,4
0.5,softmax_last,attention,0.0234,4
0.5,"cublasLt::splitKreduce_kernel<(int)32, (int)16, int, float, __nv_bfloat16, float, __nv_bfloat16, (bool)0, float, __nv_bfloat16, __nv_bfloat16, (bool)1, (bool)0,…",gemm,0.023,12
0.75,bcast_binary,norm_elementwise,0.0074,4
0.75,cast_bf16_f32_bias_act,cast_quant,0.0168,12
0.75,cast_f32_bf16,cast_quant,0.037,24
0.75,gather_nd,layout_copy,0.0372,4
0.75,memcpy HtoD,copies_memset,77.0757,45
0.75,mx_binary,norm_elementwise,0.0407,12
0.75,mx_gather_nd,layout_copy,0.0707,12
0.75,mx_rms_norm,norm_elementwise,0.0251,8
0.75,mx_rope_half,norm_elementwise,0.0201,8
0.75,mx_unary,norm_elementwise,0.0171,4
0.75,nvjet_sm90_tst_128x32_64x10_4x1_v_bz_TNT,gemm,0.7528,8
0.75,nvjet_sm90_tst_128x32_64x10_4x1_v_bz_splitK_TNT,gemm,0.3788,4
0.75,nvjet_sm90_tst_64x32_64x16_2x1_v_bz_TNT,gemm,0.1308,4
0.75,nvjet_sm90_tst_64x32_64x16_4x1_v_bz_TNT,gemm,0.1489,4
0.75,nvjet_sm90_tst_64x32_64x16_4x1_v_bz_splitK_TNT,gemm,0.0548,8
0.75,rms_norm_last,norm_elementwise,0.0647,8
0.75,sm80_xmma_gemm_f32f32_f32f32_f32_nn_n_tilesize32x32x8_stage3_warpsize1x2x1_ffma_aligna4_alignc4_execute_kernel__5x_cublas,gemm,0.0155,4
0.75,sm80_xmma_gemm_f32f32_tf32f32_f32_tn_n_tilesize32x32x64_stage3_warpsize2x2x1_tensor16x8x8_aligna4_alignc4_execute_kernel__5x_cublas,gemm,0.0184,4
0.75,softmax_last,attention,0.0234,4
0.75,"cublasLt::splitKreduce_kernel<(int)32, (int)16, int, float, __nv_bfloat16, float, __nv_bfloat16, (bool)0, float, __nv_bfloat16, __nv_bfloat16, (bool)1, (bool)0,…",gemm,0.0228,12
1.0,bcast_binary,norm_elementwise,0.0092,5
1.0,cast_bf16_f32_bias_act,cast_quant,0.0206,15
1.0,cast_f32_bf16,cast_quant,0.0457,30
1.0,gather_nd,layout_copy,0.0451,5
1.0,memcpy HtoD,copies_memset,78.9568,52
1.0,mx_binary,norm_elementwise,0.0501,15
1.0,mx_gather_nd,layout_copy,0.0883,15
1.0,mx_rms_norm,norm_elementwise,0.0313,10
1.0,mx_rope_half,norm_elementwise,0.0253,10
1.0,mx_unary,norm_elementwise,0.021,5
1.0,nvjet_sm90_tst_128x32_64x10_4x1_v_bz_TNT,gemm,0.9379,10
1.0,nvjet_sm90_tst_128x32_64x10_4x1_v_bz_splitK_TNT,gemm,0.4742,5
1.0,nvjet_sm90_tst_64x32_64x16_2x1_v_bz_TNT,gemm,0.1631,5
1.0,nvjet_sm90_tst_64x32_64x16_4x1_v_bz_TNT,gemm,0.1856,5
1.0,nvjet_sm90_tst_64x32_64x16_4x1_v_bz_splitK_TNT,gemm,0.0676,10
1.0,rms_norm_last,norm_elementwise,0.0803,10
1.0,sm80_xmma_gemm_f32f32_f32f32_f32_nn_n_tilesize32x32x8_stage3_warpsize1x2x1_ffma_aligna4_alignc4_execute_kernel__5x_cublas,gemm,0.0192,5
1.0,sm80_xmma_gemm_f32f32_tf32f32_f32_tn_n_tilesize32x32x64_stage3_warpsize2x2x1_tensor16x8x8_aligna4_alignc4_execute_kernel__5x_cublas,gemm,0.023,5
1.0,softmax_last,attention,0.0293,5
1.0,"cublasLt::splitKreduce_kernel<(int)32, (int)16, int, float, __nv_bfloat16, float, __nv_bfloat16, (bool)0, float, __nv_bfloat16, __nv_bfloat16, (bool)1, (bool)0,…",gemm,0.0287,15
1.25,bcast_binary,norm_elementwise,0.0073,4
1.25,cast_bf16_f32_bias_act,cast_quant,0.0165,12
1.25,cast_f32_bf16,cast_quant,0.0371,24
1.25,gather_nd,layout_copy,0.0364,4
1.25,memcpy HtoD,copies_memset,73.8252,45
1.25,mx_binary,norm_elementwise,0.0403,12
1.25,mx_gather_nd,layout_copy,0.0713,12
1.25,mx_rms_norm,norm_elementwise,0.0252,8
1.25,mx_rope_half,norm_elementwise,0.0204,8
1.25,mx_unary,norm_elementwise,0.0168,4
1.25,nvjet_sm90_tst_128x32_64x10_4x1_v_bz_TNT,gemm,0.7535,8
1.25,nvjet_sm90_tst_128x32_64x10_4x1_v_bz_splitK_TNT,gemm,0.3776,4
1.25,nvjet_sm90_tst_64x32_64x16_2x1_v_bz_TNT,gemm,0.13,4
1.25,nvjet_sm90_tst_64x32_64x16_4x1_v_bz_TNT,gemm,0.1474,4
1.25,nvjet_sm90_tst_64x32_64x16_4x1_v_bz_splitK_TNT,gemm,0.0537,8
1.25,rms_norm_last,norm_elementwise,0.0642,8
1.25,sm80_xmma_gemm_f32f32_f32f32_f32_nn_n_tilesize32x32x8_stage3_warpsize1x2x1_ffma_aligna4_alignc4_execute_kernel__5x_cublas,gemm,0.0155,4
1.25,sm80_xmma_gemm_f32f32_tf32f32_f32_tn_n_tilesize32x32x64_stage3_warpsize2x2x1_tensor16x8x8_aligna4_alignc4_execute_kernel__5x_cublas,gemm,0.0185,4
1.25,softmax_last,attention,0.0234,4
1.25,"cublasLt::splitKreduce_kernel<(int)32, (int)16, int, float, __nv_bfloat16, float, __nv_bfloat16, (bool)0, float, __nv_bfloat16, __nv_bfloat16, (bool)1, (bool)0,…",gemm,0.0238,12
1.5,bcast_binary,norm_elementwise,0.0071,4
1.5,cast_bf16_f32_bias_act,cast_quant,0.0167,12
1.5,cast_f32_bf16,cast_quant,0.0368,24
1.5,gather_nd,layout_copy,0.0371,4
1.5,memcpy HtoD,copies_memset,77.6513,45
1.5,mx_binary,norm_elementwise,0.0394,12
1.5,mx_gather_nd,layout_copy,0.0699,12
1.5,mx_rms_norm,norm_elementwise,0.0251,8
1.5,mx_rope_half,norm_elementwise,0.0203,8
1.5,mx_unary,norm_elementwise,0.0171,4
1.5,nvjet_sm90_tst_128x32_64x10_4x1_v_bz_TNT,gemm,0.7555,8
1.5,nvjet_sm90_tst_128x32_64x10_4x1_v_bz_splitK_TNT,gemm,0.3788,4
1.5,nvjet_sm90_tst_64x32_64x16_2x1_v_bz_TNT,gemm,0.1311,4
1.5,nvjet_sm90_tst_64x32_64x16_4x1_v_bz_TNT,gemm,0.1476,4
1.5,nvjet_sm90_tst_64x32_64x16_4x1_v_bz_splitK_TNT,gemm,0.0545,8
1.5,rms_norm_last,norm_elementwise,0.0652,8
1.5,sm80_xmma_gemm_f32f32_f32f32_f32_nn_n_tilesize32x32x8_stage3_warpsize1x2x1_ffma_aligna4_alignc4_execute_kernel__5x_cublas,gemm,0.0156,4
1.5,sm80_xmma_gemm_f32f32_tf32f32_f32_tn_n_tilesize32x32x64_stage3_warpsize2x2x1_tensor16x8x8_aligna4_alignc4_execute_kernel__5x_cublas,gemm,0.0185,4
1.5,softmax_last,attention,0.0234,4
1.5,"cublasLt::splitKreduce_kernel<(int)32, (int)16, int, float, __nv_bfloat16, float, __nv_bfloat16, (bool)0, float, __nv_bfloat16, __nv_bfloat16, (bool)1, (bool)0,…",gemm,0.0228,12
1.75,bcast_binary,norm_elementwise,0.0071,4
1.75,cast_bf16_f32_bias_act,cast_quant,0.0167,12
1.75,cast_f32_bf16,cast_quant,0.0364,24
1.75,gather_nd,layout_copy,0.0369,4
1.75,memcpy HtoD,copies_memset,77.2966,45
1.75,mx_binary,norm_elementwise,0.0402,12
1.75,mx_gather_nd,layout_copy,0.0713,12
1.75,mx_rms_norm,norm_elementwise,0.0256,8
1.75,mx_rope_half,norm_elementwise,0.0203,8
1.75,mx_unary,norm_elementwise,0.0168,4
1.75,nvjet_sm90_tst_128x32_64x10_4x1_v_bz_TNT,gemm,0.7521,8
1.75,nvjet_sm90_tst_128x32_64x10_4x1_v_bz_splitK_TNT,gemm,0.3785,4
1.75,nvjet_sm90_tst_64x32_64x16_2x1_v_bz_TNT,gemm,0.13,4
1.75,nvjet_sm90_tst_64x32_64x16_4x1_v_bz_TNT,gemm,0.1482,4
1.75,nvjet_sm90_tst_64x32_64x16_4x1_v_bz_splitK_TNT,gemm,0.0548,8
1.75,rms_norm_last,norm_elementwise,0.0639,8
1.75,sm80_xmma_gemm_f32f32_f32f32_f32_nn_n_tilesize32x32x8_stage3_warpsize1x2x1_ffma_aligna4_alignc4_execute_kernel__5x_cublas,gemm,0.0154,4
1.75,sm80_xmma_gemm_f32f32_tf32f32_f32_tn_n_tilesize32x32x64_stage3_warpsize2x2x1_tensor16x8x8_aligna4_alignc4_execute_kernel__5x_cublas,gemm,0.0184,4
1.75,softmax_last,attention,0.0233,4
1.75,"cublasLt::splitKreduce_kernel<(int)32, (int)16, int, float, __nv_bfloat16, float, __nv_bfloat16, (bool)0, float, __nv_bfloat16, __nv_bfloat16, (bool)1, (bool)0,…",gemm,0.0229,12
2.0,bcast_binary,norm_elementwise,0.0071,4
2.0,cast_bf16_f32_bias_act,cast_quant,0.0165,12
2.0,cast_f32_bf16,cast_quant,0.0365,24
2.0,gather_nd,layout_copy,0.0361,4
2.0,memcpy HtoD,copies_memset,77.1665,45
2.0,mx_binary,norm_elementwise,0.0399,12
2.0,mx_gather_nd,layout_copy,0.071,12
2.0,mx_rms_norm,norm_elementwise,0.0253,8
2.0,mx_rope_half,norm_elementwise,0.0206,8
2.0,mx_unary,norm_elementwise,0.0168,4
2.0,nvjet_sm90_tst_128x32_64x10_4x1_v_bz_TNT,gemm,0.7554,8
2.0,nvjet_sm90_tst_128x32_64x10_4x1_v_bz_splitK_TNT,gemm,0.3782,4
2.0,nvjet_sm90_tst_64x32_64x16_2x1_v_bz_TNT,gemm,0.1294,4
2.0,nvjet_sm90_tst_64x32_64x16_4x1_v_bz_TNT,gemm,0.1485,4
2.0,nvjet_sm90_tst_64x32_64x16_4x1_v_bz_splitK_TNT,gemm,0.0555,8
2.0,rms_norm_last,norm_elementwise,0.0639,8
2.0,sm80_xmma_gemm_f32f32_f32f32_f32_nn_n_tilesize32x32x8_stage3_warpsize1x2x1_ffma_aligna4_alignc4_execute_kernel__5x_cublas,gemm,0.0154,4
2.0,sm80_xmma_gemm_f32f32_tf32f32_f32_tn_n_tilesize32x32x64_stage3_warpsize2x2x1_tensor16x8x8_aligna4_alignc4_execute_kernel__5x_cublas,gemm,0.0185,4
2.0,softmax_last,attention,0.0233,4
2.0,"cublasLt::splitKreduce_kernel<(int)32, (int)16, int, float, __nv_bfloat16, float, __nv_bfloat16, (bool)0, float, __nv_bfloat16, __nv_bfloat16, (bool)1, (bool)0,…",gemm,0.023,12
2.25,bcast_binary,norm_elementwise,0.0091,5
2.25,cast_bf16_f32_bias_act,cast_quant,0.0212,15
2.25,cast_f32_bf16,cast_quant,0.0457,30
2.25,gather_nd,layout_copy,0.0464,5
2.25,memcpy HtoD,copies_memset,75.7678,52
2.25,mx_binary,norm_elementwise,0.0501,15
2.25,mx_gather_nd,layout_copy,0.0881,15
2.25,mx_rms_norm,norm_elementwise,0.0319,10
2.25,mx_rope_half,norm_elementwise,0.0254,10
2.25,mx_unary,norm_elementwise,0.0209,5
2.25,nvjet_sm90_tst_128x32_64x10_4x1_v_bz_TNT,gemm,0.9356,10
2.25,nvjet_sm90_tst_128x32_64x10_4x1_v_bz_splitK_TNT,gemm,0.4726,5
2.25,nvjet_sm90_tst_64x32_64x16_2x1_v_bz_TNT,gemm,0.1624,5
2.25,nvjet_sm90_tst_64x32_64x16_4x1_v_bz_TNT,gemm,0.1858,5
2.25,nvjet_sm90_tst_64x32_64x16_4x1_v_bz_splitK_TNT,gemm,0.0674,10
2.25,rms_norm_last,norm_elementwise,0.0801,10
2.25,sm80_xmma_gemm_f32f32_f32f32_f32_nn_n_tilesize32x32x8_stage3_warpsize1x2x1_ffma_aligna4_alignc4_execute_kernel__5x_cublas,gemm,0.0193,5
2.25,sm80_xmma_gemm_f32f32_tf32f32_f32_tn_n_tilesize32x32x64_stage3_warpsize2x2x1_tensor16x8x8_aligna4_alignc4_execute_kernel__5x_cublas,gemm,0.023,5
2.25,softmax_last,attention,0.0294,5
2.25,"cublasLt::splitKreduce_kernel<(int)32, (int)16, int, float, __nv_bfloat16, float, __nv_bfloat16, (bool)0, float, __nv_bfloat16, __nv_bfloat16, (bool)1, (bool)0,…",gemm,0.0285,15
2.5,bcast_binary,norm_elementwise,0.0073,4
2.5,cast_bf16_f32_bias_act,cast_quant,0.0164,12
2.5,cast_f32_bf16,cast_quant,0.0362,24
2.5,gather_nd,layout_copy,0.0367,4
2.5,memcpy HtoD,copies_memset,72.1791,44
2.5,mx_binary,norm_elementwise,0.0408,12
2.5,mx_gather_nd,layout_copy,0.071,12
2.5,mx_rms_norm,norm_elementwise,0.0252,8
2.5,mx_rope_half,norm_elementwise,0.0206,8
2.5,mx_unary,norm_elementwise,0.017,4
2.5,nvjet_sm90_tst_128x32_64x10_4x1_v_bz_TNT,gemm,0.7509,8
2.5,nvjet_sm90_tst_128x32_64x10_4x1_v_bz_splitK_TNT,gemm,0.3772,4
2.5,nvjet_sm90_tst_64x32_64x16_2x1_v_bz_TNT,gemm,0.1315,4
2.5,nvjet_sm90_tst_64x32_64x16_4x1_v_bz_TNT,gemm,0.1489,4
2.5,nvjet_sm90_tst_64x32_64x16_4x1_v_bz_splitK_TNT,gemm,0.0542,8
2.5,rms_norm_last,norm_elementwise,0.0639,8
2.5,sm80_xmma_gemm_f32f32_f32f32_f32_nn_n_tilesize32x32x8_stage3_warpsize1x2x1_ffma_aligna4_alignc4_execute_kernel__5x_cublas,gemm,0.0156,4
2.5,sm80_xmma_gemm_f32f32_tf32f32_f32_tn_n_tilesize32x32x64_stage3_warpsize2x2x1_tensor16x8x8_aligna4_alignc4_execute_kernel__5x_cublas,gemm,0.0186,4
2.5,softmax_last,attention,0.0235,4
2.5,"cublasLt::splitKreduce_kernel<(int)32, (int)16, int, float, __nv_bfloat16, float, __nv_bfloat16, (bool)0, float, __nv_bfloat16, __nv_bfloat16, (bool)1, (bool)0,…",gemm,0.0232,12
2.75,bcast_binary,norm_elementwise,0.0071,4
2.75,cast_bf16_f32_bias_act,cast_quant,0.0163,12
2.75,cast_f32_bf16,cast_quant,0.0364,24
2.75,gather_nd,layout_copy,0.0368,4
2.75,memcpy HtoD,copies_memset,82.0466,46
2.75,mx_binary,norm_elementwise,0.041,12
2.75,mx_gather_nd,layout_copy,0.0708,12
2.75,mx_rms_norm,norm_elementwise,0.0256,8
2.75,mx_rope_half,norm_elementwise,0.0205,8
2.75,mx_unary,norm_elementwise,0.0172,4
2.75,nvjet_sm90_tst_128x32_64x10_4x1_v_bz_TNT,gemm,0.7572,8
2.75,nvjet_sm90_tst_128x32_64x10_4x1_v_bz_splitK_TNT,gemm,0.378,4
2.75,nvjet_sm90_tst_64x32_64x16_2x1_v_bz_TNT,gemm,0.1301,4
2.75,nvjet_sm90_tst_64x32_64x16_4x1_v_bz_TNT,gemm,0.1484,4
2.75,nvjet_sm90_tst_64x32_64x16_4x1_v_bz_splitK_TNT,gemm,0.055,8
2.75,rms_norm_last,norm_elementwise,0.0638,8
2.75,sm80_xmma_gemm_f32f32_f32f32_f32_nn_n_tilesize32x32x8_stage3_warpsize1x2x1_ffma_aligna4_alignc4_execute_kernel__5x_cublas,gemm,0.0154,4
2.75,sm80_xmma_gemm_f32f32_tf32f32_f32_tn_n_tilesize32x32x64_stage3_warpsize2x2x1_tensor16x8x8_aligna4_alignc4_execute_kernel__5x_cublas,gemm,0.0186,4
2.75,softmax_last,attention,0.0234,4
2.75,"cublasLt::splitKreduce_kernel<(int)32, (int)16, int, float, __nv_bfloat16, float, __nv_bfloat16, (bool)0, float, __nv_bfloat16, __nv_bfloat16, (bool)1, (bool)0,…",gemm,0.0229,12
3.0,bcast_binary,norm_elementwise,0.0075,4
3.0,cast_bf16_f32_bias_act,cast_quant,0.0165,12
3.0,cast_f32_bf16,cast_quant,0.0366,24
3.0,gather_nd,layout_copy,0.037,4
3.0,memcpy HtoD,copies_memset,77.601,45
3.0,mx_binary,norm_elementwise,0.0402,12
3.0,mx_gather_nd,layout_copy,0.0711,12
3.0,mx_rms_norm,norm_elementwise,0.0252,8
3.0,mx_rope_half,norm_elementwise,0.0204,8
3.0,mx_unary,norm_elementwise,0.0171,4
3.0,nvjet_sm90_tst_128x32_64x10_4x1_v_bz_TNT,gemm,0.7662,8
3.0,nvjet_sm90_tst_128x32_64x10_4x1_v_bz_splitK_TNT,gemm,0.3799,4
3.0,nvjet_sm90_tst_64x32_64x16_2x1_v_bz_TNT,gemm,0.1297,4
3.0,nvjet_sm90_tst_64x32_64x16_4x1_v_bz_TNT,gemm,0.1485,4
3.0,nvjet_sm90_tst_64x32_64x16_4x1_v_bz_splitK_TNT,gemm,0.0537,8
3.0,rms_norm_last,norm_elementwise,0.0643,8
3.0,sm80_xmma_gemm_f32f32_f32f32_f32_nn_n_tilesize32x32x8_stage3_warpsize1x2x1_ffma_aligna4_alignc4_execute_kernel__5x_cublas,gemm,0.0156,4
3.0,sm80_xmma_gemm_f32f32_tf32f32_f32_tn_n_tilesize32x32x64_stage3_warpsize2x2x1_tensor16x8x8_aligna4_alignc4_execute_kernel__5x_cublas,gemm,0.0184,4
3.0,softmax_last,attention,0.0234,4
3.0,"cublasLt::splitKreduce_kernel<(int)32, (int)16, int, float, __nv_bfloat16, float, __nv_bfloat16, (bool)0, float, __nv_bfloat16, __nv_bfloat16, (bool)1, (bool)0,…",gemm,0.0231,12
3.25,bcast_binary,norm_elementwise,0.0056,3
3.25,cast_bf16_f32_bias_act,cast_quant,0.0125,9
3.25,cast_f32_bf16,cast_quant,0.0274,18
3.25,gather_nd,layout_copy,0.0279,3
3.25,memcpy HtoD,copies_memset,54.5385,33
3.25,mx_binary,norm_elementwise,0.0302,9
3.25,mx_gather_nd,layout_copy,0.0535,9
3.25,mx_rms_norm,norm_elementwise,0.0194,6
3.25,mx_rope_half,norm_elementwise,0.0153,6
3.25,mx_unary,norm_elementwise,0.0128,3
3.25,nvjet_sm90_tst_128x32_64x10_4x1_v_bz_TNT,gemm,0.5668,6
3.25,nvjet_sm90_tst_128x32_64x10_4x1_v_bz_splitK_TNT,gemm,0.2845,3
3.25,nvjet_sm90_tst_64x32_64x16_2x1_v_bz_TNT,gemm,0.0972,3
3.25,nvjet_sm90_tst_64x32_64x16_4x1_v_bz_TNT,gemm,0.1127,3
3.25,nvjet_sm90_tst_64x32_64x16_4x1_v_bz_splitK_TNT,gemm,0.0404,6
3.25,rms_norm_last,norm_elementwise,0.0483,6
3.25,sm80_xmma_gemm_f32f32_f32f32_f32_nn_n_tilesize32x32x8_stage3_warpsize1x2x1_ffma_aligna4_alignc4_execute_kernel__5x_cublas,gemm,0.0115,3
3.25,sm80_xmma_gemm_f32f32_tf32f32_f32_tn_n_tilesize32x32x64_stage3_warpsize2x2x1_tensor16x8x8_aligna4_alignc4_execute_kernel__5x_cublas,gemm,0.0139,3
3.25,softmax_last,attention,0.0175,3
3.25,"cublasLt::splitKreduce_kernel<(int)32, (int)16, int, float, __nv_bfloat16, float, __nv_bfloat16, (bool)0, float, __nv_bfloat16, __nv_bfloat16, (bool)1, (bool)0,…",gemm,0.0171,9
3.5,bcast_binary,norm_elementwise,0.002,1
3.5,cast_bf16_f32_bias_act,cast_quant,0.0041,3
3.5,cast_f32_bf16,cast_quant,0.0091,6
3.5,gather_nd,layout_copy,0.0092,1
3.5,memcpy DtoH,copies_memset,0.0134,1
3.5,memcpy HtoD,copies_memset,0.0191,5
3.5,mx_binary,norm_elementwise,0.0099,3
3.5,mx_gather_nd,layout_copy,0.0181,3
3.5,mx_rms_norm,norm_elementwise,0.0067,2
3.5,mx_rope_half,norm_elementwise,0.0052,2
3.5,mx_unary,norm_elementwise,0.0043,1
3.5,nvjet_sm90_tst_128x32_64x10_4x1_v_bz_TNT,gemm,0.1906,2
3.5,nvjet_sm90_tst_128x32_64x10_4x1_v_bz_splitK_TNT,gemm,0.0956,1
3.5,nvjet_sm90_tst_64x32_64x16_2x1_v_bz_TNT,gemm,0.034,1
3.5,nvjet_sm90_tst_64x32_64x16_4x1_v_bz_TNT,gemm,0.0377,1
3.5,nvjet_sm90_tst_64x32_64x16_4x1_v_bz_splitK_TNT,gemm,0.0151,2
3.5,rms_norm_last,norm_elementwise,0.0172,2
3.5,sm80_xmma_gemm_f32f32_f32f32_f32_nn_n_tilesize32x32x8_stage3_warpsize1x2x1_ffma_aligna4_alignc4_execute_kernel__5x_cublas,gemm,0.0039,1
3.5,sm80_xmma_gemm_f32f32_tf32f32_f32_tn_n_tilesize32x32x64_stage3_warpsize2x2x1_tensor16x8x8_aligna4_alignc4_execute_kernel__5x_cublas,gemm,0.0045,1
3.5,softmax_last,attention,0.0058,1
3.5,"cublasLt::splitKreduce_kernel<(int)32, (int)16, int, float, __nv_bfloat16, float, __nv_bfloat16, (bool)0, float, __nv_bfloat16, __nv_bfloat16, (bool)1, (bool)0,…",gemm,0.0058,3
5.0,amax_abs_mixed,cast_quant,0.0232,8
5.0,cast_bf16_f32_bias_act,cast_quant,0.9228,2
5.0,cast_f32_bf16,cast_quant,0.0196,4
5.0,fa_dc90_fwd_d128,attention,0.0118,2
5.0,fvf_split_heads_rows,layout_copy,0.0087,2
5.0,h3_qk_norm_rope,norm_elementwise,0.0138,4
5.0,memcpy HtoD,copies_memset,2.2179,8
5.0,memset,copies_memset,0.0154,17
5.0,mx_binary,norm_elementwise,0.0108,4
5.0,mx_block_copy,layout_copy,1.0373,3
5.0,mx_merge_heads,layout_copy,0.0058,2
5.0,mx_rms_norm,norm_elementwise,0.0669,5
5.0,mx_swiglu,norm_elementwise,0.0073,2
5.0,nvjet_sm90_qqtst_128x32_128x10_2x1_v_bz_algo2_TNT,gemm,0.1172,2
5.0,nvjet_sm90_qqtst_64x32_128x16_4x1_v_bz_algo2_TNT,gemm,0.196,10
5.0,nvjet_sm90_tst_128x144_64x6_2x1_v_bz_TNT,gemm,0.0052,1
5.0,nvjet_sm90_tst_192x192_64x4_2x1_v_bz_coopB_TNN,gemm,0.1483,1
5.0,nvjet_sm90_tst_64x32_64x16_4x1_v_bz_bias_TNT,gemm,0.0253,1
5.0,w8a8_quantize,cast_quant,0.0204,8
5.25,amax_abs_mixed,cast_quant,2.0488,9
5.25,bcast_binary,norm_elementwise,0.3516,3
5.25,block_copy,layout_copy,0.0912,6
5.25,cast_bf16_f32_bias_act,cast_quant,0.0184,2
5.25,cast_f32_bf16,cast_quant,6.4498,12
5.25,fa_dc90_fwd_d128,attention,2.1408,2
5.25,fill_f,layout_copy,3.1072,6
5.25,fvf_h3_gate_res_norm_mod,norm_elementwise,2.2444,2
5.25,fvf_split_heads_rows,layout_copy,3.6857,6
5.25,h3_norm_mod,norm_elementwise,0.8301,1
5.25,h3_qk_norm_rope,norm_elementwise,17.5108,6
5.25,h3_res_gate_norm_mod,norm_elementwise,2.4719,2
5.25,index_select_rows,layout_copy,0.0311,2
5.25,memcpy HtoD,copies_memset,3.2996,3
5.25,memset,copies_memset,0.0333,36
5.25,mx_binary,norm_elementwise,0.0836,4
5.25,mx_merge_heads,layout_copy,3.5994,2
5.25,mx_swiglu,norm_elementwise,6.2263,2
5.25,nvjet_sm90_qqtst_128x160_128x5_2x1_v_bz_coopA_algo2_TNT,gemm,44.0709,15
5.25,nvjet_sm90_tst_256x160_64x4_1x2_h_bz_coopA_TNT,gemm,10.1547,3
5.25,sm80_xmma_gemm_f32f32_f32f32_f32_nn_n_tilesize64x64x8_stage3_warpsize1x4x1_ffma_aligna4_alignc4_execute_kernel__5x_cublas,gemm,0.5332,3
5.25,sm80_xmma_gemm_f32f32_f32f32_f32_tn_n_tilesize64x64x8_stage3_warpsize1x4x1_ffma_aligna4_alignc4_execute_kernel__5x_cublas,gemm,0.6077,3
5.25,softmax_last,attention,0.6007,3
5.25,vsa_combine,attention,4.7408,2
5.25,vsa_mma_attn_tma2,attention,73.0515,3
5.25,vsa_tile_mean,attention,3.5814,9
5.25,vsa_tile_qkv,attention,15.2252,9
5.25,vsa_topk2,attention,0.9736,3
5.25,w8a8_quantize,cast_quant,15.7539,9
5.5,amax_abs_mixed,cast_quant,2.8284,12
5.5,bcast_binary,norm_elementwise,0.3572,3
5.5,block_copy,layout_copy,0.1406,9
5.5,cast_bf16_f32_bias_act,cast_quant,0.0281,3
5.5,cast_f32_bf16,cast_quant,9.789,18
5.5,fa_dc90_fwd_d128,attention,3.2666,3
5.5,fill_f,layout_copy,3.1752,6
5.5,fvf_h3_gate_res_norm_mod,norm_elementwise,3.4487,3
5.5,fvf_split_heads_rows,layout_copy,3.6983,6
5.5,h3_qk_norm_rope,norm_elementwise,18.1161,6
5.5,h3_res_gate_norm_mod,norm_elementwise,3.7628,3
5.5,index_select_rows,layout_copy,0.0475,3
5.5,memcpy HtoD,copies_memset,0.0147,3
5.5,memset,copies_memset,0.0393,45
5.5,mx_binary,norm_elementwise,0.1282,6
5.5,mx_merge_heads,layout_copy,5.5439,3
5.5,mx_swiglu,norm_elementwise,9.4337,3
5.5,nvjet_sm90_qqtst_128x160_128x5_2x1_v_bz_coopA_algo2_TNT,gemm,57.814,18
5.5,nvjet_sm90_tst_256x160_64x4_1x2_h_bz_coopA_TNT,gemm,10.1806,3
5.5,sm80_xmma_gemm_f32f32_f32f32_f32_nn_n_tilesize64x64x8_stage3_warpsize1x4x1_ffma_aligna4_alignc4_execute_kernel__5x_cublas,gemm,0.5466,3
5.5,sm80_xmma_gemm_f32f32_f32f32_f32_tn_n_tilesize64x64x8_stage3_warpsize1x4x1_ffma_aligna4_alignc4_execute_kernel__5x_cublas,gemm,0.6368,3
5.5,softmax_last,attention,0.611,3
5.5,vsa_combine,attention,7.2235,3
5.5,vsa_mma_attn_tma2,attention,74.3289,3
5.5,vsa_tile_mean,attention,3.614,9
5.5,vsa_tile_qkv,attention,15.4162,9
5.5,vsa_topk2,attention,0.9964,3
5.5,w8a8_quantize,cast_quant,22.2129,12
5.75,amax_abs_mixed,cast_quant,2.8302,12
5.75,bcast_binary,norm_elementwise,0.3518,3
5.75,block_copy,layout_copy,0.1399,9
5.75,cast_bf16_f32_bias_act,cast_quant,0.0279,3
5.75,cast_f32_bf16,cast_quant,9.7787,18
5.75,fa_dc90_fwd_d128,attention,3.2425,3
5.75,fill_f,layout_copy,2.5737,5
5.75,fvf_h3_gate_res_norm_mod,norm_elementwise,3.3986,3
5.75,fvf_split_heads_rows,layout_copy,3.689,6
5.75,h3_qk_norm_rope,norm_elementwise,17.72,6
5.75,h3_res_gate_norm_mod,norm_elementwise,3.758,3
5.75,index_select_rows,layout_copy,0.0474,3
5.75,memcpy HtoD,copies_memset,0.0144,3
5.75,memset,copies_memset,0.0409,45
5.75,mx_binary,norm_elementwise,0.1273,6
5.75,mx_merge_heads,layout_copy,5.512,3
5.75,mx_swiglu,norm_elementwise,9.4449,3
5.75,nvjet_sm90_qqtst_128x160_128x5_2x1_v_bz_coopA_algo2_TNT,gemm,57.9886,18
5.75,nvjet_sm90_tst_256x160_64x4_1x2_h_bz_coopA_TNT,gemm,10.1985,3
5.75,sm80_xmma_gemm_f32f32_f32f32_f32_nn_n_tilesize64x64x8_stage3_warpsize1x4x1_ffma_aligna4_alignc4_execute_kernel__5x_cublas,gemm,0.536,3
5.75,sm80_xmma_gemm_f32f32_f32f32_f32_tn_n_tilesize64x64x8_stage3_warpsize1x4x1_ffma_aligna4_alignc4_execute_kernel__5x_cublas,gemm,0.6216,3
5.75,softmax_last,attention,0.6049,3
5.75,vsa_combine,attention,7.2403,3
5.75,vsa_mma_attn_tma2,attention,50.3598,2
5.75,vsa_tile_mean,attention,3.5924,9
5.75,vsa_tile_qkv,attention,13.6299,8
5.75,vsa_topk2,attention,0.9741,3
5.75,w8a8_quantize,cast_quant,22.1463,12
6.0,amax_abs_mixed,cast_quant,2.828,12
6.0,bcast_binary,norm_elementwise,0.242,2
6.0,block_copy,layout_copy,0.1399,9
6.0,cast_bf16_f32_bias_act,cast_quant,0.0278,3
6.0,cast_f32_bf16,cast_quant,9.7615,18
6.0,fa_dc90_fwd_d128,attention,3.2428,3
6.0,fill_f,layout_copy,2.7391,5
6.0,fvf_h3_gate_res_norm_mod,norm_elementwise,3.4,3
6.0,fvf_split_heads_rows,layout_copy,2.4641,4
6.0,h3_qk_norm_rope,norm_elementwise,18.0843,6
6.0,h3_res_gate_norm_mod,norm_elementwise,3.7486,3
6.0,index_select_rows,layout_copy,0.0475,3
6.0,memcpy HtoD,copies_memset,0.0144,3
6.0,memset,copies_memset,0.0391,45
6.0,mx_binary,norm_elementwise,0.1266,6
6.0,mx_merge_heads,layout_copy,5.4869,3
6.0,mx_swiglu,norm_elementwise,9.422,3
6.0,nvjet_sm90_qqtst_128x160_128x5_2x1_v_bz_coopA_algo2_TNT,gemm,57.9193,18
6.0,nvjet_sm90_tst_256x160_64x4_1x2_h_bz_coopA_TNT,gemm,10.2193,3
6.0,sm80_xmma_gemm_f32f32_f32f32_f32_nn_n_tilesize64x64x8_stage3_warpsize1x4x1_ffma_aligna4_alignc4_execute_kernel__5x_cublas,gemm,0.3739,2
6.0,sm80_xmma_gemm_f32f32_f32f32_f32_tn_n_tilesize64x64x8_stage3_warpsize1x4x1_ffma_aligna4_alignc4_execute_kernel__5x_cublas,gemm,0.4363,2
6.0,softmax_last,attention,0.4138,2
6.0,vsa_combine,attention,7.2215,3
6.0,vsa_mma_attn_tma2,attention,76.014,3
6.0,vsa_tile_mean,attention,2.4237,6
6.0,vsa_tile_qkv,attention,12.141,7
6.0,vsa_topk2,attention,0.682,2
6.0,w8a8_quantize,cast_quant,22.1196,12
6.25,amax_abs_mixed,cast_quant,2.8329,12
6.25,bcast_binary,norm_elementwise,0.3618,3
6.25,block_copy,layout_copy,0.1411,9
6.25,cast_bf16_f32_bias_act,cast_quant,0.0279,3
6.25,cast_f32_bf16,cast_quant,9.7926,18
6.25,fa_dc90_fwd_d128,attention,3.2594,3
6.25,fill_f,layout_copy,3.2306,6
6.25,fvf_h3_gate_res_norm_mod,norm_elementwise,3.4037,3
6.25,fvf_split_heads_rows,layout_copy,3.6918,6
6.25,h3_qk_norm_rope,norm_elementwise,11.9081,4
6.25,h3_res_gate_norm_mod,norm_elementwise,3.7654,3
6.25,index_select_rows,layout_copy,0.0476,3
6.25,memcpy HtoD,copies_memset,0.0148,3
6.25,memset,copies_memset,0.0378,43
6.25,mx_binary,norm_elementwise,0.1272,6
6.25,mx_merge_heads,layout_copy,5.5001,3
6.25,mx_swiglu,norm_elementwise,9.4644,3
6.25,nvjet_sm90_qqtst_128x160_128x5_2x1_v_bz_coopA_algo2_TNT,gemm,55.9031,17
6.25,nvjet_sm90_tst_256x160_64x4_1x2_h_bz_coopA_TNT,gemm,6.7991,2
6.25,sm80_xmma_gemm_f32f32_f32f32_f32_nn_n_tilesize64x64x8_stage3_warpsize1x4x1_ffma_aligna4_alignc4_execute_kernel__5x_cublas,gemm,0.5567,3
6.25,sm80_xmma_gemm_f32f32_f32f32_f32_tn_n_tilesize64x64x8_stage3_warpsize1x4x1_ffma_aligna4_alignc4_execute_kernel__5x_cublas,gemm,0.6488,3
6.25,softmax_last,attention,0.6186,3
6.25,vsa_combine,attention,7.2412,3
6.25,vsa_mma_attn_tma2,attention,75.4687,3
6.25,vsa_tile_mean,attention,3.6256,9
6.25,vsa_tile_qkv,attention,15.5645,9
6.25,vsa_topk2,attention,1.0142,3
6.25,w8a8_quantize,cast_quant,22.1464,12
6.5,amax_abs_mixed,cast_quant,2.6651,11
6.5,bcast_binary,norm_elementwise,0.3558,3
6.5,block_copy,layout_copy,0.141,9
6.5,cast_bf16_f32_bias_act,cast_quant,0.0281,3
6.5,cast_f32_bf16,cast_quant,9.7878,18
6.5,fa_dc90_fwd_d128,attention,3.2698,3
6.5,fill_f,layout_copy,3.1403,6
6.5,fvf_h3_gate_res_norm_mod,norm_elementwise,2.2666,2
6.5,fvf_split_heads_rows,layout_copy,3.6948,6
6.5,h3_qk_norm_rope,norm_elementwise,18.1148,6
6.5,h3_res_gate_norm_mod,norm_elementwise,3.7693,3
6.5,index_select_rows,layout_copy,0.0473,3
6.5,memcpy HtoD,copies_memset,0.0146,3
6.5,memset,copies_memset,0.0362,41
6.5,mx_binary,norm_elementwise,0.128,6
6.5,mx_merge_heads,layout_copy,5.5016,3
6.5,mx_swiglu,norm_elementwise,9.4683,3
6.5,nvjet_sm90_qqtst_128x160_128x5_2x1_v_bz_coopA_algo2_TNT,gemm,54.0466,16
6.5,nvjet_sm90_tst_256x160_64x4_1x2_h_bz_coopA_TNT,gemm,10.2154,3
6.5,sm80_xmma_gemm_f32f32_f32f32_f32_nn_n_tilesize64x64x8_stage3_warpsize1x4x1_ffma_aligna4_alignc4_execute_kernel__5x_cublas,gemm,0.5437,3
6.5,sm80_xmma_gemm_f32f32_f32f32_f32_tn_n_tilesize64x64x8_stage3_warpsize1x4x1_ffma_aligna4_alignc4_execute_kernel__5x_cublas,gemm,0.6317,3
6.5,softmax_last,attention,0.6106,3
6.5,vsa_combine,attention,7.2345,3
6.5,vsa_mma_attn_tma2,attention,75.7238,3
6.5,vsa_tile_mean,attention,3.6034,9
6.5,vsa_tile_qkv,attention,15.3211,9
6.5,vsa_topk2,attention,0.9882,3
6.5,w8a8_quantize,cast_quant,20.9606,11
6.75,amax_abs_mixed,cast_quant,2.4212,11
6.75,bcast_binary,norm_elementwise,0.3644,3
6.75,block_copy,layout_copy,0.1411,9
6.75,cast_bf16_f32_bias_act,cast_quant,0.0283,3
6.75,cast_f32_bf16,cast_quant,9.8009,18
6.75,fa_dc90_fwd_d128,attention,3.2782,3
6.75,fill_f,layout_copy,3.2744,6
6.75,fvf_h3_gate_res_norm_mod,norm_elementwise,3.4242,3
6.75,fvf_split_heads_rows,layout_copy,3.7032,6
6.75,h3_qk_norm_rope,norm_elementwise,18.3864,6
6.75,h3_res_gate_norm_mod,norm_elementwise,3.7771,3
6.75,index_select_rows,layout_copy,0.0481,3
6.75,memcpy HtoD,copies_memset,0.0141,3
6.75,memset,copies_memset,0.0371,42
6.75,mx_binary,norm_elementwise,0.1281,6
6.75,mx_merge_heads,layout_copy,5.5582,3
6.75,mx_swiglu,norm_elementwise,6.2911,2
6.75,nvjet_sm90_qqtst_128x160_128x5_2x1_v_bz_coopA_algo2_TNT,gemm,54.0418,17
6.75,nvjet_sm90_tst_256x160_64x4_1x2_h_bz_coopA_TNT,gemm,10.2208,3
6.75,sm80_xmma_gemm_f32f32_f32f32_f32_nn_n_tilesize64x64x8_stage3_warpsize1x4x1_ffma_aligna4_alignc4_execute_kernel__5x_cublas,gemm,0.5643,3
6.75,sm80_xmma_gemm_f32f32_f32f32_f32_tn_n_tilesize64x64x8_stage3_warpsize1x4x1_ffma_aligna4_alignc4_execute_kernel__5x_cublas,gemm,0.6586,3
6.75,softmax_last,attention,0.6213,3
6.75,vsa_combine,attention,7.2551,3
6.75,vsa_mma_attn_tma2,attention,76.8466,3
6.75,vsa_tile_mean,attention,3.6381,9
6.75,vsa_tile_qkv,attention,15.6819,9
6.75,vsa_topk2,attention,1.0275,3
6.75,w8a8_quantize,cast_quant,18.9301,11
7.0,amax_abs_mixed,cast_quant,2.6695,11
7.0,bcast_binary,norm_elementwise,0.3598,3
7.0,block_copy,layout_copy,0.1401,9
7.0,cast_bf16_f32_bias_act,cast_quant,0.0279,3
7.0,cast_f32_bf16,cast_quant,9.7897,18
7.0,fa_dc90_fwd_d128,attention,3.2794,3
7.0,fill_f,layout_copy,3.2001,6
7.0,fvf_h3_gate_res_norm_mod,norm_elementwise,3.4017,3
7.0,fvf_split_heads_rows,layout_copy,3.6904,6
7.0,h3_qk_norm_rope,norm_elementwise,17.9033,6
7.0,h3_res_gate_norm_mod,norm_elementwise,2.4976,2
7.0,index_select_rows,layout_copy,0.0476,3
7.0,memcpy HtoD,copies_memset,0.0144,3
7.0,memset,copies_memset,0.036,41
7.0,mx_binary,norm_elementwise,0.1272,6
7.0,mx_merge_heads,layout_copy,5.5109,3
7.0,mx_swiglu,norm_elementwise,9.4642,3
7.0,nvjet_sm90_qqtst_128x160_128x5_2x1_v_bz_coopA_algo2_TNT,gemm,48.4542,16
7.0,nvjet_sm90_tst_256x160_64x4_1x2_h_bz_coopA_TNT,gemm,10.2522,3
7.0,sm80_xmma_gemm_f32f32_f32f32_f32_nn_n_tilesize64x64x8_stage3_warpsize1x4x1_ffma_aligna4_alignc4_execute_kernel__5x_cublas,gemm,0.5526,3
7.0,sm80_xmma_gemm_f32f32_f32f32_f32_tn_n_tilesize64x64x8_stage3_warpsize1x4x1_ffma_aligna4_alignc4_execute_kernel__5x_cublas,gemm,0.6446,3
7.0,softmax_last,attention,0.6164,3
7.0,vsa_combine,attention,7.2402,3
7.0,vsa_mma_attn_tma2,attention,75.3773,3
7.0,vsa_tile_mean,attention,3.6145,9
7.0,vsa_tile_qkv,attention,15.4949,9
7.0,vsa_topk2,attention,1.0067,3
7.0,w8a8_quantize,cast_quant,20.9194,11
7.25,amax_abs_mixed,cast_quant,2.6167,11
7.25,bcast_binary,norm_elementwise,0.3649,3
7.25,block_copy,layout_copy,0.0929,6
7.25,cast_bf16_f32_bias_act,cast_quant,0.0186,2
7.25,cast_f32_bf16,cast_quant,6.5076,12
7.25,fa_dc90_fwd_d128,attention,2.1722,2
7.25,fill_f,layout_copy,3.2959,6
7.25,fvf_h3_gate_res_norm_mod,norm_elementwise,3.4196,3
7.25,fvf_split_heads_rows,layout_copy,3.6947,6
7.25,h3_qk_norm_rope,norm_elementwise,17.9797,6
7.25,h3_res_gate_norm_mod,norm_elementwise,3.7638,3
7.25,index_select_rows,layout_copy,0.0321,2
7.25,memcpy HtoD,copies_memset,0.0097,2
7.25,memset,copies_memset,0.036,43
7.25,mx_binary,norm_elementwise,0.0852,4
7.25,mx_merge_heads,layout_copy,3.6707,2
7.25,mx_swiglu,norm_elementwise,9.4568,3
7.25,nvjet_sm90_qqtst_128x160_128x5_2x1_v_bz_coopA_algo2_TNT,gemm,58.1647,18
7.25,nvjet_sm90_tst_256x160_64x4_1x2_h_bz_coopA_TNT,gemm,10.2807,3
7.25,sm80_xmma_gemm_f32f32_f32f32_f32_nn_n_tilesize64x64x8_stage3_warpsize1x4x1_ffma_aligna4_alignc4_execute_kernel__5x_cublas,gemm,0.5564,3
7.25,sm80_xmma_gemm_f32f32_f32f32_f32_tn_n_tilesize64x64x8_stage3_warpsize1x4x1_ffma_aligna4_alignc4_execute_kernel__5x_cublas,gemm,0.6455,3
7.25,softmax_last,attention,0.6165,3
7.25,vsa_combine,attention,4.7957,2
7.25,vsa_mma_attn_tma2,attention,77.2184,3
7.25,vsa_tile_mean,attention,3.6243,9
7.25,vsa_tile_qkv,attention,15.7298,9
7.25,vsa_topk2,attention,1.0331,3
7.25,w8a8_quantize,cast_quant,20.5463,11
7.5,amax_abs_mixed,cast_quant,2.8302,12
7.5,bcast_binary,norm_elementwise,0.3645,3
7.5,block_copy,layout_copy,0.1412,9
7.5,cast_bf16_f32_bias_act,cast_quant,0.0281,3
7.5,cast_f32_bf16,cast_quant,9.7972,18
7.5,fa_dc90_fwd_d128,attention,3.2486,3
7.5,fill_f,layout_copy,3.2821,6
7.5,fvf_h3_gate_res_norm_mod,norm_elementwise,3.4339,3
7.5,fvf_split_heads_rows,layout_copy,3.7098,6
7.5,h3_qk_norm_rope,norm_elementwise,18.2161,6
7.5,h3_res_gate_norm_mod,norm_elementwise,3.7716,3
7.5,index_select_rows,layout_copy,0.0478,3
7.5,memcpy HtoD,copies_memset,0.0145,3
7.5,memset,copies_memset,0.0408,45
7.5,mx_binary,norm_elementwise,0.1276,6
7.5,mx_merge_heads,layout_copy,5.5135,3
7.5,mx_swiglu,norm_elementwise,9.454,3
7.5,nvjet_sm90_qqtst_128x160_128x5_2x1_v_bz_coopA_algo2_TNT,gemm,58.3647,18
7.5,nvjet_sm90_tst_256x160_64x4_1x2_h_bz_coopA_TNT,gemm,10.3579,3
7.5,sm80_xmma_gemm_f32f32_f32f32_f32_nn_n_tilesize64x64x8_stage3_warpsize1x4x1_ffma_aligna4_alignc4_execute_kernel__5x_cublas,gemm,0.5628,3
7.5,sm80_xmma_gemm_f32f32_f32f32_f32_tn_n_tilesize64x64x8_stage3_warpsize1x4x1_ffma_aligna4_alignc4_execute_kernel__5x_cublas,gemm,0.657,3
7.5,softmax_last,attention,0.6232,3
7.5,vsa_combine,attention,7.2627,3
7.5,vsa_mma_attn_tma2,attention,76.2602,3
7.5,vsa_tile_mean,attention,3.6427,9
7.5,vsa_tile_qkv,attention,15.7023,9
7.5,vsa_topk2,attention,1.0276,3
7.5,w8a8_quantize,cast_quant,22.2163,12
7.75,amax_abs_mixed,cast_quant,2.8323,12
7.75,bcast_binary,norm_elementwise,0.3526,3
7.75,block_copy,layout_copy,0.1412,9
7.75,cast_bf16_f32_bias_act,cast_quant,0.0281,3
7.75,cast_f32_bf16,cast_quant,9.7752,18
7.75,fa_dc90_fwd_d128,attention,3.256,3
7.75,fill_f,layout_copy,3.2031,6
7.75,fvf_h3_gate_res_norm_mod,norm_elementwise,3.4429,3
7.75,fvf_split_heads_rows,layout_copy,3.6911,6
7.75,h3_qk_norm_rope,norm_elementwise,17.9918,6
7.75,h3_res_gate_norm_mod,norm_elementwise,3.7593,3
7.75,index_select_rows,layout_copy,0.0476,3
7.75,memcpy HtoD,copies_memset,0.0146,3
7.75,memset,copies_memset,0.04,45
7.75,mx_binary,norm_elementwise,0.127,6
7.75,mx_merge_heads,layout_copy,5.5255,3
7.75,mx_swiglu,norm_elementwise,9.4896,3
7.75,nvjet_sm90_qqtst_128x160_128x5_2x1_v_bz_coopA_algo2_TNT,gemm,58.5647,18
7.75,nvjet_sm90_tst_256x160_64x4_1x2_h_bz_coopA_TNT,gemm,10.4552,3
7.75,sm80_xmma_gemm_f32f32_f32f32_f32_nn_n_tilesize64x64x8_stage3_warpsize1x4x1_ffma_aligna4_alignc4_execute_kernel__5x_cublas,gemm,0.5362,3
7.75,sm80_xmma_gemm_f32f32_f32f32_f32_tn_n_tilesize64x64x8_stage3_warpsize1x4x1_ffma_aligna4_alignc4_execute_kernel__5x_cublas,gemm,0.6247,3
7.75,softmax_last,attention,0.6066,3
7.75,vsa_combine,attention,7.2639,3
7.75,vsa_mma_attn_tma2,attention,76.1442,3
7.75,vsa_tile_mean,attention,3.5948,9
7.75,vsa_tile_qkv,attention,15.4154,9
7.75,vsa_topk2,attention,0.9788,3
7.75,w8a8_quantize,cast_quant,22.2776,12
8.0,amax_abs_mixed,cast_quant,2.8301,12
8.0,bcast_binary,norm_elementwise,0.2335,2
8.0,block_copy,layout_copy,0.1406,9
8.0,cast_bf16_f32_bias_act,cast_quant,0.0281,3
8.0,cast_f32_bf16,cast_quant,9.7871,18
8.0,fa_dc90_fwd_d128,attention,3.2455,3
8.0,fill_f,layout_copy,2.0782,4
8.0,fvf_h3_gate_res_norm_mod,norm_elementwise,3.4549,3
8.0,fvf_split_heads_rows,layout_copy,3.7001,6
8.0,h3_qk_norm_rope,norm_elementwise,18.3154,6
8.0,h3_res_gate_norm_mod,norm_elementwise,3.7643,3
8.0,index_select_rows,layout_copy,0.0474,3
8.0,memcpy HtoD,copies_memset,0.014,3
8.0,memset,copies_memset,0.0398,45
8.0,mx_binary,norm_elementwise,0.1276,6
8.0,mx_merge_heads,layout_copy,5.5407,3
8.0,mx_swiglu,norm_elementwise,9.4456,3
8.0,nvjet_sm90_qqtst_128x160_128x5_2x1_v_bz_coopA_algo2_TNT,gemm,58.8341,18
8.0,nvjet_sm90_tst_256x160_64x4_1x2_h_bz_coopA_TNT,gemm,10.5225,3
8.0,sm80_xmma_gemm_f32f32_f32f32_f32_nn_n_tilesize64x64x8_stage3_warpsize1x4x1_ffma_aligna4_alignc4_execute_kernel__5x_cublas,gemm,0.3523,2
8.0,sm80_xmma_gemm_f32f32_f32f32_f32_tn_n_tilesize64x64x8_stage3_warpsize1x4x1_ffma_aligna4_alignc4_execute_kernel__5x_cublas,gemm,0.409,2
8.0,softmax_last,attention,0.4018,2
8.0,vsa_combine,attention,7.2738,3
8.0,vsa_mma_attn_tma2,attention,50.2277,2
8.0,vsa_tile_mean,attention,2.8017,7
8.0,vsa_tile_qkv,attention,10.2355,6
8.0,vsa_topk2,attention,0.6434,2
8.0,w8a8_quantize,cast_quant,22.2847,12
8.25,amax_abs_mixed,cast_quant,2.8297,12
8.25,bcast_binary,norm_elementwise,0.3723,3
8.25,block_copy,layout_copy,0.1421,9
8.25,cast_bf16_f32_bias_act,cast_quant,0.0284,3
8.25,cast_f32_bf16,cast_quant,9.8694,18
8.25,fa_dc90_fwd_d128,attention,3.3099,3
8.25,fill_f,layout_copy,3.3775,6
8.25,fvf_h3_gate_res_norm_mod,norm_elementwise,3.4095,3
8.25,fvf_split_heads_rows,layout_copy,2.4621,4
8.25,h3_qk_norm_rope,norm_elementwise,12.0028,4
8.25,h3_res_gate_norm_mod,norm_elementwise,3.7869,3
8.25,index_select_rows,layout_copy,0.048,3
8.25,memcpy HtoD,copies_memset,0.0139,3
8.25,memset,copies_memset,0.0376,43
8.25,mx_binary,norm_elementwise,0.1294,6
8.25,mx_merge_heads,layout_copy,5.6071,3
8.25,mx_swiglu,norm_elementwise,9.5065,3
8.25,nvjet_sm90_qqtst_128x160_128x5_2x1_v_bz_coopA_algo2_TNT,gemm,56.8803,17
8.25,nvjet_sm90_tst_256x160_64x4_1x2_h_bz_coopA_TNT,gemm,7.0443,2
8.25,sm80_xmma_gemm_f32f32_f32f32_f32_nn_n_tilesize64x64x8_stage3_warpsize1x4x1_ffma_aligna4_alignc4_execute_kernel__5x_cublas,gemm,0.5803,3
8.25,sm80_xmma_gemm_f32f32_f32f32_f32_tn_n_tilesize64x64x8_stage3_warpsize1x4x1_ffma_aligna4_alignc4_execute_kernel__5x_cublas,gemm,0.651,3
8.25,softmax_last,attention,0.6317,3
8.25,vsa_combine,attention,7.3272,3
8.25,vsa_mma_attn_tma2,attention,77.9694,3
8.25,vsa_tile_mean,attention,3.2275,8
8.25,vsa_tile_qkv,attention,15.9663,9
8.25,vsa_topk2,attention,1.0644,3
8.25,w8a8_quantize,cast_quant,22.298,12
8.5,amax_abs_mixed,cast_quant,2.6686,11
8.5,bcast_binary,norm_elementwise,0.3561,3
8.5,block_copy,layout_copy,0.1406,9
8.5,cast_bf16_f32_bias_act,cast_quant,0.0282,3
8.5,cast_f32_bf16,cast_quant,9.7922,18
8.5,fa_dc90_fwd_d128,attention,3.2556,3
8.5,fill_f,layout_copy,3.2365,6
8.5,fvf_h3_gate_res_norm_mod,norm_elementwise,2.2952,2
8.5,fvf_split_heads_rows,layout_copy,3.6963,6
8.5,h3_qk_norm_rope,norm_elementwise,18.2593,6
8.5,h3_res_gate_norm_mod,norm_elementwise,3.7763,3
8.5,index_select_rows,layout_copy,0.0479,3
8.5,memcpy HtoD,copies_memset,0.0145,3
8.5,memset,copies_memset,0.0355,40
8.5,mx_binary,norm_elementwise,0.1283,6
8.5,mx_merge_heads,layout_copy,5.544,3
8.5,mx_swiglu,norm_elementwise,9.459,3
8.5,nvjet_sm90_qqtst_128x160_128x5_2x1_v_bz_coopA_algo2_TNT,gemm,50.9513,15
8.5,nvjet_sm90_tst_256x160_64x4_1x2_h_bz_coopA_TNT,gemm,10.5799,3
8.5,sm80_xmma_gemm_f32f32_f32f32_f32_nn_n_tilesize64x64x8_stage3_warpsize1x4x1_ffma_aligna4_alignc4_execute_kernel__5x_cublas,gemm,0.5434,3
8.5,sm80_xmma_gemm_f32f32_f32f32_f32_tn_n_tilesize64x64x8_stage3_warpsize1x4x1_ffma_aligna4_alignc4_execute_kernel__5x_cublas,gemm,0.6336,3
8.5,softmax_last,attention,0.6095,3
8.5,vsa_combine,attention,7.2738,3
8.5,vsa_mma_attn_tma2,attention,76.5313,3
8.5,vsa_tile_mean,attention,3.6037,9
8.5,vsa_tile_qkv,attention,15.4412,9
8.5,vsa_topk2,attention,0.9939,3
8.5,w8a8_quantize,cast_quant,21.0557,11
8.75,amax_abs_mixed,cast_quant,2.4194,11
8.75,bcast_binary,norm_elementwise,0.3592,3
8.75,block_copy,layout_copy,0.1413,9
8.75,cast_bf16_f32_bias_act,cast_quant,0.0283,3
8.75,cast_f32_bf16,cast_quant,9.8327,18
8.75,fa_dc90_fwd_d128,attention,3.2904,3
8.75,fill_f,layout_copy,3.2411,6
8.75,fvf_h3_gate_res_norm_mod,norm_elementwise,3.4651,3
8.75,fvf_split_heads_rows,layout_copy,3.7021,6
8.75,h3_qk_norm_rope,norm_elementwise,18.3851,6
8.75,h3_res_gate_norm_mod,norm_elementwise,3.7725,3
8.75,index_select_rows,layout_copy,0.0477,3
8.75,memcpy HtoD,copies_memset,0.0131,3
8.75,memset,copies_memset,0.0375,42
8.75,mx_binary,norm_elementwise,0.1295,6
8.75,mx_merge_heads,layout_copy,5.6,3
8.75,mx_swiglu,norm_elementwise,6.2886,2
8.75,nvjet_sm90_qqtst_128x160_128x5_2x1_v_bz_coopA_algo2_TNT,gemm,50.9853,17
8.75,nvjet_sm90_tst_256x160_64x4_1x2_h_bz_coopA_TNT,gemm,10.5834,3
8.75,sm80_xmma_gemm_f32f32_f32f32_f32_nn_n_tilesize64x64x8_stage3_warpsize1x4x1_ffma_aligna4_alignc4_execute_kernel__5x_cublas,gemm,0.5524,3
8.75,sm80_xmma_gemm_f32f32_f32f32_f32_tn_n_tilesize64x64x8_stage3_warpsize1x4x1_ffma_aligna4_alignc4_execute_kernel__5x_cublas,gemm,0.6437,3
8.75,softmax_last,attention,0.6159,3
8.75,vsa_combine,attention,7.2654,3
8.75,vsa_mma_attn_tma2,attention,76.7077,3
8.75,vsa_tile_mean,attention,3.6257,9
8.75,vsa_tile_qkv,attention,15.6376,9
8.75,vsa_topk2,attention,1.0084,3
8.75,w8a8_quantize,cast_quant,18.9639,11
9.0,amax_abs_mixed,cast_quant,2.4557,10
9.0,bcast_binary,norm_elementwise,0.363,3
9.0,block_copy,layout_copy,0.1108,7
9.0,cast_bf16_f32_bias_act,cast_quant,0.0185,2
9.0,cast_f32_bf16,cast_quant,8.6872,15
9.0,fa_dc90_fwd_d128,attention,2.1701,2
9.0,fill_f,layout_copy,3.2529,6
9.0,fvf_h3_gate_res_norm_mod,norm_elementwise,3.4163,3
9.0,fvf_split_heads_rows,layout_copy,3.6946,6
9.0,h3_qk_norm_rope,norm_elementwise,18.1713,6
9.0,h3_res_gate_norm_mod,norm_elementwise,2.5099,2
9.0,index_select_rows,layout_copy,0.0316,2
9.0,memcpy HtoD,copies_memset,0.0084,2
9.0,memset,copies_memset,0.0344,40
9.0,mx_binary,norm_elementwise,0.0849,4
9.0,mx_merge_heads,layout_copy,3.6704,2
9.0,mx_swiglu,norm_elementwise,9.4869,3
9.0,nvjet_sm90_qqtst_128x160_128x5_2x1_v_bz_coopA_algo2_TNT,gemm,56.6701,17
9.0,nvjet_sm90_tst_256x160_64x4_1x2_h_bz_coopA_TNT,gemm,10.5619,3
9.0,sm80_xmma_gemm_f32f32_f32f32_f32_nn_n_tilesize64x64x8_stage3_warpsize1x4x1_ffma_aligna4_alignc4_execute_kernel__5x_cublas,gemm,0.5594,3
9.0,sm80_xmma_gemm_f32f32_f32f32_f32_tn_n_tilesize64x64x8_stage3_warpsize1x4x1_ffma_aligna4_alignc4_execute_kernel__5x_cublas,gemm,0.6493,3
9.0,softmax_last,attention,0.6196,3
9.0,vsa_combine,attention,7.2317,3
9.0,vsa_mma_attn_tma2,attention,75.7269,3
9.0,vsa_tile_mean,attention,3.6161,9
9.0,vsa_tile_qkv,attention,15.6298,9
9.0,vsa_topk2,attention,1.0232,3
9.0,w8a8_quantize,cast_quant,19.3577,10
9.25,amax_abs_mixed,cast_quant,2.829,12
9.25,bcast_binary,norm_elementwise,0.3558,3
9.25,block_copy,layout_copy,0.1232,8
9.25,cast_bf16_f32_bias_act,cast_quant,0.0278,3
9.25,cast_f32_bf16,cast_quant,7.6453,15
9.25,fa_dc90_fwd_d128,attention,3.2564,3
9.25,fill_f,layout_copy,3.1588,6
9.25,fvf_h3_gate_res_norm_mod,norm_elementwise,3.4119,3
9.25,fvf_split_heads_rows,layout_copy,3.6973,6
9.25,h3_qk_norm_rope,norm_elementwise,18.1821,6
9.25,h3_res_gate_norm_mod,norm_elementwise,3.7719,3
9.25,index_select_rows,layout_copy,0.0477,3
9.25,memcpy HtoD,copies_memset,0.0126,3
9.25,memset,copies_memset,0.04,45
9.25,mx_binary,norm_elementwise,0.1271,6
9.25,mx_merge_heads,layout_copy,5.5256,3
9.25,mx_swiglu,norm_elementwise,9.4901,3
9.25,nvjet_sm90_qqtst_128x160_128x5_2x1_v_bz_coopA_algo2_TNT,gemm,58.3644,18
9.25,nvjet_sm90_tst_256x160_64x4_1x2_h_bz_coopA_TNT,gemm,10.5402,3
9.25,sm80_xmma_gemm_f32f32_f32f32_f32_nn_n_tilesize64x64x8_stage3_warpsize1x4x1_ffma_aligna4_alignc4_execute_kernel__5x_cublas,gemm,0.5454,3
9.25,sm80_xmma_gemm_f32f32_f32f32_f32_tn_n_tilesize64x64x8_stage3_warpsize1x4x1_ffma_aligna4_alignc4_execute_kernel__5x_cublas,gemm,0.6353,3
9.25,softmax_last,attention,0.6107,3
9.25,vsa_combine,attention,4.8573,2
9.25,vsa_mma_attn_tma2,attention,76.7733,3
9.25,vsa_tile_mean,attention,3.6066,9
9.25,vsa_tile_qkv,attention,15.3757,9
9.25,vsa_topk2,attention,0.9947,3
9.25,w8a8_quantize,cast_quant,22.2375,12
9.5,amax_abs_mixed,cast_quant,2.2612,10
9.5,bcast_binary,norm_elementwise,0.2339,2
9.5,block_copy,layout_copy,0.146,13
9.5,cast_bf16_f32_bias_act,cast_quant,1.8266,9
9.5,cast_f32_bf16,cast_quant,10.572,26
9.5,fa_dc90_fwd_d128,attention,3.222,3
9.5,fill_f,layout_copy,2.054,4
9.5,fvf_h3_gate_res_norm_mod,norm_elementwise,1.1343,1
9.5,fvf_split_heads_rows,layout_copy,2.4597,4
9.5,h3_gate_residual,norm_elementwise,1.4254,1
9.5,h3_norm_mod,norm_elementwise,0.8454,1
9.5,h3_qk_norm_rope,norm_elementwise,11.9106,4
9.5,h3_res_gate_norm_mod,norm_elementwise,3.7431,3
9.5,index_select_rows,layout_copy,0.0469,3
9.5,lincomb3,norm_elementwise,0.0417,4
9.5,memcpy HtoD,copies_memset,3.304,4
9.5,memset,copies_memset,0.0366,37
9.5,mx_binary,norm_elementwise,2.563,10
9.5,mx_block_copy,layout_copy,2.1102,5
9.5,mx_merge_heads,layout_copy,5.4788,3
9.5,mx_rms_norm,norm_elementwise,0.6282,2
9.5,mx_swiglu,norm_elementwise,9.4174,3
9.5,nvjet_sm90_qqtst_128x160_128x5_2x1_v_bz_coopA_algo2_TNT,gemm,48.7359,14
9.5,nvjet_sm90_tst_128x144_64x6_2x1_v_bz_TNT,gemm,0.0046,1
9.5,nvjet_sm90_tst_192x192_64x4_2x1_v_bz_coopB_TNN,gemm,0.1493,1
9.5,nvjet_sm90_tst_256x160_64x4_1x2_h_bz_coopA_TNT,gemm,6.9144,2
9.5,nvjet_sm90_tst_32x64_64x16_1x4_h_bz_splitK_TNN,gemm,0.0049,1
9.5,nvjet_sm90_tst_96x384_64x3_1x4_h_bz_coopA_TNN,gemm,0.1522,1
9.5,sm80_xmma_gemm_f32f32_f32f32_f32_nn_n_tilesize64x64x8_stage3_warpsize1x4x1_ffma_aligna4_alignc4_execute_kernel__5x_cublas,gemm,0.3548,2
9.5,sm80_xmma_gemm_f32f32_f32f32_f32_tn_n_tilesize64x64x8_stage3_warpsize1x4x1_ffma_aligna4_alignc4_execute_kernel__5x_cublas,gemm,0.4129,2
9.5,softmax_last,attention,0.4029,2
9.5,"cublasLt::splitKreduce_kernel<(int)32, (int)16, int, float, __nv_bfloat16, float, __nv_bfloat16, (bool)0, float, __nv_bfloat16, __nv_bfloat16, (bool)1, (bool)0,…",gemm,0.0019,1
9.5,vsa_combine,attention,7.1709,3
9.5,vsa_mma_attn_tma2,attention,48.9682,2
9.5,vsa_tile_mean,attention,2.3937,6
9.5,vsa_tile_qkv,attention,10.1056,6
9.5,vsa_topk2,attention,0.6458,2
9.5,w8a8_quantize,cast_quant,17.583,10
9.75,amax_abs_mixed,cast_quant,2.8281,12
9.75,bcast_binary,norm_elementwise,0.3564,3
9.75,block_copy,layout_copy,0.1414,9
9.75,cast_bf16_f32_bias_act,cast_quant,0.0284,3
9.75,cast_f32_bf16,cast_quant,9.8174,18
9.75,fa_dc90_fwd_d128,attention,3.2716,3
9.75,fill_f,layout_copy,3.2076,6
9.75,fvf_h3_gate_res_norm_mod,norm_elementwise,3.431,3
9.75,fvf_split_heads_rows,layout_copy,3.7004,6
9.75,h3_qk_norm_rope,norm_elementwise,18.2277,6
9.75,h3_res_gate_norm_mod,norm_elementwise,3.7625,3
9.75,index_select_rows,layout_copy,0.047,3
9.75,memcpy HtoD,copies_memset,0.0145,3
9.75,memset,copies_memset,0.0408,45
9.75,mx_binary,norm_elementwise,0.1293,6
9.75,mx_merge_heads,layout_copy,5.5754,3
9.75,mx_swiglu,norm_elementwise,6.2967,2
9.75,nvjet_sm90_qqtst_128x160_128x5_2x1_v_bz_coopA_algo2_TNT,gemm,57.6871,18
9.75,nvjet_sm90_tst_256x160_64x4_1x2_h_bz_coopA_TNT,gemm,10.2411,3
9.75,sm80_xmma_gemm_f32f32_f32f32_f32_nn_n_tilesize64x64x8_stage3_warpsize1x4x1_ffma_aligna4_alignc4_execute_kernel__5x_cublas,gemm,0.5459,3
9.75,sm80_xmma_gemm_f32f32_f32f32_f32_tn_n_tilesize64x64x8_stage3_warpsize1x4x1_ffma_aligna4_alignc4_execute_kernel__5x_cublas,gemm,0.6357,3
9.75,softmax_last,attention,0.6114,3
9.75,vsa_combine,attention,7.2467,3
9.75,vsa_mma_attn_tma2,attention,76.1577,3
9.75,vsa_tile_mean,attention,3.6115,9
9.75,vsa_tile_qkv,attention,15.5752,9
9.75,vsa_topk2,attention,0.9946,3
9.75,w8a8_quantize,cast_quant,22.2297,12
10.0,amax_abs_mixed,cast_quant,2.4519,10
10.0,bcast_binary,norm_elementwise,0.3594,3
10.0,block_copy,layout_copy,0.1115,7
10.0,cast_bf16_f32_bias_act,cast_quant,0.0188,2
10.0,cast_f32_bf16,cast_quant,8.6879,15
10.0,fa_dc90_fwd_d128,attention,3.2747,3
10.0,fill_f,layout_copy,3.2442,6
10.0,fvf_h3_gate_res_norm_mod,norm_elementwise,3.4053,3
10.0,fvf_split_heads_rows,layout_copy,3.7014,6
10.0,h3_qk_norm_rope,norm_elementwise,18.3812,6
10.0,h3_res_gate_norm_mod,norm_elementwise,2.5086,2
10.0,index_select_rows,layout_copy,0.031,2
10.0,memcpy HtoD,copies_memset,0.0097,2
10.0,memset,copies_memset,0.0347,39
10.0,mx_binary,norm_elementwise,0.0855,4
10.0,mx_merge_heads,layout_copy,3.6869,2
10.0,mx_swiglu,norm_elementwise,9.4566,3
10.0,nvjet_sm90_qqtst_128x160_128x5_2x1_v_bz_coopA_algo2_TNT,gemm,48.4065,16
10.0,nvjet_sm90_tst_256x160_64x4_1x2_h_bz_coopA_TNT,gemm,10.2505,3
10.0,sm80_xmma_gemm_f32f32_f32f32_f32_nn_n_tilesize64x64x8_stage3_warpsize1x4x1_ffma_aligna4_alignc4_execute_kernel__5x_cublas,gemm,0.5499,3
10.0,sm80_xmma_gemm_f32f32_f32f32_f32_tn_n_tilesize64x64x8_stage3_warpsize1x4x1_ffma_aligna4_alignc4_execute_kernel__5x_cublas,gemm,0.6406,3
10.0,softmax_last,attention,0.6142,3
10.0,vsa_combine,attention,7.2289,3
10.0,vsa_mma_attn_tma2,attention,75.8964,3
10.0,vsa_tile_mean,attention,3.616,9
10.0,vsa_tile_qkv,attention,15.6832,9
10.0,vsa_topk2,attention,1.0026,3
10.0,w8a8_quantize,cast_quant,19.2821,10
10.25,amax_abs_mixed,cast_quant,2.8281,12
10.25,bcast_binary,norm_elementwise,0.3576,3
10.25,block_copy,layout_copy,0.1249,8
10.25,cast_bf16_f32_bias_act,cast_quant,0.0282,3
10.25,cast_f32_bf16,cast_quant,7.6233,15
10.25,fa_dc90_fwd_d128,attention,2.1636,2
10.25,fill_f,layout_copy,3.1812,6
10.25,fvf_h3_gate_res_norm_mod,norm_elementwise,3.4465,3
10.25,fvf_split_heads_rows,layout_copy,3.7,6
10.25,h3_qk_norm_rope,norm_elementwise,18.1181,6
10.25,h3_res_gate_norm_mod,norm_elementwise,3.7611,3
10.25,index_select_rows,layout_copy,0.0467,3
10.25,memcpy HtoD,copies_memset,0.0147,3
10.25,memset,copies_memset,0.0393,45
10.25,mx_binary,norm_elementwise,0.1278,6
10.25,mx_merge_heads,layout_copy,5.5369,3
10.25,mx_swiglu,norm_elementwise,9.4511,3
10.25,nvjet_sm90_qqtst_128x160_128x5_2x1_v_bz_coopA_algo2_TNT,gemm,58.1755,18
10.25,nvjet_sm90_tst_256x160_64x4_1x2_h_bz_coopA_TNT,gemm,10.2643,3
10.25,sm80_xmma_gemm_f32f32_f32f32_f32_nn_n_tilesize64x64x8_stage3_warpsize1x4x1_ffma_aligna4_alignc4_execute_kernel__5x_cublas,gemm,0.5472,3
10.25,sm80_xmma_gemm_f32f32_f32f32_f32_tn_n_tilesize64x64x8_stage3_warpsize1x4x1_ffma_aligna4_alignc4_execute_kernel__5x_cublas,gemm,0.638,3
10.25,softmax_last,attention,0.6115,3
10.25,vsa_combine,attention,4.8141,2
10.25,vsa_mma_attn_tma2,attention,76.354,3
10.25,vsa_tile_mean,attention,3.6133,9
10.25,vsa_tile_qkv,attention,15.4347,9
10.25,vsa_topk2,attention,0.9973,3
10.25,w8a8_quantize,cast_quant,22.2669,12
10.5,amax_abs_mixed,cast_quant,2.8312,12
10.5,bcast_binary,norm_elementwise,0.364,3
10.5,block_copy,layout_copy,0.1421,9
10.5,cast_bf16_f32_bias_act,cast_quant,0.0282,3
10.5,cast_f32_bf16,cast_quant,9.8004,18
10.5,fa_dc90_fwd_d128,attention,3.2926,3
10.5,fill_f,layout_copy,3.2566,6
10.5,fvf_h3_gate_res_norm_mod,norm_elementwise,3.4199,3
10.5,fvf_split_heads_rows,layout_copy,3.6996,6
10.5,h3_qk_norm_rope,norm_elementwise,18.3346,6
10.5,h3_res_gate_norm_mod,norm_elementwise,3.7948,3
10.5,index_select_rows,layout_copy,0.0467,3
10.5,memcpy HtoD,copies_memset,0.0146,3
10.5,memset,copies_memset,0.0413,45
10.5,mx_binary,norm_elementwise,0.1285,6
10.5,mx_merge_heads,layout_copy,5.5539,3
10.5,mx_swiglu,norm_elementwise,9.4731,3
10.5,nvjet_sm90_qqtst_128x160_128x5_2x1_v_bz_coopA_algo2_TNT,gemm,57.9067,18
10.5,nvjet_sm90_tst_256x160_64x4_1x2_h_bz_coopA_TNT,gemm,10.2666,3
10.5,sm80_xmma_gemm_f32f32_f32f32_f32_nn_n_tilesize64x64x8_stage3_warpsize1x4x1_ffma_aligna4_alignc4_execute_kernel__5x_cublas,gemm,0.5618,3
10.5,sm80_xmma_gemm_f32f32_f32f32_f32_tn_n_tilesize64x64x8_stage3_warpsize1x4x1_ffma_aligna4_alignc4_execute_kernel__5x_cublas,gemm,0.6395,3
10.5,softmax_last,attention,0.6213,3
10.5,vsa_combine,attention,7.2644,3
10.5,vsa_mma_attn_tma2,attention,76.0796,3
10.5,vsa_tile_mean,attention,3.616,9
10.5,vsa_tile_qkv,attention,15.6553,9
10.5,vsa_topk2,attention,1.024,3
10.5,w8a8_quantize,cast_quant,22.333,12
10.75,amax_abs_mixed,cast_quant,2.8261,12
10.75,bcast_binary,norm_elementwise,0.3653,3
10.75,block_copy,layout_copy,0.1411,9
10.75,cast_bf16_f32_bias_act,cast_quant,0.028,3
10.75,cast_f32_bf16,cast_quant,9.8033,18
10.75,fa_dc90_fwd_d128,attention,3.2571,3
10.75,fill_f,layout_copy,2.7076,5
10.75,fvf_h3_gate_res_norm_mod,norm_elementwise,3.4131,3
10.75,fvf_split_heads_rows,layout_copy,3.694,6
10.75,h3_qk_norm_rope,norm_elementwise,18.0835,6
10.75,h3_res_gate_norm_mod,norm_elementwise,3.7771,3
10.75,index_select_rows,layout_copy,0.0467,3
10.75,memcpy HtoD,copies_memset,0.0145,3
10.75,memset,copies_memset,0.0397,45
10.75,mx_binary,norm_elementwise,0.1276,6
10.75,mx_merge_heads,layout_copy,5.5243,3
10.75,mx_swiglu,norm_elementwise,9.5126,3
10.75,nvjet_sm90_qqtst_128x160_128x5_2x1_v_bz_coopA_algo2_TNT,gemm,58.0576,18
10.75,nvjet_sm90_tst_256x160_64x4_1x2_h_bz_coopA_TNT,gemm,10.2659,3
10.75,sm80_xmma_gemm_f32f32_f32f32_f32_nn_n_tilesize64x64x8_stage3_warpsize1x4x1_ffma_aligna4_alignc4_execute_kernel__5x_cublas,gemm,0.567,3
10.75,sm80_xmma_gemm_f32f32_f32f32_f32_tn_n_tilesize64x64x8_stage3_warpsize1x4x1_ffma_aligna4_alignc4_execute_kernel__5x_cublas,gemm,0.6491,3
10.75,softmax_last,attention,0.6245,3
10.75,vsa_combine,attention,7.2494,3
10.75,vsa_mma_attn_tma2,attention,51.1224,2
10.75,vsa_tile_mean,attention,3.624,9
10.75,vsa_tile_qkv,attention,15.7357,9
10.75,vsa_topk2,attention,1.0351,3
10.75,w8a8_quantize,cast_quant,22.2507,12
11.0,amax_abs_mixed,cast_quant,2.8271,12
11.0,bcast_binary,norm_elementwise,0.2434,2
11.0,block_copy,layout_copy,0.1402,9
11.0,cast_bf16_f32_bias_act,cast_quant,0.028,3
11.0,cast_f32_bf16,cast_quant,9.775,18
11.0,fa_dc90_fwd_d128,attention,3.2335,3
11.0,fill_f,layout_copy,2.7754,5
11.0,fvf_h3_gate_res_norm_mod,norm_elementwise,3.3978,3
11.0,fvf_split_heads_rows,layout_copy,2.4624,4
11.0,h3_qk_norm_rope,norm_elementwise,18.1746,6
11.0,h3_res_gate_norm_mod,norm_elementwise,3.7597,3
11.0,index_select_rows,layout_copy,0.0462,3
11.0,memcpy HtoD,copies_memset,0.0142,3
11.0,memset,copies_memset,0.0385,45
11.0,mx_binary,norm_elementwise,0.1268,6
11.0,mx_merge_heads,layout_copy,5.4972,3
11.0,mx_swiglu,norm_elementwise,9.4469,3
11.0,nvjet_sm90_qqtst_128x160_128x5_2x1_v_bz_coopA_algo2_TNT,gemm,58.1954,18
11.0,nvjet_sm90_tst_256x160_64x4_1x2_h_bz_coopA_TNT,gemm,10.2589,3
11.0,sm80_xmma_gemm_f32f32_f32f32_f32_nn_n_tilesize64x64x8_stage3_warpsize1x4x1_ffma_aligna4_alignc4_execute_kernel__5x_cublas,gemm,0.3763,2
11.0,sm80_xmma_gemm_f32f32_f32f32_f32_tn_n_tilesize64x64x8_stage3_warpsize1x4x1_ffma_aligna4_alignc4_execute_kernel__5x_cublas,gemm,0.4396,2
11.0,softmax_last,attention,0.4135,2
11.0,vsa_combine,attention,7.2316,3
11.0,vsa_mma_attn_tma2,attention,76.8054,3
11.0,vsa_tile_mean,attention,2.4265,6
11.0,vsa_tile_qkv,attention,10.4783,6
11.0,vsa_topk2,attention,0.6874,2
11.0,w8a8_quantize,cast_quant,22.1225,12
11.25,amax_abs_mixed,cast_quant,2.8288,12
11.25,bcast_binary,norm_elementwise,0.3639,3
11.25,block_copy,layout_copy,0.1418,9
11.25,cast_bf16_f32_bias_act,cast_quant,0.0281,3
11.25,cast_f32_bf16,cast_quant,9.8059,18
11.25,fa_dc90_fwd_d128,attention,3.2645,3
11.25,fill_f,layout_copy,3.2625,6
11.25,fvf_h3_gate_res_norm_mod,norm_elementwise,3.4263,3
11.25,fvf_split_heads_rows,layout_copy,3.7033,6
11.25,h3_qk_norm_rope,norm_elementwise,12.0939,4
11.25,h3_res_gate_norm_mod,norm_elementwise,3.7714,3
11.25,index_select_rows,layout_copy,0.0468,3
11.25,memcpy HtoD,copies_memset,0.0145,3
11.25,memset,copies_memset,0.0386,43
11.25,mx_binary,norm_elementwise,0.1285,6
11.25,mx_merge_heads,layout_copy,5.5194,3
11.25,mx_swiglu,norm_elementwise,9.4865,3
11.25,nvjet_sm90_qqtst_128x160_128x5_2x1_v_bz_coopA_algo2_TNT,gemm,56.1843,17
11.25,nvjet_sm90_tst_256x160_64x4_1x2_h_bz_coopA_TNT,gemm,6.8581,2
11.25,sm80_xmma_gemm_f32f32_f32f32_f32_nn_n_tilesize64x64x8_stage3_warpsize1x4x1_ffma_aligna4_alignc4_execute_kernel__5x_cublas,gemm,0.5614,3
11.25,sm80_xmma_gemm_f32f32_f32f32_f32_tn_n_tilesize64x64x8_stage3_warpsize1x4x1_ffma_aligna4_alignc4_execute_kernel__5x_cublas,gemm,0.6566,3
11.25,softmax_last,attention,0.6232,3
11.25,vsa_combine,attention,7.2617,3
11.25,vsa_mma_attn_tma2,attention,76.0413,3
11.25,vsa_tile_mean,attention,3.6365,9
11.25,vsa_tile_qkv,attention,15.6487,9
11.25,vsa_topk2,attention,1.0246,3
11.25,w8a8_quantize,cast_quant,22.2678,12
11.5,amax_abs_mixed,cast_quant,2.6651,11
11.5,bcast_binary,norm_elementwise,0.3531,3
11.5,block_copy,layout_copy,0.1421,9
11.5,cast_bf16_f32_bias_act,cast_quant,0.0281,3
11.5,cast_f32_bf16,cast_quant,9.808,18
11.5,fa_dc90_fwd_d128,attention,3.2729,3
11.5,fill_f,layout_copy,3.1428,6
11.5,fvf_h3_gate_res_norm_mod,norm_elementwise,2.2724,2
11.5,fvf_split_heads_rows,layout_copy,3.6928,6
11.5,h3_qk_norm_rope,norm_elementwise,17.9848,6
11.5,h3_res_gate_norm_mod,norm_elementwise,3.768,3
11.5,index_select_rows,layout_copy,0.0468,3
11.5,memcpy HtoD,copies_memset,0.0148,3
11.5,memset,copies_memset,0.035,40
11.5,mx_binary,norm_elementwise,0.1284,6
11.5,mx_merge_heads,layout_copy,5.534,3
11.5,mx_swiglu,norm_elementwise,9.4644,3
11.5,nvjet_sm90_qqtst_128x160_128x5_2x1_v_bz_coopA_algo2_TNT,gemm,50.5047,15
11.5,nvjet_sm90_tst_256x160_64x4_1x2_h_bz_coopA_TNT,gemm,10.2964,3
11.5,sm80_xmma_gemm_f32f32_f32f32_f32_nn_n_tilesize64x64x8_stage3_warpsize1x4x1_ffma_aligna4_alignc4_execute_kernel__5x_cublas,gemm,0.5363,3
11.5,sm80_xmma_gemm_f32f32_f32f32_f32_tn_n_tilesize64x64x8_stage3_warpsize1x4x1_ffma_aligna4_alignc4_execute_kernel__5x_cublas,gemm,0.6237,3
11.5,softmax_last,attention,0.6062,3
11.5,vsa_combine,attention,7.2638,3
11.5,vsa_mma_attn_tma2,attention,76.1665,3
11.5,vsa_tile_mean,attention,3.5922,9
11.5,vsa_tile_qkv,attention,15.2428,9
11.5,vsa_topk2,attention,0.9764,3
11.5,w8a8_quantize,cast_quant,20.9878,11
11.75,amax_abs_mixed,cast_quant,2.4267,11
11.75,bcast_binary,norm_elementwise,0.3626,3
11.75,block_copy,layout_copy,0.1428,9
11.75,cast_bf16_f32_bias_act,cast_quant,0.0283,3
11.75,cast_f32_bf16,cast_quant,9.8202,18
11.75,fa_dc90_fwd_d128,attention,3.2839,3
11.75,fill_f,layout_copy,3.2602,6
11.75,fvf_h3_gate_res_norm_mod,norm_elementwise,3.4238,3
11.75,fvf_split_heads_rows,layout_copy,3.7076,6
11.75,h3_qk_norm_rope,norm_elementwise,18.1821,6
11.75,h3_res_gate_norm_mod,norm_elementwise,3.8041,3
11.75,index_select_rows,layout_copy,0.0469,3
11.75,memcpy HtoD,copies_memset,0.0148,3
11.75,memset,copies_memset,0.0395,43
11.75,mx_binary,norm_elementwise,0.129,6
11.75,mx_merge_heads,layout_copy,5.5801,3
11.75,mx_swiglu,norm_elementwise,6.2868,2
11.75,nvjet_sm90_qqtst_128x160_128x5_2x1_v_bz_coopA_algo2_TNT,gemm,58.3967,18
11.75,nvjet_sm90_tst_256x160_64x4_1x2_h_bz_coopA_TNT,gemm,10.3203,3
11.75,sm80_xmma_gemm_f32f32_f32f32_f32_nn_n_tilesize64x64x8_stage3_warpsize1x4x1_ffma_aligna4_alignc4_execute_kernel__5x_cublas,gemm,0.559,3
11.75,sm80_xmma_gemm_f32f32_f32f32_f32_tn_n_tilesize64x64x8_stage3_warpsize1x4x1_ffma_aligna4_alignc4_execute_kernel__5x_cublas,gemm,0.6523,3
11.75,softmax_last,attention,0.6184,3
11.75,vsa_combine,attention,7.2533,3
11.75,vsa_mma_attn_tma2,attention,76.703,3
11.75,vsa_tile_mean,attention,3.6347,9
11.75,vsa_tile_qkv,attention,15.6533,9
11.75,vsa_topk2,attention,1.019,3
11.75,w8a8_quantize,cast_quant,18.9737,11
12.0,amax_abs_mixed,cast_quant,2.4562,10
12.0,bcast_binary,norm_elementwise,0.3539,3
12.0,block_copy,layout_copy,0.1405,9
12.0,cast_bf16_f32_bias_act,cast_quant,0.0282,3
12.0,cast_f32_bf16,cast_quant,9.7658,18
12.0,fa_dc90_fwd_d128,attention,3.2388,3
12.0,fill_f,layout_copy,3.1633,6
12.0,fvf_h3_gate_res_norm_mod,norm_elementwise,3.447,3
12.0,fvf_split_heads_rows,layout_copy,3.6938,6
12.0,h3_qk_norm_rope,norm_elementwise,18.0681,6
12.0,h3_res_gate_norm_mod,norm_elementwise,2.4966,2
12.0,index_select_rows,layout_copy,0.0469,3
12.0,memcpy HtoD,copies_memset,0.0148,3
12.0,memset,copies_memset,0.034,39
12.0,mx_binary,norm_elementwise,0.1276,6
12.0,mx_merge_heads,layout_copy,3.6718,2
12.0,mx_swiglu,norm_elementwise,9.5969,3
12.0,nvjet_sm90_qqtst_128x160_128x5_2x1_v_bz_coopA_algo2_TNT,gemm,48.8465,16
12.0,nvjet_sm90_tst_256x160_64x4_1x2_h_bz_coopA_TNT,gemm,10.4141,3
12.0,sm80_xmma_gemm_f32f32_f32f32_f32_nn_n_tilesize64x64x8_stage3_warpsize1x4x1_ffma_aligna4_alignc4_execute_kernel__5x_cublas,gemm,0.5383,3
12.0,sm80_xmma_gemm_f32f32_f32f32_f32_tn_n_tilesize64x64x8_stage3_warpsize1x4x1_ffma_aligna4_alignc4_execute_kernel__5x_cublas,gemm,0.6268,3
12.0,softmax_last,attention,0.6063,3
12.0,vsa_combine,attention,7.2313,3
12.0,vsa_mma_attn_tma2,attention,75.4786,3
12.0,vsa_tile_mean,attention,3.5964,9
12.0,vsa_tile_qkv,attention,15.4506,9
12.0,vsa_topk2,attention,0.9815,3
12.0,w8a8_quantize,cast_quant,19.4833,10
12.25,amax_abs_mixed,cast_quant,2.8259,12
12.25,bcast_binary,norm_elementwise,0.3604,3
12.25,block_copy,layout_copy,0.0938,6
12.25,cast_bf16_f32_bias_act,cast_quant,0.0187,2
12.25,cast_f32_bf16,cast_quant,6.51,12
12.25,fa_dc90_fwd_d128,attention,2.1506,2
12.25,fill_f,layout_copy,3.2263,6
12.25,fvf_h3_gate_res_norm_mod,norm_elementwise,3.4316,3
12.25,fvf_split_heads_rows,layout_copy,3.704,6
12.25,h3_qk_norm_rope,norm_elementwise,18.032,6
12.25,h3_res_gate_norm_mod,norm_elementwise,3.764,3
12.25,index_select_rows,layout_copy,0.031,2
12.25,memcpy HtoD,copies_memset,0.0095,2
12.25,memset,copies_memset,0.0396,45
12.25,mx_binary,norm_elementwise,0.0853,4
12.25,mx_merge_heads,layout_copy,5.5172,3
12.25,mx_swiglu,norm_elementwise,9.4407,3
12.25,nvjet_sm90_qqtst_128x160_128x5_2x1_v_bz_coopA_algo2_TNT,gemm,58.5998,18
12.25,nvjet_sm90_tst_256x160_64x4_1x2_h_bz_coopA_TNT,gemm,10.5066,3
12.25,sm80_xmma_gemm_f32f32_f32f32_f32_nn_n_tilesize64x64x8_stage3_warpsize1x4x1_ffma_aligna4_alignc4_execute_kernel__5x_cublas,gemm,0.5569,3
12.25,sm80_xmma_gemm_f32f32_f32f32_f32_tn_n_tilesize64x64x8_stage3_warpsize1x4x1_ffma_aligna4_alignc4_execute_kernel__5x_cublas,gemm,0.6471,3
12.25,softmax_last,attention,0.6175,3
12.25,vsa_combine,attention,4.7979,2
12.25,vsa_mma_attn_tma2,attention,77.6754,3
12.25,vsa_tile_mean,attention,3.6317,9
12.25,vsa_tile_qkv,attention,15.5488,9
12.25,vsa_topk2,attention,1.0129,3
12.25,w8a8_quantize,cast_quant,22.1842,12
12.5,amax_abs_mixed,cast_quant,2.837,12
12.5,bcast_binary,norm_elementwise,0.3636,3
12.5,block_copy,layout_copy,0.1468,9
12.5,cast_bf16_f32_bias_act,cast_quant,0.0295,3
12.5,cast_f32_bf16,cast_quant,10.049,18
12.5,fa_dc90_fwd_d128,attention,3.4299,3
12.5,fill_f,layout_copy,3.2687,6
12.5,fvf_h3_gate_res_norm_mod,norm_elementwise,3.4293,3
12.5,fvf_split_heads_rows,layout_copy,3.7083,6
12.5,h3_qk_norm_rope,norm_elementwise,18.198,6
12.5,h3_res_gate_norm_mod,norm_elementwise,3.9134,3
12.5,index_select_rows,layout_copy,0.0486,3
12.5,memcpy HtoD,copies_memset,0.0146,3
12.5,memset,copies_memset,0.0403,45
12.5,mx_binary,norm_elementwise,0.1346,6
12.5,mx_merge_heads,layout_copy,5.8709,3
12.5,mx_swiglu,norm_elementwise,9.4776,3
12.5,nvjet_sm90_qqtst_128x160_128x5_2x1_v_bz_coopA_algo2_TNT,gemm,58.8195,18
12.5,nvjet_sm90_tst_256x160_64x4_1x2_h_bz_coopA_TNT,gemm,10.5356,3
12.5,sm80_xmma_gemm_f32f32_f32f32_f32_nn_n_tilesize64x64x8_stage3_warpsize1x4x1_ffma_aligna4_alignc4_execute_kernel__5x_cublas,gemm,0.5619,3
12.5,sm80_xmma_gemm_f32f32_f32f32_f32_tn_n_tilesize64x64x8_stage3_warpsize1x4x1_ffma_aligna4_alignc4_execute_kernel__5x_cublas,gemm,0.6564,3
12.5,softmax_last,attention,0.6215,3
12.5,vsa_combine,attention,7.4934,3
12.5,vsa_mma_attn_tma2,attention,76.1883,3
12.5,vsa_tile_mean,attention,3.6433,9
12.5,vsa_tile_qkv,attention,15.6652,9
12.5,vsa_topk2,attention,1.0276,3
12.5,w8a8_quantize,cast_quant,22.6895,12
12.75,amax_abs_mixed,cast_quant,2.8284,12
12.75,bcast_binary,norm_elementwise,0.3551,3
12.75,block_copy,layout_copy,0.1407,9
12.75,cast_bf16_f32_bias_act,cast_quant,0.028,3
12.75,cast_f32_bf16,cast_quant,9.7882,18
12.75,fa_dc90_fwd_d128,attention,3.2709,3
12.75,fill_f,layout_copy,2.6163,5
12.75,fvf_h3_gate_res_norm_mod,norm_elementwise,3.4013,3
12.75,fvf_split_heads_rows,layout_copy,3.6966,6
12.75,h3_qk_norm_rope,norm_elementwise,17.9883,6
12.75,h3_res_gate_norm_mod,norm_elementwise,3.7715,3
12.75,index_select_rows,layout_copy,0.0466,3
12.75,memcpy HtoD,copies_memset,0.0146,3
12.75,memset,copies_memset,0.0392,45
12.75,mx_binary,norm_elementwise,0.1285,6
12.75,mx_merge_heads,layout_copy,5.5377,3
12.75,mx_swiglu,norm_elementwise,9.4732,3
12.75,nvjet_sm90_qqtst_128x160_128x5_2x1_v_bz_coopA_algo2_TNT,gemm,58.7196,18
12.75,nvjet_sm90_tst_256x160_64x4_1x2_h_bz_coopA_TNT,gemm,10.5706,3
12.75,sm80_xmma_gemm_f32f32_f32f32_f32_nn_n_tilesize64x64x8_stage3_warpsize1x4x1_ffma_aligna4_alignc4_execute_kernel__5x_cublas,gemm,0.5425,3
12.75,sm80_xmma_gemm_f32f32_f32f32_f32_tn_n_tilesize64x64x8_stage3_warpsize1x4x1_ffma_aligna4_alignc4_execute_kernel__5x_cublas,gemm,0.6316,3
12.75,softmax_last,attention,0.6092,3
12.75,vsa_combine,attention,7.2481,3
12.75,vsa_mma_attn_tma2,attention,51.3263,2
12.75,vsa_tile_mean,attention,3.6014,9
12.75,vsa_tile_qkv,attention,12.0483,7
12.75,vsa_topk2,attention,0.9893,3
12.75,w8a8_quantize,cast_quant,22.1878,12
13.0,amax_abs_mixed,cast_quant,2.8329,12
13.0,bcast_binary,norm_elementwise,0.2409,2
13.0,block_copy,layout_copy,0.1436,9
13.0,cast_bf16_f32_bias_act,cast_quant,0.0289,3
13.0,cast_f32_bf16,cast_quant,9.9303,18
13.0,fa_dc90_fwd_d128,attention,3.3845,3
13.0,fill_f,layout_copy,2.7161,5
13.0,fvf_h3_gate_res_norm_mod,norm_elementwise,3.4622,3
13.0,fvf_split_heads_rows,layout_copy,2.4704,4
13.0,h3_qk_norm_rope,norm_elementwise,12.2725,4
13.0,h3_res_gate_norm_mod,norm_elementwise,3.8676,3
13.0,index_select_rows,layout_copy,0.0478,3
13.0,memcpy HtoD,copies_memset,0.0143,3
13.0,memset,copies_memset,0.0405,45
13.0,mx_binary,norm_elementwise,0.1316,6
13.0,mx_merge_heads,layout_copy,5.7242,3
13.0,mx_swiglu,norm_elementwise,9.4625,3
13.0,nvjet_sm90_qqtst_128x160_128x5_2x1_v_bz_coopA_algo2_TNT,gemm,58.745,18
13.0,nvjet_sm90_tst_256x160_64x4_1x2_h_bz_coopA_TNT,gemm,10.5851,3
13.0,sm80_xmma_gemm_f32f32_f32f32_f32_nn_n_tilesize64x64x8_stage3_warpsize1x4x1_ffma_aligna4_alignc4_execute_kernel__5x_cublas,gemm,0.3694,2
13.0,sm80_xmma_gemm_f32f32_f32f32_f32_tn_n_tilesize64x64x8_stage3_warpsize1x4x1_ffma_aligna4_alignc4_execute_kernel__5x_cublas,gemm,0.4303,2
13.0,softmax_last,attention,0.4105,2
13.0,vsa_combine,attention,7.3686,3
13.0,vsa_mma_attn_tma2,attention,77.4029,3
13.0,vsa_tile_mean,attention,2.4196,6
13.0,vsa_tile_qkv,attention,13.8051,8
13.0,vsa_topk2,attention,0.6741,2
13.0,w8a8_quantize,cast_quant,22.596,12
13.25,amax_abs_mixed,cast_quant,2.6651,11
13.25,bcast_binary,norm_elementwise,0.3622,3
13.25,block_copy,layout_copy,0.1431,9
13.25,cast_bf16_f32_bias_act,cast_quant,0.0284,3
13.25,cast_f32_bf16,cast_quant,9.8244,18
13.25,fa_dc90_fwd_d128,attention,3.3012,3
13.25,fill_f,layout_copy,3.2495,6
13.25,fvf_h3_gate_res_norm_mod,norm_elementwise,2.298,2
13.25,fvf_split_heads_rows,layout_copy,3.7073,6
13.25,h3_qk_norm_rope,norm_elementwise,18.0806,6
13.25,h3_res_gate_norm_mod,norm_elementwise,3.7754,3
13.25,index_select_rows,layout_copy,0.0468,3
13.25,memcpy HtoD,copies_memset,0.0125,3
13.25,memset,copies_memset,0.0353,39
13.25,mx_binary,norm_elementwise,0.1287,6
13.25,mx_merge_heads,layout_copy,5.5833,3
13.25,mx_swiglu,norm_elementwise,9.4531,3
13.25,nvjet_sm90_qqtst_128x160_128x5_2x1_v_bz_coopA_algo2_TNT,gemm,52.9118,15
13.25,nvjet_sm90_tst_256x160_64x4_1x2_h_bz_coopA_TNT,gemm,7.0591,2
13.25,sm80_xmma_gemm_f32f32_f32f32_f32_nn_n_tilesize64x64x8_stage3_warpsize1x4x1_ffma_aligna4_alignc4_execute_kernel__5x_cublas,gemm,0.559,3
13.25,sm80_xmma_gemm_f32f32_f32f32_f32_tn_n_tilesize64x64x8_stage3_warpsize1x4x1_ffma_aligna4_alignc4_execute_kernel__5x_cublas,gemm,0.6516,3
13.25,softmax_last,attention,0.6206,3
13.25,vsa_combine,attention,7.263,3
13.25,vsa_mma_attn_tma2,attention,75.7936,3
13.25,vsa_tile_mean,attention,3.6386,9
13.25,vsa_tile_qkv,attention,15.6065,9
13.25,vsa_topk2,attention,1.02,3
13.25,w8a8_quantize,cast_quant,21.044,11
13.5,amax_abs_mixed,cast_quant,2.4234,11
13.5,bcast_binary,norm_elementwise,0.3527,3
13.5,block_copy,layout_copy,0.1415,9
13.5,cast_bf16_f32_bias_act,cast_quant,0.0281,3
13.5,cast_f32_bf16,cast_quant,9.7663,18
13.5,fa_dc90_fwd_d128,attention,3.2504,3
13.5,fill_f,layout_copy,3.1314,6
13.5,fvf_h3_gate_res_norm_mod,norm_elementwise,3.407,3
13.5,fvf_split_heads_rows,layout_copy,3.6931,6
13.5,h3_qk_norm_rope,norm_elementwise,17.9858,6
13.5,h3_res_gate_norm_mod,norm_elementwise,3.7651,3
13.5,index_select_rows,layout_copy,0.0471,3
13.5,memcpy HtoD,copies_memset,0.0125,3
13.5,memset,copies_memset,0.0361,42
13.5,mx_binary,norm_elementwise,0.1274,6
13.5,mx_merge_heads,layout_copy,5.5154,3
13.5,mx_swiglu,norm_elementwise,6.3254,2
13.5,nvjet_sm90_qqtst_128x160_128x5_2x1_v_bz_coopA_algo2_TNT,gemm,54.5136,17
13.5,nvjet_sm90_tst_256x160_64x4_1x2_h_bz_coopA_TNT,gemm,10.5583,3
13.5,sm80_xmma_gemm_f32f32_f32f32_f32_nn_n_tilesize64x64x8_stage3_warpsize1x4x1_ffma_aligna4_alignc4_execute_kernel__5x_cublas,gemm,0.537,3
13.5,sm80_xmma_gemm_f32f32_f32f32_f32_tn_n_tilesize64x64x8_stage3_warpsize1x4x1_ffma_aligna4_alignc4_execute_kernel__5x_cublas,gemm,0.6232,3
13.5,softmax_last,attention,0.6054,3
13.5,vsa_combine,attention,7.249,3
13.5,vsa_mma_attn_tma2,attention,75.3234,3
13.5,vsa_tile_mean,attention,3.5938,9
13.5,vsa_tile_qkv,attention,15.3324,9
13.5,vsa_topk2,attention,0.9771,3
13.5,w8a8_quantize,cast_quant,18.8742,11
13.75,amax_abs_mixed,cast_quant,2.455,10
13.75,bcast_binary,norm_elementwise,0.3662,3
13.75,block_copy,layout_copy,0.1412,9
13.75,cast_bf16_f32_bias_act,cast_quant,0.0282,3
13.75,cast_f32_bf16,cast_quant,9.7951,18
13.75,fa_dc90_fwd_d128,attention,3.2645,3
13.75,fill_f,layout_copy,3.2916,6
13.75,fvf_h3_gate_res_norm_mod,norm_elementwise,3.4264,3
13.75,fvf_split_heads_rows,layout_copy,3.7148,6
13.75,h3_qk_norm_rope,norm_elementwise,18.3762,6
13.75,h3_res_gate_norm_mod,norm_elementwise,2.5179,2
13.75,index_select_rows,layout_copy,0.0469,3
13.75,memcpy HtoD,copies_memset,0.0126,3
13.75,memset,copies_memset,0.034,39
13.75,mx_binary,norm_elementwise,0.1284,6
13.75,mx_merge_heads,layout_copy,5.5511,3
13.75,mx_swiglu,norm_elementwise,9.4286,3
13.75,nvjet_sm90_qqtst_128x160_128x5_2x1_v_bz_coopA_algo2_TNT,gemm,49.0875,16
13.75,nvjet_sm90_tst_256x160_64x4_1x2_h_bz_coopA_TNT,gemm,10.5887,3
13.75,sm80_xmma_gemm_f32f32_f32f32_f32_nn_n_tilesize64x64x8_stage3_warpsize1x4x1_ffma_aligna4_alignc4_execute_kernel__5x_cublas,gemm,0.5673,3
13.75,sm80_xmma_gemm_f32f32_f32f32_f32_tn_n_tilesize64x64x8_stage3_warpsize1x4x1_ffma_aligna4_alignc4_execute_kernel__5x_cublas,gemm,0.6622,3
13.75,softmax_last,attention,0.6241,3
13.75,vsa_combine,attention,7.272,3
13.75,vsa_mma_attn_tma2,attention,77.897,3
13.75,vsa_tile_mean,attention,3.6528,9
13.75,vsa_tile_qkv,attention,15.7396,9
13.75,vsa_topk2,attention,1.0353,3
13.75,w8a8_quantize,cast_quant,19.3656,10
14.0,amax_abs_mixed,cast_quant,2.8279,12
14.0,bcast_binary,norm_elementwise,0.2326,2
14.0,block_copy,layout_copy,0.1,10
14.0,cast_bf16_f32_bias_act,cast_quant,1.7893,8
14.0,cast_f32_bf16,cast_quant,7.2724,20
14.0,fa_dc90_fwd_d128,attention,2.1441,2
14.0,fill_f,layout_copy,2.0394,4
14.0,fvf_h3_gate_res_norm_mod,norm_elementwise,2.2546,2
14.0,fvf_split_heads_rows,layout_copy,2.4582,4
14.0,h3_gate_residual,norm_elementwise,1.3979,1
14.0,h3_norm_mod,norm_elementwise,0.8416,1
14.0,h3_qk_norm_rope,norm_elementwise,11.7743,4
14.0,h3_res_gate_norm_mod,norm_elementwise,3.7387,3
14.0,index_select_rows,layout_copy,0.0312,2
14.0,lincomb3,norm_elementwise,0.0408,4
14.0,memcpy HtoD,copies_memset,3.2043,3
14.0,memset,copies_memset,0.0411,45
14.0,mx_binary,norm_elementwise,2.4397,8
14.0,mx_block_copy,layout_copy,2.0643,5
14.0,mx_merge_heads,layout_copy,3.6224,2
14.0,mx_rms_norm,norm_elementwise,0.6148,2
14.0,mx_swiglu,norm_elementwise,9.4076,3
14.0,nvjet_sm90_qqtst_128x160_128x5_2x1_v_bz_coopA_algo2_TNT,gemm,57.7401,18
14.0,nvjet_sm90_tst_128x144_64x6_2x1_v_bz_TNT,gemm,0.0053,1
14.0,nvjet_sm90_tst_192x192_64x4_2x1_v_bz_coopB_TNN,gemm,0.1493,1
14.0,nvjet_sm90_tst_256x160_64x4_1x2_h_bz_coopA_TNT,gemm,6.7907,2
14.0,nvjet_sm90_tst_32x64_64x16_1x4_h_bz_splitK_TNN,gemm,0.0049,1
14.0,nvjet_sm90_tst_96x384_64x3_1x4_h_bz_coopA_TNN,gemm,0.1525,1
14.0,sm80_xmma_gemm_f32f32_f32f32_f32_nn_n_tilesize64x64x8_stage3_warpsize1x4x1_ffma_aligna4_alignc4_execute_kernel__5x_cublas,gemm,0.3514,2
14.0,sm80_xmma_gemm_f32f32_f32f32_f32_tn_n_tilesize64x64x8_stage3_warpsize1x4x1_ffma_aligna4_alignc4_execute_kernel__5x_cublas,gemm,0.4079,2
14.0,softmax_last,attention,0.4006,2
14.0,"cublasLt::splitKreduce_kernel<(int)32, (int)16, int, float, __nv_bfloat16, float, __nv_bfloat16, (bool)0, float, __nv_bfloat16, __nv_bfloat16, (bool)1, (bool)0,…",gemm,0.0018,1
14.0,vsa_combine,attention,4.7588,2
14.0,vsa_mma_attn_tma2,attention,48.2532,2
14.0,vsa_tile_mean,attention,2.3876,6
14.0,vsa_tile_qkv,attention,10.0655,6
14.0,vsa_topk2,attention,0.6388,2
14.0,w8a8_quantize,cast_quant,22.0307,12
14.25,amax_abs_mixed,cast_quant,2.6808,11
14.25,bcast_binary,norm_elementwise,0.3596,3
14.25,block_copy,layout_copy,0.1417,9
14.25,cast_bf16_f32_bias_act,cast_quant,0.0285,3
14.25,cast_f32_bf16,cast_quant,9.7999,18
14.25,fa_dc90_fwd_d128,attention,3.2799,3
14.25,fill_f,layout_copy,3.2346,6
14.25,fvf_h3_gate_res_norm_mod,norm_elementwise,2.2916,2
14.25,fvf_split_heads_rows,layout_copy,3.704,6
14.25,h3_qk_norm_rope,norm_elementwise,17.8138,6
14.25,h3_res_gate_norm_mod,norm_elementwise,3.7773,3
14.25,index_select_rows,layout_copy,0.0481,3
14.25,memcpy HtoD,copies_memset,0.0146,3
14.25,memset,copies_memset,0.0357,40
14.25,mx_binary,norm_elementwise,0.1295,6
14.25,mx_merge_heads,layout_copy,5.5875,3
14.25,mx_swiglu,norm_elementwise,9.4507,3
14.25,nvjet_sm90_qqtst_128x160_128x5_2x1_v_bz_coopA_algo2_TNT,gemm,52.0982,15
14.25,nvjet_sm90_tst_256x160_64x4_1x2_h_bz_coopA_TNT,gemm,10.2192,3
14.25,sm80_xmma_gemm_f32f32_f32f32_f32_nn_n_tilesize64x64x8_stage3_warpsize1x4x1_ffma_aligna4_alignc4_execute_kernel__5x_cublas,gemm,0.5534,3
14.25,sm80_xmma_gemm_f32f32_f32f32_f32_tn_n_tilesize64x64x8_stage3_warpsize1x4x1_ffma_aligna4_alignc4_execute_kernel__5x_cublas,gemm,0.6459,3
14.25,softmax_last,attention,0.6162,3
14.25,vsa_combine,attention,7.2642,3
14.25,vsa_mma_attn_tma2,attention,75.863,3
14.25,vsa_tile_mean,attention,3.6292,9
14.25,vsa_tile_qkv,attention,15.5961,9
14.25,vsa_topk2,attention,1.0082,3
14.25,w8a8_quantize,cast_quant,21.0295,11
14.5,amax_abs_mixed,cast_quant,2.4268,11
14.5,bcast_binary,norm_elementwise,0.3615,3
14.5,block_copy,layout_copy,0.1425,9
14.5,cast_bf16_f32_bias_act,cast_quant,0.0282,3
14.5,cast_f32_bf16,cast_quant,9.7592,18
14.5,fa_dc90_fwd_d128,attention,3.2852,3
14.5,fill_f,layout_copy,3.2482,6
14.5,fvf_h3_gate_res_norm_mod,norm_elementwise,3.4035,3
14.5,fvf_split_heads_rows,layout_copy,3.6996,6
14.5,h3_qk_norm_rope,norm_elementwise,17.8526,6
14.5,h3_res_gate_norm_mod,norm_elementwise,3.7758,3
14.5,index_select_rows,layout_copy,0.0475,3
14.5,memcpy HtoD,copies_memset,0.0144,3
14.5,memset,copies_memset,0.0377,42
14.5,mx_binary,norm_elementwise,0.1284,6
14.5,mx_merge_heads,layout_copy,5.5219,3
14.5,mx_swiglu,norm_elementwise,6.3092,2
14.5,nvjet_sm90_qqtst_128x160_128x5_2x1_v_bz_coopA_algo2_TNT,gemm,54.327,17
14.5,nvjet_sm90_tst_256x160_64x4_1x2_h_bz_coopA_TNT,gemm,10.2419,3
14.5,sm80_xmma_gemm_f32f32_f32f32_f32_nn_n_tilesize64x64x8_stage3_warpsize1x4x1_ffma_aligna4_alignc4_execute_kernel__5x_cublas,gemm,0.558,3
14.5,sm80_xmma_gemm_f32f32_f32f32_f32_tn_n_tilesize64x64x8_stage3_warpsize1x4x1_ffma_aligna4_alignc4_execute_kernel__5x_cublas,gemm,0.6498,3
14.5,softmax_last,attention,0.6186,3
14.5,vsa_combine,attention,7.2456,3
14.5,vsa_mma_attn_tma2,attention,75.9111,3
14.5,vsa_tile_mean,attention,3.6294,9
14.5,vsa_tile_qkv,attention,15.6171,9
14.5,vsa_topk2,attention,1.0169,3
14.5,w8a8_quantize,cast_quant,18.8818,11
14.75,amax_abs_mixed,cast_quant,2.6756,11
14.75,bcast_binary,norm_elementwise,0.3608,3
14.75,block_copy,layout_copy,0.1415,9
14.75,cast_bf16_f32_bias_act,cast_quant,0.0281,3
14.75,cast_f32_bf16,cast_quant,9.7472,18
14.75,fa_dc90_fwd_d128,attention,3.2619,3
14.75,fill_f,layout_copy,3.2144,6
14.75,fvf_h3_gate_res_norm_mod,norm_elementwise,3.4195,3
14.75,fvf_split_heads_rows,layout_copy,3.698,6
14.75,h3_qk_norm_rope,norm_elementwise,17.94,6
14.75,h3_res_gate_norm_mod,norm_elementwise,2.5177,2
14.75,index_select_rows,layout_copy,0.047,3
14.75,memcpy HtoD,copies_memset,0.0142,3
14.75,memset,copies_memset,0.0375,42
14.75,mx_binary,norm_elementwise,0.1283,6
14.75,mx_merge_heads,layout_copy,5.5025,3
14.75,mx_swiglu,norm_elementwise,9.4488,3
14.75,nvjet_sm90_qqtst_128x160_128x5_2x1_v_bz_coopA_algo2_TNT,gemm,50.2505,17
14.75,nvjet_sm90_tst_256x160_64x4_1x2_h_bz_coopA_TNT,gemm,10.2601,3
14.75,sm80_xmma_gemm_f32f32_f32f32_f32_nn_n_tilesize64x64x8_stage3_warpsize1x4x1_ffma_aligna4_alignc4_execute_kernel__5x_cublas,gemm,0.5514,3
14.75,sm80_xmma_gemm_f32f32_f32f32_f32_tn_n_tilesize64x64x8_stage3_warpsize1x4x1_ffma_aligna4_alignc4_execute_kernel__5x_cublas,gemm,0.6437,3
14.75,softmax_last,attention,0.6149,3
14.75,vsa_combine,attention,7.2436,3
14.75,vsa_mma_attn_tma2,attention,75.9578,3
14.75,vsa_tile_mean,attention,3.6224,9
14.75,vsa_tile_qkv,attention,15.5277,9
14.75,vsa_topk2,attention,1.0069,3
14.75,w8a8_quantize,cast_quant,20.9868,11
15.0,amax_abs_mixed,cast_quant,2.6284,11
15.0,bcast_binary,norm_elementwise,0.3626,3
15.0,block_copy,layout_copy,0.0961,6
15.0,cast_bf16_f32_bias_act,cast_quant,0.0188,2
15.0,cast_f32_bf16,cast_quant,6.5162,12
15.0,fa_dc90_fwd_d128,attention,2.1815,2
15.0,fill_f,layout_copy,3.2504,6
15.0,fvf_h3_gate_res_norm_mod,norm_elementwise,3.4232,3
15.0,fvf_split_heads_rows,layout_copy,3.7002,6
15.0,h3_qk_norm_rope,norm_elementwise,18.2056,6
15.0,h3_res_gate_norm_mod,norm_elementwise,3.7788,3
15.0,index_select_rows,layout_copy,0.0317,2
15.0,memcpy HtoD,copies_memset,0.0097,2
15.0,memset,copies_memset,0.0381,42
15.0,mx_binary,norm_elementwise,0.0856,4
15.0,mx_merge_heads,layout_copy,3.6878,2
15.0,mx_swiglu,norm_elementwise,9.4675,3
15.0,nvjet_sm90_qqtst_128x160_128x5_2x1_v_bz_coopA_algo2_TNT,gemm,56.1399,17
15.0,nvjet_sm90_tst_256x160_64x4_1x2_h_bz_coopA_TNT,gemm,10.2708,3
15.0,sm80_xmma_gemm_f32f32_f32f32_f32_nn_n_tilesize64x64x8_stage3_warpsize1x4x1_ffma_aligna4_alignc4_execute_kernel__5x_cublas,gemm,0.5593,3
15.0,sm80_xmma_gemm_f32f32_f32f32_f32_tn_n_tilesize64x64x8_stage3_warpsize1x4x1_ffma_aligna4_alignc4_execute_kernel__5x_cublas,gemm,0.6519,3
15.0,softmax_last,attention,0.62,3
15.0,vsa_combine,attention,7.2448,3
15.0,vsa_mma_attn_tma2,attention,75.8943,3
15.0,vsa_tile_mean,attention,3.6299,9
15.0,vsa_tile_qkv,attention,15.6217,9
15.0,vsa_topk2,attention,1.0182,3
15.0,w8a8_quantize,cast_quant,20.6087,11
15.25,amax_abs_mixed,cast_quant,2.838,12
15.25,bcast_binary,norm_elementwise,0.3537,3
15.25,block_copy,layout_copy,0.1417,9
15.25,cast_bf16_f32_bias_act,cast_quant,0.0283,3
15.25,cast_f32_bf16,cast_quant,9.7719,18
15.25,fa_dc90_fwd_d128,attention,3.254,3
15.25,fill_f,layout_copy,3.1872,6
15.25,fvf_h3_gate_res_norm_mod,norm_elementwise,3.4196,3
15.25,fvf_split_heads_rows,layout_copy,3.6918,6
15.25,h3_qk_norm_rope,norm_elementwise,18.0569,6
15.25,h3_res_gate_norm_mod,norm_elementwise,3.778,3
15.25,index_select_rows,layout_copy,0.0474,3
15.25,memcpy HtoD,copies_memset,0.0147,3
15.25,memset,copies_memset,0.0391,45
15.25,mx_binary,norm_elementwise,0.1287,6
15.25,mx_merge_heads,layout_copy,5.5195,3
15.25,mx_swiglu,norm_elementwise,9.4658,3
15.25,nvjet_sm90_qqtst_128x160_128x5_2x1_v_bz_coopA_algo2_TNT,gemm,58.1165,18
15.25,nvjet_sm90_tst_256x160_64x4_1x2_h_bz_coopA_TNT,gemm,10.2681,3
15.25,sm80_xmma_gemm_f32f32_f32f32_f32_nn_n_tilesize64x64x8_stage3_warpsize1x4x1_ffma_aligna4_alignc4_execute_kernel__5x_cublas,gemm,0.5381,3
15.25,sm80_xmma_gemm_f32f32_f32f32_f32_tn_n_tilesize64x64x8_stage3_warpsize1x4x1_ffma_aligna4_alignc4_execute_kernel__5x_cublas,gemm,0.6265,3
15.25,softmax_last,attention,0.6058,3
15.25,vsa_combine,attention,4.8521,2
15.25,vsa_mma_attn_tma2,attention,75.962,3
15.25,vsa_tile_mean,attention,3.5971,9
15.25,vsa_tile_qkv,attention,15.3035,9
15.25,vsa_topk2,attention,0.9812,3
15.25,w8a8_quantize,cast_quant,22.2042,12
15.5,amax_abs_mixed,cast_quant,2.8383,12
15.5,bcast_binary,norm_elementwise,0.3629,3
15.5,block_copy,layout_copy,0.1426,9
15.5,cast_bf16_f32_bias_act,cast_quant,0.0283,3
15.5,cast_f32_bf16,cast_quant,9.795,18
15.5,fa_dc90_fwd_d128,attention,3.3006,3
15.5,fill_f,layout_copy,3.2597,6
15.5,fvf_h3_gate_res_norm_mod,norm_elementwise,3.4059,3
15.5,fvf_split_heads_rows,layout_copy,3.7064,6
15.5,h3_qk_norm_rope,norm_elementwise,18.1558,6
15.5,h3_res_gate_norm_mod,norm_elementwise,3.7709,3
15.5,index_select_rows,layout_copy,0.0474,3
15.5,memcpy HtoD,copies_memset,0.0147,3
15.5,memset,copies_memset,0.0405,45
15.5,mx_binary,norm_elementwise,0.1295,6
15.5,mx_merge_heads,layout_copy,5.5821,3
15.5,mx_swiglu,norm_elementwise,9.4255,3
15.5,nvjet_sm90_qqtst_128x160_128x5_2x1_v_bz_coopA_algo2_TNT,gemm,58.1695,18
15.5,nvjet_sm90_tst_256x160_64x4_1x2_h_bz_coopA_TNT,gemm,10.2729,3
15.5,sm80_xmma_gemm_f32f32_f32f32_f32_nn_n_tilesize64x64x8_stage3_warpsize1x4x1_ffma_aligna4_alignc4_execute_kernel__5x_cublas,gemm,0.5602,3
15.5,sm80_xmma_gemm_f32f32_f32f32_f32_tn_n_tilesize64x64x8_stage3_warpsize1x4x1_ffma_aligna4_alignc4_execute_kernel__5x_cublas,gemm,0.6541,3
15.5,softmax_last,attention,0.621,3
15.5,vsa_combine,attention,7.2554,3
15.5,vsa_mma_attn_tma2,attention,76.2391,3
15.5,vsa_tile_mean,attention,3.6357,9
15.5,vsa_tile_qkv,attention,15.6503,9
15.5,vsa_topk2,attention,1.0227,3
15.5,w8a8_quantize,cast_quant,22.2222,12
15.75,amax_abs_mixed,cast_quant,2.8354,12
15.75,bcast_binary,norm_elementwise,0.362,3
15.75,block_copy,layout_copy,0.1415,9
15.75,cast_bf16_f32_bias_act,cast_quant,0.0281,3
15.75,cast_f32_bf16,cast_quant,9.7373,18
15.75,fa_dc90_fwd_d128,attention,3.2303,3
15.75,fill_f,layout_copy,2.6975,5
15.75,fvf_h3_gate_res_norm_mod,norm_elementwise,3.3974,3
15.75,fvf_split_heads_rows,layout_copy,3.7042,6
15.75,h3_qk_norm_rope,norm_elementwise,17.803,6
15.75,h3_res_gate_norm_mod,norm_elementwise,3.7691,3
15.75,index_select_rows,layout_copy,0.0473,3
15.75,memcpy HtoD,copies_memset,0.0144,3
15.75,memset,copies_memset,0.0402,45
15.75,mx_binary,norm_elementwise,0.1279,6
15.75,mx_merge_heads,layout_copy,5.5029,3
15.75,mx_swiglu,norm_elementwise,9.456,3
15.75,nvjet_sm90_qqtst_128x160_128x5_2x1_v_bz_coopA_algo2_TNT,gemm,58.2286,18
15.75,nvjet_sm90_tst_256x160_64x4_1x2_h_bz_coopA_TNT,gemm,10.284,3
15.75,sm80_xmma_gemm_f32f32_f32f32_f32_nn_n_tilesize64x64x8_stage3_warpsize1x4x1_ffma_aligna4_alignc4_execute_kernel__5x_cublas,gemm,0.5586,3
15.75,sm80_xmma_gemm_f32f32_f32f32_f32_tn_n_tilesize64x64x8_stage3_warpsize1x4x1_ffma_aligna4_alignc4_execute_kernel__5x_cublas,gemm,0.6514,3
15.75,softmax_last,attention,0.6192,3
15.75,vsa_combine,attention,7.2467,3
15.75,vsa_mma_attn_tma2,attention,51.4646,2
15.75,vsa_tile_mean,attention,3.6356,9
15.75,vsa_tile_qkv,attention,13.9412,8
15.75,vsa_topk2,attention,1.0187,3
15.75,w8a8_quantize,cast_quant,22.1312,12
16.0,amax_abs_mixed,cast_quant,2.8374,12
16.0,bcast_binary,norm_elementwise,0.2414,2
16.0,block_copy,layout_copy,0.1417,9
16.0,cast_bf16_f32_bias_act,cast_quant,0.0283,3
16.0,cast_f32_bf16,cast_quant,9.7538,18
16.0,fa_dc90_fwd_d128,attention,3.2624,3
16.0,fill_f,layout_copy,2.722,5
16.0,fvf_h3_gate_res_norm_mod,norm_elementwise,3.4231,3
16.0,fvf_split_heads_rows,layout_copy,2.466,4
16.0,h3_qk_norm_rope,norm_elementwise,14.8883,5
16.0,h3_res_gate_norm_mod,norm_elementwise,3.7699,3
16.0,index_select_rows,layout_copy,0.0476,3
16.0,memcpy HtoD,copies_memset,0.0145,3
16.0,memset,copies_memset,0.0406,45
16.0,mx_binary,norm_elementwise,0.1285,6
16.0,mx_merge_heads,layout_copy,5.5236,3
16.0,mx_swiglu,norm_elementwise,9.4356,3
16.0,nvjet_sm90_qqtst_128x160_128x5_2x1_v_bz_coopA_algo2_TNT,gemm,58.3876,18
16.0,nvjet_sm90_tst_256x160_64x4_1x2_h_bz_coopA_TNT,gemm,10.3226,3
16.0,sm80_xmma_gemm_f32f32_f32f32_f32_nn_n_tilesize64x64x8_stage3_warpsize1x4x1_ffma_aligna4_alignc4_execute_kernel__5x_cublas,gemm,0.3721,2
16.0,sm80_xmma_gemm_f32f32_f32f32_f32_tn_n_tilesize64x64x8_stage3_warpsize1x4x1_ffma_aligna4_alignc4_execute_kernel__5x_cublas,gemm,0.433,2
16.0,softmax_last,attention,0.4126,2
16.0,vsa_combine,attention,7.2571,3
16.0,vsa_mma_attn_tma2,attention,76.0748,3
16.0,vsa_tile_mean,attention,2.425,6
16.0,vsa_tile_qkv,attention,12.1088,7
16.0,vsa_topk2,attention,0.6773,2
16.0,w8a8_quantize,cast_quant,22.1806,12
16.25,amax_abs_mixed,cast_quant,2.8376,12
16.25,bcast_binary,norm_elementwise,0.3606,3
16.25,block_copy,layout_copy,0.1424,9
16.25,cast_bf16_f32_bias_act,cast_quant,0.0281,3
16.25,cast_f32_bf16,cast_quant,9.7412,18
16.25,fa_dc90_fwd_d128,attention,3.2299,3
16.25,fill_f,layout_copy,3.2329,6
16.25,fvf_h3_gate_res_norm_mod,norm_elementwise,3.4206,3
16.25,fvf_split_heads_rows,layout_copy,3.7011,6
16.25,h3_qk_norm_rope,norm_elementwise,14.8794,5
16.25,h3_res_gate_norm_mod,norm_elementwise,3.7628,3
16.25,index_select_rows,layout_copy,0.0471,3
16.25,memcpy HtoD,copies_memset,0.0142,3
16.25,memset,copies_memset,0.0356,42
16.25,mx_binary,norm_elementwise,0.1278,6
16.25,mx_merge_heads,layout_copy,5.4819,3
16.25,mx_swiglu,norm_elementwise,9.4552,3
16.25,nvjet_sm90_qqtst_128x160_128x5_2x1_v_bz_coopA_algo2_TNT,gemm,54.4092,16
16.25,nvjet_sm90_tst_256x160_64x4_1x2_h_bz_coopA_TNT,gemm,6.9027,2
16.25,sm80_xmma_gemm_f32f32_f32f32_f32_nn_n_tilesize64x64x8_stage3_warpsize1x4x1_ffma_aligna4_alignc4_execute_kernel__5x_cublas,gemm,0.5559,3
16.25,sm80_xmma_gemm_f32f32_f32f32_f32_tn_n_tilesize64x64x8_stage3_warpsize1x4x1_ffma_aligna4_alignc4_execute_kernel__5x_cublas,gemm,0.6483,3
16.25,softmax_last,attention,0.6185,3
16.25,vsa_combine,attention,7.2428,3
16.25,vsa_mma_attn_tma2,attention,75.4117,3
16.25,vsa_tile_mean,attention,3.6307,9
16.25,vsa_tile_qkv,attention,15.576,9
16.25,vsa_topk2,attention,1.0143,3
16.25,w8a8_quantize,cast_quant,22.1481,12
16.5,amax_abs_mixed,cast_quant,2.678,11
16.5,bcast_binary,norm_elementwise,0.3537,3
16.5,block_copy,layout_copy,0.1412,9
16.5,cast_bf16_f32_bias_act,cast_quant,0.0281,3
16.5,cast_f32_bf16,cast_quant,9.7651,18
16.5,fa_dc90_fwd_d128,attention,3.2617,3
16.5,fill_f,layout_copy,3.1161,6
16.5,fvf_h3_gate_res_norm_mod,norm_elementwise,2.2722,2
16.5,fvf_split_heads_rows,layout_copy,3.6908,6
16.5,h3_qk_norm_rope,norm_elementwise,17.9279,6
16.5,h3_res_gate_norm_mod,norm_elementwise,3.7802,3
16.5,index_select_rows,layout_copy,0.047,3
16.5,memcpy HtoD,copies_memset,0.0146,3
16.5,memset,copies_memset,0.0378,41
16.5,mx_binary,norm_elementwise,0.1279,6
16.5,mx_merge_heads,layout_copy,5.5207,3
16.5,mx_swiglu,norm_elementwise,9.4471,3
16.5,nvjet_sm90_qqtst_128x160_128x5_2x1_v_bz_coopA_algo2_TNT,gemm,52.436,16
16.5,nvjet_sm90_tst_256x160_64x4_1x2_h_bz_coopA_TNT,gemm,10.4083,3
16.5,sm80_xmma_gemm_f32f32_f32f32_f32_nn_n_tilesize64x64x8_stage3_warpsize1x4x1_ffma_aligna4_alignc4_execute_kernel__5x_cublas,gemm,0.537,3
16.5,sm80_xmma_gemm_f32f32_f32f32_f32_tn_n_tilesize64x64x8_stage3_warpsize1x4x1_ffma_aligna4_alignc4_execute_kernel__5x_cublas,gemm,0.6238,3
16.5,softmax_last,attention,0.6064,3
16.5,vsa_combine,attention,7.2614,3
16.5,vsa_mma_attn_tma2,attention,76.0296,3
16.5,vsa_tile_mean,attention,3.5941,9
16.5,vsa_tile_qkv,attention,15.259,9
16.5,vsa_topk2,attention,0.9798,3
16.5,w8a8_quantize,cast_quant,20.9619,11
16.75,amax_abs_mixed,cast_quant,2.4275,11
16.75,bcast_binary,norm_elementwise,0.3621,3
16.75,block_copy,layout_copy,0.1436,9
16.75,cast_bf16_f32_bias_act,cast_quant,0.0284,3
16.75,cast_f32_bf16,cast_quant,9.8128,18
16.75,fa_dc90_fwd_d128,attention,3.2788,3
16.75,fill_f,layout_copy,3.2552,6
16.75,fvf_h3_gate_res_norm_mod,norm_elementwise,3.4261,3
16.75,fvf_split_heads_rows,layout_copy,3.704,6
16.75,h3_qk_norm_rope,norm_elementwise,18.0513,6
16.75,h3_res_gate_norm_mod,norm_elementwise,3.7851,3
16.75,index_select_rows,layout_copy,0.0477,3
16.75,memcpy HtoD,copies_memset,0.0139,3
16.75,memset,copies_memset,0.0392,43
16.75,mx_binary,norm_elementwise,0.1293,6
16.75,mx_merge_heads,layout_copy,5.605,3
16.75,mx_swiglu,norm_elementwise,6.2676,2
16.75,nvjet_sm90_qqtst_128x160_128x5_2x1_v_bz_coopA_algo2_TNT,gemm,58.3868,18
16.75,nvjet_sm90_tst_256x160_64x4_1x2_h_bz_coopA_TNT,gemm,10.4616,3
16.75,sm80_xmma_gemm_f32f32_f32f32_f32_nn_n_tilesize64x64x8_stage3_warpsize1x4x1_ffma_aligna4_alignc4_execute_kernel__5x_cublas,gemm,0.5576,3
16.75,sm80_xmma_gemm_f32f32_f32f32_f32_tn_n_tilesize64x64x8_stage3_warpsize1x4x1_ffma_aligna4_alignc4_execute_kernel__5x_cublas,gemm,0.6509,3
16.75,softmax_last,attention,0.6187,3
16.75,vsa_combine,attention,7.2798,3
16.75,vsa_mma_attn_tma2,attention,76.6549,3
16.75,vsa_tile_mean,attention,3.636,9
16.75,vsa_tile_qkv,attention,15.6424,9
16.75,vsa_topk2,attention,1.0182,3
16.75,w8a8_quantize,cast_quant,18.9367,11
17.0,amax_abs_mixed,cast_quant,2.4628,10
17.0,bcast_binary,norm_elementwise,0.3588,3
17.0,block_copy,layout_copy,0.1408,9
17.0,cast_bf16_f32_bias_act,cast_quant,0.0281,3
17.0,cast_f32_bf16,cast_quant,9.7462,18
17.0,fa_dc90_fwd_d128,attention,3.2607,3
17.0,fill_f,layout_copy,3.2224,6
17.0,fvf_h3_gate_res_norm_mod,norm_elementwise,3.4077,3
17.0,fvf_split_heads_rows,layout_copy,3.6993,6
17.0,h3_qk_norm_rope,norm_elementwise,18.2106,6
17.0,h3_res_gate_norm_mod,norm_elementwise,2.5029,2
17.0,index_select_rows,layout_copy,0.0468,3
17.0,memcpy HtoD,copies_memset,0.0139,3
17.0,memset,copies_memset,0.0349,39
17.0,mx_binary,norm_elementwise,0.1285,6
17.0,mx_merge_heads,layout_copy,3.6643,2
17.0,mx_swiglu,norm_elementwise,9.453,3
17.0,nvjet_sm90_qqtst_128x160_128x5_2x1_v_bz_coopA_algo2_TNT,gemm,48.8098,16
17.0,nvjet_sm90_tst_256x160_64x4_1x2_h_bz_coopA_TNT,gemm,10.4943,3
17.0,sm80_xmma_gemm_f32f32_f32f32_f32_nn_n_tilesize64x64x8_stage3_warpsize1x4x1_ffma_aligna4_alignc4_execute_kernel__5x_cublas,gemm,0.5502,3
17.0,sm80_xmma_gemm_f32f32_f32f32_f32_tn_n_tilesize64x64x8_stage3_warpsize1x4x1_ffma_aligna4_alignc4_execute_kernel__5x_cublas,gemm,0.6402,3
17.0,softmax_last,attention,0.6143,3
17.0,vsa_combine,attention,7.226,3
17.0,vsa_mma_attn_tma2,attention,75.8504,3
17.0,vsa_tile_mean,attention,3.6175,9
17.0,vsa_tile_qkv,attention,15.5834,9
17.0,vsa_topk2,attention,1.0042,3
17.0,w8a8_quantize,cast_quant,19.2737,10
17.25,amax_abs_mixed,cast_quant,2.8396,12
17.25,bcast_binary,norm_elementwise,0.3576,3
17.25,block_copy,layout_copy,0.0945,6
17.25,cast_bf16_f32_bias_act,cast_quant,0.0189,2
17.25,cast_f32_bf16,cast_quant,6.5036,12
17.25,fa_dc90_fwd_d128,attention,2.168,2
17.25,fill_f,layout_copy,3.1807,6
17.25,fvf_h3_gate_res_norm_mod,norm_elementwise,3.4443,3
17.25,fvf_split_heads_rows,layout_copy,3.6979,6
17.25,h3_qk_norm_rope,norm_elementwise,18.0727,6
17.25,h3_res_gate_norm_mod,norm_elementwise,3.777,3
17.25,index_select_rows,layout_copy,0.0317,2
17.25,memcpy HtoD,copies_memset,0.0097,2
17.25,memset,copies_memset,0.0405,45
17.25,mx_binary,norm_elementwise,0.086,4
17.25,mx_merge_heads,layout_copy,5.539,3
17.25,mx_swiglu,norm_elementwise,9.4463,3
17.25,nvjet_sm90_qqtst_128x160_128x5_2x1_v_bz_coopA_algo2_TNT,gemm,58.4064,18
17.25,nvjet_sm90_tst_256x160_64x4_1x2_h_bz_coopA_TNT,gemm,10.5272,3
17.25,sm80_xmma_gemm_f32f32_f32f32_f32_nn_n_tilesize64x64x8_stage3_warpsize1x4x1_ffma_aligna4_alignc4_execute_kernel__5x_cublas,gemm,0.5472,3
17.25,sm80_xmma_gemm_f32f32_f32f32_f32_tn_n_tilesize64x64x8_stage3_warpsize1x4x1_ffma_aligna4_alignc4_execute_kernel__5x_cublas,gemm,0.638,3
17.25,softmax_last,attention,0.613,3
17.25,vsa_combine,attention,4.8072,2
17.25,vsa_mma_attn_tma2,attention,76.602,3
17.25,vsa_tile_mean,attention,3.6134,9
17.25,vsa_tile_qkv,attention,15.4419,9
17.25,vsa_topk2,attention,0.9991,3
17.25,w8a8_quantize,cast_quant,22.2515,12
17.5,amax_abs_mixed,cast_quant,2.8423,12
17.5,bcast_binary,norm_elementwise,0.3634,3
17.5,block_copy,layout_copy,0.1432,9
17.5,cast_bf16_f32_bias_act,cast_quant,0.0285,3
17.5,cast_f32_bf16,cast_quant,9.8207,18
17.5,fa_dc90_fwd_d128,attention,3.2982,3
17.5,fill_f,layout_copy,3.2558,6
17.5,fvf_h3_gate_res_norm_mod,norm_elementwise,3.4275,3
17.5,fvf_split_heads_rows,layout_copy,3.6946,6
17.5,h3_qk_norm_rope,norm_elementwise,18.1842,6
17.5,h3_res_gate_norm_mod,norm_elementwise,3.8132,3
17.5,index_select_rows,layout_copy,0.0478,3
17.5,memcpy HtoD,copies_memset,0.0134,3
17.5,memset,copies_memset,0.0416,45
17.5,mx_binary,norm_elementwise,0.1297,6
17.5,mx_merge_heads,layout_copy,5.6113,3
17.5,mx_swiglu,norm_elementwise,9.493,3
17.5,nvjet_sm90_qqtst_128x160_128x5_2x1_v_bz_coopA_algo2_TNT,gemm,58.5306,18
17.5,nvjet_sm90_tst_256x160_64x4_1x2_h_bz_coopA_TNT,gemm,10.5298,3
17.5,sm80_xmma_gemm_f32f32_f32f32_f32_nn_n_tilesize64x64x8_stage3_warpsize1x4x1_ffma_aligna4_alignc4_execute_kernel__5x_cublas,gemm,0.5608,3
17.5,sm80_xmma_gemm_f32f32_f32f32_f32_tn_n_tilesize64x64x8_stage3_warpsize1x4x1_ffma_aligna4_alignc4_execute_kernel__5x_cublas,gemm,0.655,3
17.5,softmax_last,attention,0.6196,3
17.5,vsa_combine,attention,7.2998,3
17.5,vsa_mma_attn_tma2,attention,76.4114,3
17.5,vsa_tile_mean,attention,3.6336,9
17.5,vsa_tile_qkv,attention,15.6505,9
17.5,vsa_topk2,attention,1.0252,3
17.5,w8a8_quantize,cast_quant,22.3397,12
17.75,amax_abs_mixed,cast_quant,2.8364,12
17.75,bcast_binary,norm_elementwise,0.364,3
17.75,block_copy,layout_copy,0.1414,9
17.75,cast_bf16_f32_bias_act,cast_quant,0.0281,3
17.75,cast_f32_bf16,cast_quant,9.7564,18
17.75,fa_dc90_fwd_d128,attention,3.2477,3
17.75,fill_f,layout_copy,2.7003,5
17.75,fvf_h3_gate_res_norm_mod,norm_elementwise,3.4024,3
17.75,fvf_split_heads_rows,layout_copy,3.7005,6
17.75,h3_qk_norm_rope,norm_elementwise,17.9624,6
17.75,h3_res_gate_norm_mod,norm_elementwise,3.7715,3
17.75,index_select_rows,layout_copy,0.0477,3
17.75,memcpy HtoD,copies_memset,0.0126,3
17.75,memset,copies_memset,0.0419,45
17.75,mx_binary,norm_elementwise,0.128,6
17.75,mx_merge_heads,layout_copy,5.509,3
17.75,mx_swiglu,norm_elementwise,9.4558,3
17.75,nvjet_sm90_qqtst_128x160_128x5_2x1_v_bz_coopA_algo2_TNT,gemm,58.3733,18
17.75,nvjet_sm90_tst_256x160_64x4_1x2_h_bz_coopA_TNT,gemm,10.5307,3
17.75,sm80_xmma_gemm_f32f32_f32f32_f32_nn_n_tilesize64x64x8_stage3_warpsize1x4x1_ffma_aligna4_alignc4_execute_kernel__5x_cublas,gemm,0.5608,3
17.75,sm80_xmma_gemm_f32f32_f32f32_f32_tn_n_tilesize64x64x8_stage3_warpsize1x4x1_ffma_aligna4_alignc4_execute_kernel__5x_cublas,gemm,0.6548,3
17.75,softmax_last,attention,0.6202,3
17.75,vsa_combine,attention,7.2459,3
17.75,vsa_mma_attn_tma2,attention,51.4585,2
17.75,vsa_tile_mean,attention,3.6372,9
17.75,vsa_tile_qkv,attention,13.941,8
17.75,vsa_topk2,attention,1.0252,3
17.75,w8a8_quantize,cast_quant,22.1548,12
18.0,amax_abs_mixed,cast_quant,2.8398,12
18.0,bcast_binary,norm_elementwise,0.2448,2
18.0,block_copy,layout_copy,0.1416,9
18.0,cast_bf16_f32_bias_act,cast_quant,0.0281,3
18.0,cast_f32_bf16,cast_quant,9.7465,18
18.0,fa_dc90_fwd_d128,attention,3.2313,3
18.0,fill_f,layout_copy,2.7707,5
18.0,fvf_h3_gate_res_norm_mod,norm_elementwise,3.4187,3
18.0,fvf_split_heads_rows,layout_copy,2.4748,4
18.0,h3_qk_norm_rope,norm_elementwise,15.0569,5
18.0,h3_res_gate_norm_mod,norm_elementwise,3.7796,3
18.0,index_select_rows,layout_copy,0.0468,3
18.0,memcpy HtoD,copies_memset,0.0131,3
18.0,memset,copies_memset,0.0384,45
18.0,mx_binary,norm_elementwise,0.1281,6
18.0,mx_merge_heads,layout_copy,5.5165,3
18.0,mx_swiglu,norm_elementwise,9.4335,3
18.0,nvjet_sm90_qqtst_128x160_128x5_2x1_v_bz_coopA_algo2_TNT,gemm,58.4829,18
18.0,nvjet_sm90_tst_256x160_64x4_1x2_h_bz_coopA_TNT,gemm,10.54,3
18.0,sm80_xmma_gemm_f32f32_f32f32_f32_nn_n_tilesize64x64x8_stage3_warpsize1x4x1_ffma_aligna4_alignc4_execute_kernel__5x_cublas,gemm,0.3797,2
18.0,sm80_xmma_gemm_f32f32_f32f32_f32_tn_n_tilesize64x64x8_stage3_warpsize1x4x1_ffma_aligna4_alignc4_execute_kernel__5x_cublas,gemm,0.4444,2
18.0,softmax_last,attention,0.4187,2
18.0,vsa_combine,attention,7.2444,3
18.0,vsa_mma_attn_tma2,attention,77.0581,3
18.0,vsa_tile_mean,attention,2.4377,6
18.0,vsa_tile_qkv,attention,12.242,7
18.0,vsa_topk2,attention,0.6943,2
18.0,w8a8_quantize,cast_quant,22.1942,12
18.25,amax_abs_mixed,cast_quant,1.8929,8
18.25,bcast_binary,norm_elementwise,0.3498,3
18.25,block_copy,layout_copy,0.1026,10
18.25,cast_bf16_f32_bias_act,cast_quant,1.8514,8
18.25,cast_f32_bf16,cast_quant,7.3624,20
18.25,fa_dc90_fwd_d128,attention,2.164,2
18.25,fill_f,layout_copy,3.1105,6
18.25,fvf_h3_gate_res_norm_mod,norm_elementwise,1.1248,1
18.25,fvf_split_heads_rows,layout_copy,3.688,6
18.25,h3_gate_residual,norm_elementwise,1.4563,1
18.25,h3_norm_mod,norm_elementwise,0.8732,1
18.25,h3_qk_norm_rope,norm_elementwise,14.6818,5
18.25,h3_res_gate_norm_mod,norm_elementwise,2.5228,2
18.25,index_select_rows,layout_copy,0.0318,2
18.25,lincomb3,norm_elementwise,0.042,4
18.25,memcpy HtoD,copies_memset,3.2988,3
18.25,memset,copies_memset,0.0285,31
18.25,mx_binary,norm_elementwise,2.6084,8
18.25,mx_block_copy,layout_copy,2.1627,5
18.25,mx_merge_heads,layout_copy,3.6856,2
18.25,mx_rms_norm,norm_elementwise,0.6444,2
18.25,mx_swiglu,norm_elementwise,6.2892,2
18.25,nvjet_sm90_qqtst_128x160_128x5_2x1_v_bz_coopA_algo2_TNT,gemm,39.1154,12
18.25,nvjet_sm90_tst_128x144_64x6_2x1_v_bz_TNT,gemm,0.0047,1
18.25,nvjet_sm90_tst_192x192_64x4_2x1_v_bz_coopB_TNN,gemm,0.1496,1
18.25,nvjet_sm90_tst_256x160_64x4_1x2_h_bz_coopA_TNT,gemm,6.8834,2
18.25,nvjet_sm90_tst_32x64_64x16_1x4_h_bz_splitK_TNN,gemm,0.005,1
18.25,nvjet_sm90_tst_96x384_64x3_1x4_h_bz_coopA_TNN,gemm,0.1535,1
18.25,sm80_xmma_gemm_f32f32_f32f32_f32_nn_n_tilesize64x64x8_stage3_warpsize1x4x1_ffma_aligna4_alignc4_execute_kernel__5x_cublas,gemm,0.5282,3
18.25,sm80_xmma_gemm_f32f32_f32f32_f32_tn_n_tilesize64x64x8_stage3_warpsize1x4x1_ffma_aligna4_alignc4_execute_kernel__5x_cublas,gemm,0.6141,3
18.25,softmax_last,attention,0.6019,3
18.25,"cublasLt::splitKreduce_kernel<(int)32, (int)16, int, float, __nv_bfloat16, float, __nv_bfloat16, (bool)0, float, __nv_bfloat16, __nv_bfloat16, (bool)1, (bool)0,…",gemm,0.0019,1
18.25,vsa_combine,attention,4.8266,2
18.25,vsa_mma_attn_tma2,attention,74.1624,3
18.25,vsa_tile_mean,attention,3.5817,9
18.25,vsa_tile_qkv,attention,15.3372,9
18.25,vsa_topk2,attention,0.9637,3
18.25,w8a8_quantize,cast_quant,14.9185,8
18.5,amax_abs_mixed,cast_quant,2.8363,12
18.5,bcast_binary,norm_elementwise,0.3601,3
18.5,block_copy,layout_copy,0.1396,9
18.5,cast_bf16_f32_bias_act,cast_quant,0.0281,3
18.5,cast_f32_bf16,cast_quant,9.7438,18
18.5,fa_dc90_fwd_d128,attention,3.2353,3
18.5,fill_f,layout_copy,3.2135,6
18.5,fvf_h3_gate_res_norm_mod,norm_elementwise,3.4039,3
18.5,fvf_split_heads_rows,layout_copy,3.6899,6
18.5,h3_qk_norm_rope,norm_elementwise,17.8836,6
18.5,h3_res_gate_norm_mod,norm_elementwise,3.7652,3
18.5,index_select_rows,layout_copy,0.0462,3
18.5,memcpy HtoD,copies_memset,0.0146,3
18.5,memset,copies_memset,0.042,45
18.5,mx_binary,norm_elementwise,0.1272,6
18.5,mx_merge_heads,layout_copy,5.5142,3
18.5,mx_swiglu,norm_elementwise,9.4296,3
18.5,nvjet_sm90_qqtst_128x160_128x5_2x1_v_bz_coopA_algo2_TNT,gemm,57.29,18
18.5,nvjet_sm90_tst_256x160_64x4_1x2_h_bz_coopA_TNT,gemm,10.2041,3
18.5,sm80_xmma_gemm_f32f32_f32f32_f32_nn_n_tilesize64x64x8_stage3_warpsize1x4x1_ffma_aligna4_alignc4_execute_kernel__5x_cublas,gemm,0.5518,3
18.5,sm80_xmma_gemm_f32f32_f32f32_f32_tn_n_tilesize64x64x8_stage3_warpsize1x4x1_ffma_aligna4_alignc4_execute_kernel__5x_cublas,gemm,0.6422,3
18.5,softmax_last,attention,0.6152,3
18.5,vsa_combine,attention,7.2097,3
18.5,vsa_mma_attn_tma2,attention,75.285,3
18.5,vsa_tile_mean,attention,3.6022,9
18.5,vsa_tile_qkv,attention,15.5116,9
18.5,vsa_topk2,attention,1.0068,3
18.5,w8a8_quantize,cast_quant,22.1921,12
18.75,amax_abs_mixed,cast_quant,2.8378,12
18.75,bcast_binary,norm_elementwise,0.3644,3
18.75,block_copy,layout_copy,0.1399,9
18.75,cast_bf16_f32_bias_act,cast_quant,0.0281,3
18.75,cast_f32_bf16,cast_quant,9.7645,18
18.75,fa_dc90_fwd_d128,attention,3.2618,3
18.75,fill_f,layout_copy,2.6966,5
18.75,fvf_h3_gate_res_norm_mod,norm_elementwise,3.4278,3
18.75,fvf_split_heads_rows,layout_copy,3.6902,6
18.75,h3_qk_norm_rope,norm_elementwise,18.0139,6
18.75,h3_res_gate_norm_mod,norm_elementwise,3.7738,3
18.75,index_select_rows,layout_copy,0.0456,3
18.75,memcpy HtoD,copies_memset,0.0147,3
18.75,memset,copies_memset,0.0412,45
18.75,mx_binary,norm_elementwise,0.1277,6
18.75,mx_merge_heads,layout_copy,5.5022,3
18.75,mx_swiglu,norm_elementwise,9.4988,3
18.75,nvjet_sm90_qqtst_128x160_128x5_2x1_v_bz_coopA_algo2_TNT,gemm,57.9941,18
18.75,nvjet_sm90_tst_256x160_64x4_1x2_h_bz_coopA_TNT,gemm,10.2601,3
18.75,sm80_xmma_gemm_f32f32_f32f32_f32_nn_n_tilesize64x64x8_stage3_warpsize1x4x1_ffma_aligna4_alignc4_execute_kernel__5x_cublas,gemm,0.5632,3
18.75,sm80_xmma_gemm_f32f32_f32f32_f32_tn_n_tilesize64x64x8_stage3_warpsize1x4x1_ffma_aligna4_alignc4_execute_kernel__5x_cublas,gemm,0.6486,3
18.75,softmax_last,attention,0.6172,3
18.75,vsa_combine,attention,7.2333,3
18.75,vsa_mma_attn_tma2,attention,50.9116,2
18.75,vsa_tile_mean,attention,3.6073,9
18.75,vsa_tile_qkv,attention,15.7053,9
18.75,vsa_topk2,attention,1.0313,3
18.75,w8a8_quantize,cast_quant,22.2505,12
19.0,amax_abs_mixed,cast_quant,2.838,12
19.0,bcast_binary,norm_elementwise,0.2447,2
19.0,block_copy,layout_copy,0.1397,9
19.0,cast_bf16_f32_bias_act,cast_quant,0.0282,3
19.0,cast_f32_bf16,cast_quant,9.7668,18
19.0,fa_dc90_fwd_d128,attention,3.2708,3
19.0,fill_f,layout_copy,2.7948,5
19.0,fvf_h3_gate_res_norm_mod,norm_elementwise,3.422,3
19.0,fvf_split_heads_rows,layout_copy,2.4661,4
19.0,h3_qk_norm_rope,norm_elementwise,15.1758,5
19.0,h3_res_gate_norm_mod,norm_elementwise,3.7686,3
19.0,index_select_rows,layout_copy,0.0454,3
19.0,memcpy HtoD,copies_memset,0.0142,3
19.0,memset,copies_memset,0.0403,45
19.0,mx_binary,norm_elementwise,0.1273,6
19.0,mx_merge_heads,layout_copy,5.5252,3
19.0,mx_swiglu,norm_elementwise,9.4545,3
19.0,nvjet_sm90_qqtst_128x160_128x5_2x1_v_bz_coopA_algo2_TNT,gemm,58.1963,18
19.0,nvjet_sm90_tst_256x160_64x4_1x2_h_bz_coopA_TNT,gemm,10.272,3
19.0,sm80_xmma_gemm_f32f32_f32f32_f32_nn_n_tilesize64x64x8_stage3_warpsize1x4x1_ffma_aligna4_alignc4_execute_kernel__5x_cublas,gemm,0.3792,2
19.0,sm80_xmma_gemm_f32f32_f32f32_f32_tn_n_tilesize64x64x8_stage3_warpsize1x4x1_ffma_aligna4_alignc4_execute_kernel__5x_cublas,gemm,0.4443,2
19.0,softmax_last,attention,0.4182,2
19.0,vsa_combine,attention,7.2513,3
19.0,vsa_mma_attn_tma2,attention,77.4311,3
19.0,vsa_tile_mean,attention,2.4336,6
19.0,vsa_tile_qkv,attention,10.5306,6
19.0,vsa_topk2,attention,0.6929,2
19.0,w8a8_quantize,cast_quant,22.2084,12
19.25,amax_abs_mixed,cast_quant,2.8366,12
19.25,bcast_binary,norm_elementwise,0.3609,3
19.25,block_copy,layout_copy,0.1407,9
19.25,cast_bf16_f32_bias_act,cast_quant,0.0282,3
19.25,cast_f32_bf16,cast_quant,9.7694,18
19.25,fa_dc90_fwd_d128,attention,3.253,3
19.25,fill_f,layout_copy,3.2313,6
19.25,fvf_h3_gate_res_norm_mod,norm_elementwise,3.4149,3
19.25,fvf_split_heads_rows,layout_copy,3.6935,6
19.25,h3_qk_norm_rope,norm_elementwise,14.9898,5
19.25,h3_res_gate_norm_mod,norm_elementwise,3.7724,3
19.25,index_select_rows,layout_copy,0.0453,3
19.25,memcpy HtoD,copies_memset,0.0143,3
19.25,memset,copies_memset,0.0396,43
19.25,mx_binary,norm_elementwise,0.1276,6
19.25,mx_merge_heads,layout_copy,5.5064,3
19.25,mx_swiglu,norm_elementwise,9.4686,3
19.25,nvjet_sm90_qqtst_128x160_128x5_2x1_v_bz_coopA_algo2_TNT,gemm,56.0694,17
19.25,nvjet_sm90_tst_256x160_64x4_1x2_h_bz_coopA_TNT,gemm,6.8467,2
19.25,sm80_xmma_gemm_f32f32_f32f32_f32_nn_n_tilesize64x64x8_stage3_warpsize1x4x1_ffma_aligna4_alignc4_execute_kernel__5x_cublas,gemm,0.5549,3
19.25,sm80_xmma_gemm_f32f32_f32f32_f32_tn_n_tilesize64x64x8_stage3_warpsize1x4x1_ffma_aligna4_alignc4_execute_kernel__5x_cublas,gemm,0.649,3
19.25,softmax_last,attention,0.617,3
19.25,vsa_combine,attention,7.2508,3
19.25,vsa_mma_attn_tma2,attention,75.6188,3
19.25,vsa_tile_mean,attention,3.6252,9
19.25,vsa_tile_qkv,attention,15.5619,9
19.25,vsa_topk2,attention,1.0125,3
19.25,w8a8_quantize,cast_quant,22.2283,12
19.5,amax_abs_mixed,cast_quant,2.6753,11
19.5,bcast_binary,norm_elementwise,0.3533,3
19.5,block_copy,layout_copy,0.1412,9
19.5,cast_bf16_f32_bias_act,cast_quant,0.0282,3
19.5,cast_f32_bf16,cast_quant,9.7771,18
19.5,fa_dc90_fwd_d128,attention,3.2562,3
19.5,fill_f,layout_copy,3.1271,6
19.5,fvf_h3_gate_res_norm_mod,norm_elementwise,2.2783,2
19.5,fvf_split_heads_rows,layout_copy,3.6932,6
19.5,h3_qk_norm_rope,norm_elementwise,18.0603,6
19.5,h3_res_gate_norm_mod,norm_elementwise,3.7834,3
19.5,index_select_rows,layout_copy,0.0456,3
19.5,memcpy HtoD,copies_memset,0.0147,3
19.5,memset,copies_memset,0.0356,40
19.5,mx_binary,norm_elementwise,0.1276,6
19.5,mx_merge_heads,layout_copy,5.5233,3
19.5,mx_swiglu,norm_elementwise,9.4791,3
19.5,nvjet_sm90_qqtst_128x160_128x5_2x1_v_bz_coopA_algo2_TNT,gemm,50.3217,15
19.5,nvjet_sm90_tst_256x160_64x4_1x2_h_bz_coopA_TNT,gemm,10.2848,3
19.5,sm80_xmma_gemm_f32f32_f32f32_f32_nn_n_tilesize64x64x8_stage3_warpsize1x4x1_ffma_aligna4_alignc4_execute_kernel__5x_cublas,gemm,0.5391,3
19.5,sm80_xmma_gemm_f32f32_f32f32_f32_tn_n_tilesize64x64x8_stage3_warpsize1x4x1_ffma_aligna4_alignc4_execute_kernel__5x_cublas,gemm,0.6266,3
19.5,softmax_last,attention,0.607,3
19.5,vsa_combine,attention,7.2462,3
19.5,vsa_mma_attn_tma2,attention,75.9342,3
19.5,vsa_tile_mean,attention,3.597,9
19.5,vsa_tile_qkv,attention,15.2854,9
19.5,vsa_topk2,attention,0.9807,3
19.5,w8a8_quantize,cast_quant,20.9851,11
19.75,amax_abs_mixed,cast_quant,2.4274,11
19.75,bcast_binary,norm_elementwise,0.3599,3
19.75,block_copy,layout_copy,0.1411,9
19.75,cast_bf16_f32_bias_act,cast_quant,0.0284,3
19.75,cast_f32_bf16,cast_quant,9.7948,18
19.75,fa_dc90_fwd_d128,attention,3.3113,3
19.75,fill_f,layout_copy,3.214,6
19.75,fvf_h3_gate_res_norm_mod,norm_elementwise,3.4102,3
19.75,fvf_split_heads_rows,layout_copy,3.69,6
19.75,h3_qk_norm_rope,norm_elementwise,17.9379,6
19.75,h3_res_gate_norm_mod,norm_elementwise,3.7912,3
19.75,index_select_rows,layout_copy,0.0461,3
19.75,memcpy HtoD,copies_memset,0.0142,3
19.75,memset,copies_memset,0.04,43
19.75,mx_binary,norm_elementwise,0.1287,6
19.75,mx_merge_heads,layout_copy,5.5726,3
19.75,mx_swiglu,norm_elementwise,6.2749,2
19.75,nvjet_sm90_qqtst_128x160_128x5_2x1_v_bz_coopA_algo2_TNT,gemm,58.0291,18
19.75,nvjet_sm90_tst_256x160_64x4_1x2_h_bz_coopA_TNT,gemm,10.2563,3
19.75,sm80_xmma_gemm_f32f32_f32f32_f32_nn_n_tilesize64x64x8_stage3_warpsize1x4x1_ffma_aligna4_alignc4_execute_kernel__5x_cublas,gemm,0.5545,3
19.75,sm80_xmma_gemm_f32f32_f32f32_f32_tn_n_tilesize64x64x8_stage3_warpsize1x4x1_ffma_aligna4_alignc4_execute_kernel__5x_cublas,gemm,0.646,3
19.75,softmax_last,attention,0.615,3
19.75,vsa_combine,attention,7.2711,3
19.75,vsa_mma_attn_tma2,attention,75.902,3
19.75,vsa_tile_mean,attention,3.6259,9
19.75,vsa_tile_qkv,attention,15.5271,9
19.75,vsa_topk2,attention,1.0101,3
19.75,w8a8_quantize,cast_quant,18.8658,11
20.0,amax_abs_mixed,cast_quant,2.6722,11
20.0,bcast_binary,norm_elementwise,0.3595,3
20.0,block_copy,layout_copy,0.1393,9
20.0,cast_bf16_f32_bias_act,cast_quant,0.028,3
20.0,cast_f32_bf16,cast_quant,9.7421,18
20.0,fa_dc90_fwd_d128,attention,3.2459,3
20.0,fill_f,layout_copy,3.212,6
20.0,fvf_h3_gate_res_norm_mod,norm_elementwise,3.3971,3
20.0,fvf_split_heads_rows,layout_copy,3.6901,6
20.0,h3_qk_norm_rope,norm_elementwise,17.9691,6
20.0,h3_res_gate_norm_mod,norm_elementwise,2.4964,2
20.0,index_select_rows,layout_copy,0.0451,3
20.0,memcpy HtoD,copies_memset,0.0145,3
20.0,memset,copies_memset,0.0376,41
20.0,mx_binary,norm_elementwise,0.1266,6
20.0,mx_merge_heads,layout_copy,5.4763,3
20.0,mx_swiglu,norm_elementwise,9.4477,3
20.0,nvjet_sm90_qqtst_128x160_128x5_2x1_v_bz_coopA_algo2_TNT,gemm,48.2925,16
20.0,nvjet_sm90_tst_256x160_64x4_1x2_h_bz_coopA_TNT,gemm,10.2602,3
20.0,sm80_xmma_gemm_f32f32_f32f32_f32_nn_n_tilesize64x64x8_stage3_warpsize1x4x1_ffma_aligna4_alignc4_execute_kernel__5x_cublas,gemm,0.5533,3
20.0,sm80_xmma_gemm_f32f32_f32f32_f32_tn_n_tilesize64x64x8_stage3_warpsize1x4x1_ffma_aligna4_alignc4_execute_kernel__5x_cublas,gemm,0.6441,3
20.0,softmax_last,attention,0.6152,3
20.0,vsa_combine,attention,7.2098,3
20.0,vsa_mma_attn_tma2,attention,75.3258,3
20.0,vsa_tile_mean,attention,3.6067,9
20.0,vsa_tile_qkv,attention,15.5135,9
20.0,vsa_topk2,attention,1.0092,3
20.0,w8a8_quantize,cast_quant,20.8647,11
20.25,amax_abs_mixed,cast_quant,2.6276,11
20.25,bcast_binary,norm_elementwise,0.3617,3
20.25,block_copy,layout_copy,0.0938,6
20.25,cast_bf16_f32_bias_act,cast_quant,0.0187,2
20.25,cast_f32_bf16,cast_quant,6.4969,12
20.25,fa_dc90_fwd_d128,attention,2.1741,2
20.25,fill_f,layout_copy,3.2971,6
20.25,fvf_h3_gate_res_norm_mod,norm_elementwise,3.4334,3
20.25,fvf_split_heads_rows,layout_copy,3.6902,6
20.25,h3_qk_norm_rope,norm_elementwise,18.0485,6
20.25,h3_res_gate_norm_mod,norm_elementwise,3.7655,3
20.25,index_select_rows,layout_copy,0.03,2
20.25,memcpy HtoD,copies_memset,0.0094,2
20.25,memset,copies_memset,0.0393,43
20.25,mx_binary,norm_elementwise,0.0853,4
20.25,mx_merge_heads,layout_copy,3.6784,2
20.25,mx_swiglu,norm_elementwise,9.4763,3
20.25,nvjet_sm90_qqtst_128x160_128x5_2x1_v_bz_coopA_algo2_TNT,gemm,58.0804,18
20.25,nvjet_sm90_tst_256x160_64x4_1x2_h_bz_coopA_TNT,gemm,10.2851,3
20.25,sm80_xmma_gemm_f32f32_f32f32_f32_nn_n_tilesize64x64x8_stage3_warpsize1x4x1_ffma_aligna4_alignc4_execute_kernel__5x_cublas,gemm,0.5557,3
20.25,sm80_xmma_gemm_f32f32_f32f32_f32_tn_n_tilesize64x64x8_stage3_warpsize1x4x1_ffma_aligna4_alignc4_execute_kernel__5x_cublas,gemm,0.6489,3
20.25,softmax_last,attention,0.6161,3
20.25,vsa_combine,attention,4.8017,2
20.25,vsa_mma_attn_tma2,attention,77.3232,3
20.25,vsa_tile_mean,attention,3.6266,9
20.25,vsa_tile_qkv,attention,15.7329,9
20.25,vsa_topk2,attention,1.0313,3
20.25,w8a8_quantize,cast_quant,20.5848,11
20.5,amax_abs_mixed,cast_quant,2.8386,12
20.5,bcast_binary,norm_elementwise,0.361,3
20.5,block_copy,layout_copy,0.1409,9
20.5,cast_bf16_f32_bias_act,cast_quant,0.0283,3
20.5,cast_f32_bf16,cast_quant,9.7817,18
20.5,fa_dc90_fwd_d128,attention,3.2668,3
20.5,fill_f,layout_copy,3.2395,6
20.5,fvf_h3_gate_res_norm_mod,norm_elementwise,3.4255,3
20.5,fvf_split_heads_rows,layout_copy,3.7003,6
20.5,h3_qk_norm_rope,norm_elementwise,18.1453,6
20.5,h3_res_gate_norm_mod,norm_elementwise,3.783,3
20.5,index_select_rows,layout_copy,0.046,3
20.5,memcpy HtoD,copies_memset,0.0142,3
20.5,memset,copies_memset,0.0409,45
20.5,mx_binary,norm_elementwise,0.1282,6
20.5,mx_merge_heads,layout_copy,5.5149,3
20.5,mx_swiglu,norm_elementwise,9.472,3
20.5,nvjet_sm90_qqtst_128x160_128x5_2x1_v_bz_coopA_algo2_TNT,gemm,58.2184,18
20.5,nvjet_sm90_tst_256x160_64x4_1x2_h_bz_coopA_TNT,gemm,10.3151,3
20.5,sm80_xmma_gemm_f32f32_f32f32_f32_nn_n_tilesize64x64x8_stage3_warpsize1x4x1_ffma_aligna4_alignc4_execute_kernel__5x_cublas,gemm,0.5558,3
20.5,sm80_xmma_gemm_f32f32_f32f32_f32_tn_n_tilesize64x64x8_stage3_warpsize1x4x1_ffma_aligna4_alignc4_execute_kernel__5x_cublas,gemm,0.6491,3
20.5,softmax_last,attention,0.6191,3
20.5,vsa_combine,attention,7.2612,3
20.5,vsa_mma_attn_tma2,attention,75.8129,3
20.5,vsa_tile_mean,attention,3.6286,9
20.5,vsa_tile_qkv,attention,15.5776,9
20.5,vsa_topk2,attention,1.0155,3
20.5,w8a8_quantize,cast_quant,22.2114,12
20.75,amax_abs_mixed,cast_quant,2.8363,12
20.75,bcast_binary,norm_elementwise,0.3531,3
20.75,block_copy,layout_copy,0.1395,9
20.75,cast_bf16_f32_bias_act,cast_quant,0.028,3
20.75,cast_f32_bf16,cast_quant,9.7525,18
20.75,fa_dc90_fwd_d128,attention,3.2278,3
20.75,fill_f,layout_copy,3.1216,6
20.75,fvf_h3_gate_res_norm_mod,norm_elementwise,3.4138,3
20.75,fvf_split_heads_rows,layout_copy,3.6914,6
20.75,h3_qk_norm_rope,norm_elementwise,17.9687,6
20.75,h3_res_gate_norm_mod,norm_elementwise,3.7669,3
20.75,index_select_rows,layout_copy,0.0452,3
20.75,memcpy HtoD,copies_memset,0.0146,3
20.75,memset,copies_memset,0.042,45
20.75,mx_binary,norm_elementwise,0.1269,6
20.75,mx_merge_heads,layout_copy,5.5027,3
20.75,mx_swiglu,norm_elementwise,9.4804,3
20.75,nvjet_sm90_qqtst_128x160_128x5_2x1_v_bz_coopA_algo2_TNT,gemm,58.3316,18
20.75,nvjet_sm90_tst_256x160_64x4_1x2_h_bz_coopA_TNT,gemm,10.383,3
20.75,sm80_xmma_gemm_f32f32_f32f32_f32_nn_n_tilesize64x64x8_stage3_warpsize1x4x1_ffma_aligna4_alignc4_execute_kernel__5x_cublas,gemm,0.5367,3
20.75,sm80_xmma_gemm_f32f32_f32f32_f32_tn_n_tilesize64x64x8_stage3_warpsize1x4x1_ffma_aligna4_alignc4_execute_kernel__5x_cublas,gemm,0.6255,3
20.75,softmax_last,attention,0.608,3
20.75,vsa_combine,attention,7.2351,3
20.75,vsa_mma_attn_tma2,attention,75.709,3
20.75,vsa_tile_mean,attention,3.5956,9
20.75,vsa_tile_qkv,attention,15.2563,9
20.75,vsa_topk2,attention,0.9791,3
20.75,w8a8_quantize,cast_quant,22.1867,12
21.0,amax_abs_mixed,cast_quant,2.842,12
21.0,bcast_binary,norm_elementwise,0.3644,3
21.0,block_copy,layout_copy,0.1418,9
21.0,cast_bf16_f32_bias_act,cast_quant,0.0282,3
21.0,cast_f32_bf16,cast_quant,9.7824,18
21.0,fa_dc90_fwd_d128,attention,3.2561,3
21.0,fill_f,layout_copy,2.6709,5
21.0,fvf_h3_gate_res_norm_mod,norm_elementwise,3.4366,3
21.0,fvf_split_heads_rows,layout_copy,3.7072,6
21.0,h3_qk_norm_rope,norm_elementwise,18.3453,6
21.0,h3_res_gate_norm_mod,norm_elementwise,3.7715,3
21.0,index_select_rows,layout_copy,0.0451,3
21.0,memcpy HtoD,copies_memset,0.0142,3
21.0,memset,copies_memset,0.0426,45
21.0,mx_binary,norm_elementwise,0.1276,6
21.0,mx_merge_heads,layout_copy,5.5292,3
21.0,mx_swiglu,norm_elementwise,9.4916,3
21.0,nvjet_sm90_qqtst_128x160_128x5_2x1_v_bz_coopA_algo2_TNT,gemm,58.3583,18
21.0,nvjet_sm90_tst_256x160_64x4_1x2_h_bz_coopA_TNT,gemm,10.4648,3
21.0,sm80_xmma_gemm_f32f32_f32f32_f32_nn_n_tilesize64x64x8_stage3_warpsize1x4x1_ffma_aligna4_alignc4_execute_kernel__5x_cublas,gemm,0.564,3
21.0,sm80_xmma_gemm_f32f32_f32f32_f32_tn_n_tilesize64x64x8_stage3_warpsize1x4x1_ffma_aligna4_alignc4_execute_kernel__5x_cublas,gemm,0.6579,3
21.0,softmax_last,attention,0.6226,3
21.0,vsa_combine,attention,7.2546,3
21.0,vsa_mma_attn_tma2,attention,50.6023,2
21.0,vsa_tile_mean,attention,3.6462,9
21.0,vsa_tile_qkv,attention,10.2931,6
21.0,vsa_topk2,attention,1.03,3
21.0,w8a8_quantize,cast_quant,22.2275,12
21.25,amax_abs_mixed,cast_quant,2.8398,12
21.25,bcast_binary,norm_elementwise,0.2334,2
21.25,block_copy,layout_copy,0.1418,9
21.25,cast_bf16_f32_bias_act,cast_quant,0.0285,3
21.25,cast_f32_bf16,cast_quant,9.8273,18
21.25,fa_dc90_fwd_d128,attention,3.2871,3
21.25,fill_f,layout_copy,2.7092,5
21.25,fvf_h3_gate_res_norm_mod,norm_elementwise,3.4126,3
21.25,fvf_split_heads_rows,layout_copy,2.458,4
21.25,h3_qk_norm_rope,norm_elementwise,11.8156,4
21.25,h3_res_gate_norm_mod,norm_elementwise,3.7798,3
21.25,index_select_rows,layout_copy,0.0463,3
21.25,memcpy HtoD,copies_memset,0.0139,3
21.25,memset,copies_memset,0.0404,45
21.25,mx_binary,norm_elementwise,0.1294,6
21.25,mx_merge_heads,layout_copy,5.6183,3
21.25,mx_swiglu,norm_elementwise,9.4662,3
21.25,nvjet_sm90_qqtst_128x160_128x5_2x1_v_bz_coopA_algo2_TNT,gemm,58.4642,18
21.25,nvjet_sm90_tst_256x160_64x4_1x2_h_bz_coopA_TNT,gemm,10.486,3
21.25,sm80_xmma_gemm_f32f32_f32f32_f32_nn_n_tilesize64x64x8_stage3_warpsize1x4x1_ffma_aligna4_alignc4_execute_kernel__5x_cublas,gemm,0.3535,2
21.25,sm80_xmma_gemm_f32f32_f32f32_f32_tn_n_tilesize64x64x8_stage3_warpsize1x4x1_ffma_aligna4_alignc4_execute_kernel__5x_cublas,gemm,0.4096,2
21.25,softmax_last,attention,0.4019,2
21.25,vsa_combine,attention,7.2887,3
21.25,vsa_mma_attn_tma2,attention,77.069,3
21.25,vsa_tile_mean,attention,2.3888,6
21.25,vsa_tile_qkv,attention,15.7444,9
21.25,vsa_topk2,attention,0.6429,2
21.25,w8a8_quantize,cast_quant,22.2369,12
21.5,amax_abs_mixed,cast_quant,2.6775,11
21.5,bcast_binary,norm_elementwise,0.3569,3
21.5,block_copy,layout_copy,0.1407,9
21.5,cast_bf16_f32_bias_act,cast_quant,0.0283,3
21.5,cast_f32_bf16,cast_quant,9.7732,18
21.5,fa_dc90_fwd_d128,attention,3.2821,3
21.5,fill_f,layout_copy,3.1699,6
21.5,fvf_h3_gate_res_norm_mod,norm_elementwise,2.2686,2
21.5,fvf_split_heads_rows,layout_copy,3.6954,6
21.5,h3_qk_norm_rope,norm_elementwise,18.072,6
21.5,h3_res_gate_norm_mod,norm_elementwise,3.7845,3
21.5,index_select_rows,layout_copy,0.0455,3
21.5,memcpy HtoD,copies_memset,0.0142,3
21.5,memset,copies_memset,0.0353,39
21.5,mx_binary,norm_elementwise,0.128,6
21.5,mx_merge_heads,layout_copy,5.547,3
21.5,mx_swiglu,norm_elementwise,9.4797,3
21.5,nvjet_sm90_qqtst_128x160_128x5_2x1_v_bz_coopA_algo2_TNT,gemm,52.522,15
21.5,nvjet_sm90_tst_256x160_64x4_1x2_h_bz_coopA_TNT,gemm,7.0086,2
21.5,sm80_xmma_gemm_f32f32_f32f32_f32_nn_n_tilesize64x64x8_stage3_warpsize1x4x1_ffma_aligna4_alignc4_execute_kernel__5x_cublas,gemm,0.5471,3
21.5,sm80_xmma_gemm_f32f32_f32f32_f32_tn_n_tilesize64x64x8_stage3_warpsize1x4x1_ffma_aligna4_alignc4_execute_kernel__5x_cublas,gemm,0.6359,3
21.5,softmax_last,attention,0.6113,3
21.5,vsa_combine,attention,7.2359,3
21.5,vsa_mma_attn_tma2,attention,76.002,3
21.5,vsa_tile_mean,attention,3.613,9
21.5,vsa_tile_qkv,attention,15.4092,9
21.5,vsa_topk2,attention,0.9965,3
21.5,w8a8_quantize,cast_quant,21.0413,11
21.75,amax_abs_mixed,cast_quant,2.432,11
21.75,bcast_binary,norm_elementwise,0.369,3
21.75,block_copy,layout_copy,0.1419,9
21.75,cast_bf16_f32_bias_act,cast_quant,0.0286,3
21.75,cast_f32_bf16,cast_quant,9.8172,18
21.75,fa_dc90_fwd_d128,attention,3.2946,3
21.75,fill_f,layout_copy,3.3283,6
21.75,fvf_h3_gate_res_norm_mod,norm_elementwise,3.4556,3
21.75,fvf_split_heads_rows,layout_copy,3.7041,6
21.75,h3_qk_norm_rope,norm_elementwise,18.536,6
21.75,h3_res_gate_norm_mod,norm_elementwise,3.7905,3
21.75,index_select_rows,layout_copy,0.046,3
21.75,memcpy HtoD,copies_memset,0.014,3
21.75,memset,copies_memset,0.0389,42
21.75,mx_binary,norm_elementwise,0.1295,6
21.75,mx_merge_heads,layout_copy,5.6076,3
21.75,mx_swiglu,norm_elementwise,6.2978,2
21.75,nvjet_sm90_qqtst_128x160_128x5_2x1_v_bz_coopA_algo2_TNT,gemm,54.4642,17
21.75,nvjet_sm90_tst_256x160_64x4_1x2_h_bz_coopA_TNT,gemm,10.5399,3
21.75,sm80_xmma_gemm_f32f32_f32f32_f32_nn_n_tilesize64x64x8_stage3_warpsize1x4x1_ffma_aligna4_alignc4_execute_kernel__5x_cublas,gemm,0.5737,3
21.75,sm80_xmma_gemm_f32f32_f32f32_f32_tn_n_tilesize64x64x8_stage3_warpsize1x4x1_ffma_aligna4_alignc4_execute_kernel__5x_cublas,gemm,0.6704,3
21.75,softmax_last,attention,0.6278,3
21.75,vsa_combine,attention,7.2859,3
21.75,vsa_mma_attn_tma2,attention,78.0362,3
21.75,vsa_tile_mean,attention,3.657,9
21.75,vsa_tile_qkv,attention,15.8382,9
21.75,vsa_topk2,attention,1.0482,3
21.75,w8a8_quantize,cast_quant,19.0316,11
22.0,amax_abs_mixed,cast_quant,2.4659,10
22.0,bcast_binary,norm_elementwise,0.3645,3
22.0,block_copy,layout_copy,0.1401,9
22.0,cast_bf16_f32_bias_act,cast_quant,0.0283,3
22.0,cast_f32_bf16,cast_quant,9.7494,18
22.0,fa_dc90_fwd_d128,attention,3.2674,3
22.0,fill_f,layout_copy,3.2824,6
22.0,fvf_h3_gate_res_norm_mod,norm_elementwise,3.4012,3
22.0,fvf_split_heads_rows,layout_copy,3.7083,6
22.0,h3_qk_norm_rope,norm_elementwise,18.4253,6
22.0,h3_res_gate_norm_mod,norm_elementwise,2.503,2
22.0,index_select_rows,layout_copy,0.0461,3
22.0,memcpy HtoD,copies_memset,0.0125,3
22.0,memset,copies_memset,0.035,39
22.0,mx_binary,norm_elementwise,0.128,6
22.0,mx_merge_heads,layout_copy,5.5228,3
22.0,mx_swiglu,norm_elementwise,9.4681,3
22.0,nvjet_sm90_qqtst_128x160_128x5_2x1_v_bz_coopA_algo2_TNT,gemm,48.8889,16
22.0,nvjet_sm90_tst_256x160_64x4_1x2_h_bz_coopA_TNT,gemm,10.5433,3
22.0,sm80_xmma_gemm_f32f32_f32f32_f32_nn_n_tilesize64x64x8_stage3_warpsize1x4x1_ffma_aligna4_alignc4_execute_kernel__5x_cublas,gemm,0.5645,3
22.0,sm80_xmma_gemm_f32f32_f32f32_f32_tn_n_tilesize64x64x8_stage3_warpsize1x4x1_ffma_aligna4_alignc4_execute_kernel__5x_cublas,gemm,0.6588,3
22.0,softmax_last,attention,0.6225,3
22.0,vsa_combine,attention,7.2489,3
22.0,vsa_mma_attn_tma2,attention,76.3762,3
22.0,vsa_tile_mean,attention,3.6453,9
22.0,vsa_tile_qkv,attention,15.6997,9
22.0,vsa_topk2,attention,1.0316,3
22.0,w8a8_quantize,cast_quant,19.282,10
22.25,amax_abs_mixed,cast_quant,2.8395,12
22.25,bcast_binary,norm_elementwise,0.3609,3
22.25,block_copy,layout_copy,0.0926,6
22.25,cast_bf16_f32_bias_act,cast_quant,0.0187,2
22.25,cast_f32_bf16,cast_quant,6.4837,12
22.25,fa_dc90_fwd_d128,attention,2.15,2
22.25,fill_f,layout_copy,3.2272,6
22.25,fvf_h3_gate_res_norm_mod,norm_elementwise,3.4254,3
22.25,fvf_split_heads_rows,layout_copy,3.7004,6
22.25,h3_qk_norm_rope,norm_elementwise,17.9768,6
22.25,h3_res_gate_norm_mod,norm_elementwise,3.7705,3
22.25,index_select_rows,layout_copy,0.0302,2
22.25,memcpy HtoD,copies_memset,0.0084,2
22.25,memset,copies_memset,0.04,45
22.25,mx_binary,norm_elementwise,0.0844,4
22.25,mx_merge_heads,layout_copy,3.6599,2
22.25,mx_swiglu,norm_elementwise,9.4318,3
22.25,nvjet_sm90_qqtst_128x160_128x5_2x1_v_bz_coopA_algo2_TNT,gemm,58.3586,18
22.25,nvjet_sm90_tst_256x160_64x4_1x2_h_bz_coopA_TNT,gemm,10.5403,3
22.25,sm80_xmma_gemm_f32f32_f32f32_f32_nn_n_tilesize64x64x8_stage3_warpsize1x4x1_ffma_aligna4_alignc4_execute_kernel__5x_cublas,gemm,0.5548,3
22.25,sm80_xmma_gemm_f32f32_f32f32_f32_tn_n_tilesize64x64x8_stage3_warpsize1x4x1_ffma_aligna4_alignc4_execute_kernel__5x_cublas,gemm,0.6475,3
22.25,softmax_last,attention,0.6178,3
22.25,vsa_combine,attention,4.7871,2
22.25,vsa_mma_attn_tma2,attention,76.6887,3
22.25,vsa_tile_mean,attention,3.6306,9
22.25,vsa_tile_qkv,attention,15.554,9
22.25,vsa_topk2,attention,1.0132,3
22.25,w8a8_quantize,cast_quant,22.1719,12
22.5,amax_abs_mixed,cast_quant,2.8403,12
22.5,bcast_binary,norm_elementwise,0.3636,3
22.5,block_copy,layout_copy,0.1407,9
22.5,cast_bf16_f32_bias_act,cast_quant,0.0284,3
22.5,cast_f32_bf16,cast_quant,9.8066,18
22.5,fa_dc90_fwd_d128,attention,3.2718,3
22.5,fill_f,layout_copy,3.2718,6
22.5,fvf_h3_gate_res_norm_mod,norm_elementwise,3.4451,3
22.5,fvf_split_heads_rows,layout_copy,3.6964,6
22.5,h3_qk_norm_rope,norm_elementwise,18.2936,6
22.5,h3_res_gate_norm_mod,norm_elementwise,3.8091,3
22.5,index_select_rows,layout_copy,0.0458,3
22.5,memcpy HtoD,copies_memset,0.0125,3
22.5,memset,copies_memset,0.042,45
22.5,mx_binary,norm_elementwise,0.1285,6
22.5,mx_merge_heads,layout_copy,5.5835,3
22.5,mx_swiglu,norm_elementwise,9.5043,3
22.5,nvjet_sm90_qqtst_128x160_128x5_2x1_v_bz_coopA_algo2_TNT,gemm,58.8635,18
22.5,nvjet_sm90_tst_256x160_64x4_1x2_h_bz_coopA_TNT,gemm,10.5621,3
22.5,sm80_xmma_gemm_f32f32_f32f32_f32_nn_n_tilesize64x64x8_stage3_warpsize1x4x1_ffma_aligna4_alignc4_execute_kernel__5x_cublas,gemm,0.563,3
22.5,sm80_xmma_gemm_f32f32_f32f32_f32_tn_n_tilesize64x64x8_stage3_warpsize1x4x1_ffma_aligna4_alignc4_execute_kernel__5x_cublas,gemm,0.6348,3
22.5,softmax_last,attention,0.6159,3
22.5,vsa_combine,attention,7.3085,3
22.5,vsa_mma_attn_tma2,attention,76.3487,3
22.5,vsa_tile_mean,attention,3.6066,9
22.5,vsa_tile_qkv,attention,15.6939,9
22.5,vsa_topk2,attention,1.0293,3
22.5,w8a8_quantize,cast_quant,22.4825,12
22.75,add_bias_inplace,norm_elementwise,1.4701,135
22.75,amax_abs_mixed,cast_quant,0.7824,3
22.75,bcast_binary,norm_elementwise,0.122,11
22.75,block_copy,layout_copy,3.3989,165
22.75,cast_bf16_f32_bias_act,cast_quant,0.9924,7
22.75,cast_f32_bf16,cast_quant,4.0772,14
22.75,clamp_f,norm_elementwise,0.0021,1
22.75,elem_add,norm_elementwise,0.9141,77
22.75,fa_dc90_fwd_d128,attention,1.0674,1
22.75,flash_mma_fwd2_d64,attention,17.1153,23
22.75,gather_nd,layout_copy,0.2258,3
22.75,h3_gate_residual,norm_elementwise,1.3948,1
22.75,h3_res_gate_norm_mod,norm_elementwise,1.2605,1
22.75,h3v_merge_heads_bf16,layout_copy,2.9768,23
22.75,h3v_qkv_heads_bf16,layout_copy,14.2595,24
22.75,h3v_residual_norm_bf16,norm_elementwise,6.2067,47
22.75,h3v_swiglu_bf16,norm_elementwise,9.9531,23
22.75,index_select_rows,layout_copy,0.015,1
22.75,lincomb3,norm_elementwise,0.0432,4
22.75,memcpy DtoH,copies_memset,0.0314,1
22.75,memcpy HtoD,copies_memset,0.0229,3
22.75,memset,copies_memset,0.1344,134
22.75,mul_scalar,norm_elementwise,2.2288,127
22.75,mx_binary,norm_elementwise,2.4449,6
22.75,mx_block_copy,layout_copy,1.0123,2
22.75,mx_merge_heads,layout_copy,1.8307,1
22.75,mx_rms_norm,norm_elementwise,0.618,2
22.75,mx_swiglu,norm_elementwise,3.1645,1
22.75,nvjet_sm90_qqtst_128x160_128x5_2x1_v_bz_coopA_algo2_TNT,gemm,13.8043,3
22.75,nvjet_sm90_tst_128x256_64x4_2x1_v_bz_coopA_TNN,gemm,0.0238,1
22.75,nvjet_sm90_tst_192x192_64x4_2x1_v_bz_coopB_TNN,gemm,9.5646,24
22.75,nvjet_sm90_tst_192x208_64x4_2x1_v_bz_coopB_TNT,gemm,24.367,23
22.75,nvjet_sm90_tst_256x160_64x4_2x1_v_bz_coopA_TNT,gemm,15.2259,46
22.75,nvjet_sm90_tst_32x128_64x10_1x4_h_bz_TNN,gemm,0.0034,1
22.75,nvjet_sm90_tst_32x64_64x16_1x4_h_bz_splitK_TNN,gemm,0.0053,1
22.75,nvjet_sm90_tst_96x384_64x3_1x4_h_bz_coopA_TNN,gemm,0.1525,1
22.75,pad_axis,layout_copy,6.9678,254
22.75,sm80_xmma_dgrad_implicit_gemm_f32f32_f32f32_f32_nchwkcrs_nchw_tilesize32x32x8_stage3_warpsize1x2x1_g1_ffma_aligna4_alignc4_execute_kernel__5x_cudnn,vae_conv,0.1886,2
22.75,sm80_xmma_dgrad_implicit_gemm_tf32f32_tf32f32_f32_nhwckrsc_nhwc_tilesize256x64x32_stage3_warpsize4x2x1_g1_tensor16x8x8_execute_kernel__5x_cudnn,vae_conv,0.217,1
22.75,sm80_xmma_fprop_implicit_gemm_f32f32_f32f32_f32_nchwkcrs_nchw_tilesize64x32x8_stage3_warpsize1x2x1_g1_ffma_aligna4_alignc4_execute_kernel__5x_cudnn,vae_conv,1.8893,36
22.75,sm80_xmma_fprop_implicit_gemm_indexed_wo_smem_tf32f32_tf32f32_f32_nhwckrsc_nhwc_tilesize128x16x64_stage1_warpsize4x1x1_g1_tensor16x8x8_alignc4_execute_kernel__5…,vae_conv,0.0157,1
22.75,sm80_xmma_fprop_implicit_gemm_tf32f32_tf32f32_f32_nhwckrsc_nchw_tilesize128x128x16_stage4_warpsize2x2x1_g1_tensor16x8x8_alignc4_execute_kernel__5x_cudnn,vae_conv,0.9125,16
22.75,sm80_xmma_fprop_implicit_gemm_tf32f32_tf32f32_f32_nhwckrsc_nchw_tilesize256x64x32_stage3_warpsize4x2x1_g1_tensor16x8x8_execute_kernel__5x_cudnn,vae_conv,0.7722,23
22.75,sm80_xmma_gemm_f32f32_f32f32_f32_nn_n_tilesize32x32x8_stage3_warpsize1x2x1_ffma_aligna4_alignc4_execute_kernel__5x_cublas,gemm,0.0082,1
22.75,sm90_xmma_dgrad_implicit_gemm_indexed_f32f32_tf32f32_f32_nhwckrsc_nhwc_tilesize128x128x32_warpgroupsize1x1x1_g1_strided_execute_kernel__5x_cudnn,vae_conv,0.0218,1
22.75,sm90_xmma_dgrad_implicit_gemm_indexed_f32f32_tf32f32_f32_nhwckrsc_nhwc_tilesize128x64x32_warpgroupsize1x1x1_g1_strided_execute_kernel__5x_cudnn,vae_conv,0.0171,1
22.75,sm90_xmma_dgrad_implicit_gemm_indexed_f32f32_tf32f32_f32_nhwckrsc_nhwc_tilesize256x64x32_warpgroupsize1x1x1_g1_strided_execute_kernel__5x_cudnn,vae_conv,0.0538,2
22.75,sm90_xmma_fprop_implicit_gemm_f32f32_tf32f32_f32_nhwckrsc_nhwc_tilesize128x128x32_warpgroupsize1x1x1_g1_execute_segment_k_off_kernel__5x_cudnn,vae_conv,0.3296,12
22.75,sm90_xmma_fprop_implicit_gemm_f32f32_tf32f32_f32_nhwckrsc_nhwc_tilesize128x32x32_warpgroupsize1x1x1_g1_execute_segment_k_off_kernel__5x_cudnn,vae_conv,0.3868,13
22.75,sm90_xmma_fprop_implicit_gemm_f32f32_tf32f32_f32_nhwckrsc_nhwc_tilesize256x128x32_warpgroupsize2x1x1_g1_execute_segment_k_off_kernel__5x_cudnn,vae_conv,0.043,1
22.75,sm90_xmma_fprop_implicit_gemm_f32f32_tf32f32_f32_nhwckrsc_nhwc_tilesize256x128x32_warpgroupsize2x1x1_g1_execute_segment_k_on_kernel__5x_cudnn,vae_conv,0.0628,1
22.75,sm90_xmma_fprop_implicit_gemm_f32f32_tf32f32_f32_nhwckrsc_nhwc_tilesize64x128x32_warpgroupsize1x1x1_g1_execute_segment_k_off_kernel__5x_cudnn,vae_conv,0.5141,14
22.75,sm90_xmma_fprop_implicit_gemm_f32f32_tf32f32_f32_nhwckrsc_nhwc_tilesize64x128x32_warpgroupsize1x1x1_g1_execute_segment_k_on_kernel__5x_cudnn,vae_conv,0.4341,11
22.75,snake_beta,vae_conv,3.8685,127
22.75,cask_plugin__5x_cudnn::xmma__5x_cudnn::init_device_workspace_kernel<xmma__5x_cudnn::implicit_gemm::fprop::Warp_specialized_params_non_template<xmma__5x_cudnn::G…,vae_conv,0.0437,12
22.75,"cublasLt::splitKreduce_kernel<(int)32, (int)16, int, float, __nv_bfloat16, float, __nv_bfloat16, (bool)0, float, __nv_bfloat16, __nv_bfloat16, (bool)1, (bool)0,…",gemm,0.0018,1
22.75,"cudnn::cnn::conv2d_grouped_direct_kernel<(bool)0, (bool)1, (bool)0, (bool)0, (bool)0, (bool)0, (int)1, (int)0, int, float, float, float, float, float, float>(cu…",vae_conv,3.885,127
22.75,"cudnn::cnn::dgrad2d_grouped_direct_kernel<float, int, float, float, (bool)0, (bool)1, (int)1, (int)0>(cudnn::cnn::DgradGroupedDirectParams, const T1 *, const T1…",vae_conv,8.6634,90
22.75,"cudnn::detail::dgrad_engine<float, (int)512, (int)6, (int)5, (int)3, (int)3, (int)3, (bool)0>(int, int, int, const T1 *, int, const T1 *, int, T1 *, kernel_grad…",vae_conv,14.3282,440
22.75,"cudnn::engines_precompiled::nchwToNhwcKernel<float, float, float, (bool)0, (bool)1, (cudnnKernelDataType_t)0>(cudnn::engines_precompiled::nchw2nhwc_params_t<T3>…",vae_conv,0.8265,112
22.75,"cudnn::engines_precompiled::nchwToNhwcKernel<float, float, float, (bool)0, (bool)1, (cudnnKernelDataType_t)2>(cudnn::engines_precompiled::nchw2nhwc_params_t<T3>…",vae_conv,0.4106,82
22.75,"cudnn::engines_precompiled::nhwcToNchwKernel<float, float, float, (bool)1, (bool)0, (cudnnKernelDataType_t)0>(cudnn::engines_precompiled::nhwc2nchw_params_t<T3>…",vae_conv,0.351,57
22.75,"cudnn::engines_precompiled::scaleTensor_kernel<float, float, (int)16, (int)16>(cudnnTensor4dStruct, T1 *, T2)",vae_conv,32.0198,440
22.75,vsa_combine,attention,2.3949,1
22.75,w8a8_quantize,cast_quant,6.1774,3
23.0,block_copy,layout_copy,1.0555,76
23.0,cast_bf16_f32_bias_act,cast_quant,0.6187,6
23.0,cast_f32_bf16,cast_quant,0.2221,6
23.0,flash_mma_fwd2_d64,attention,42.8067,55
23.0,gather_nd,layout_copy,4.8733,28
23.0,h3v_merge_heads_bf16,layout_copy,7.3396,55
23.0,h3v_qkv_heads_bf16,layout_copy,33.4629,55
23.0,h3v_residual_norm_bf16,norm_elementwise,14.8717,112
23.0,h3v_swiglu_bf16,norm_elementwise,24.2461,55
23.0,layer_norm_last,norm_elementwise,0.1779,2
23.0,memcpy HtoD,copies_memset,0.037,4
23.0,memset,copies_memset,0.2052,224
23.0,nvjet_sm90_tst_128x256_64x4_2x1_v_bz_coopA_TNN,gemm,0.0493,2
23.0,nvjet_sm90_tst_192x192_64x4_2x1_v_bz_coopB_TNN,gemm,22.4567,57
23.0,nvjet_sm90_tst_192x208_64x4_2x1_v_bz_coopB_TNT,gemm,58.4271,55
23.0,nvjet_sm90_tst_256x160_64x4_2x1_v_bz_coopA_TNT,gemm,36.6516,110
23.0,nvjet_sm90_tst_32x128_64x10_1x4_h_bz_TNN,gemm,0.0071,2
23.25,block_copy,layout_copy,0.5302,38
23.25,cast_bf16_f32_bias_act,cast_quant,0.3111,3
23.25,cast_f32_bf16,cast_quant,0.1115,3
23.25,flash_mma_fwd2_d64,attention,43.6435,56
23.25,gather_nd,layout_copy,2.4574,14
23.25,h3v_merge_heads_bf16,layout_copy,7.4788,56
23.25,h3v_qkv_heads_bf16,layout_copy,34.076,56
23.25,h3v_residual_norm_bf16,norm_elementwise,15.095,113
23.25,h3v_swiglu_bf16,norm_elementwise,24.6791,56
23.25,layer_norm_last,norm_elementwise,0.0886,1
23.25,memcpy HtoD,copies_memset,0.0185,2
23.25,memset,copies_memset,0.206,226
23.25,nvjet_sm90_tst_128x256_64x4_2x1_v_bz_coopA_TNN,gemm,0.025,1
23.25,nvjet_sm90_tst_192x192_64x4_2x1_v_bz_coopB_TNN,gemm,22.6726,57
23.25,nvjet_sm90_tst_192x208_64x4_2x1_v_bz_coopB_TNT,gemm,59.513,56
23.25,nvjet_sm90_tst_256x160_64x4_2x1_v_bz_coopA_TNT,gemm,37.3511,112
23.25,nvjet_sm90_tst_32x128_64x10_1x4_h_bz_TNN,gemm,0.0035,1
23.5,bcast_binary,norm_elementwise,1.3121,92
23.5,block_copy,layout_copy,6.4092,381
23.5,cast_bf16_f32_bias_act,cast_quant,0.6203,6
23.5,cast_f32_bf16,cast_quant,0.2217,6
23.5,clamp_f,norm_elementwise,0.2279,1
23.5,elem_add,norm_elementwise,0.2804,45
23.5,flash_mma_fwd2_d64,attention,41.0647,53
23.5,gather_nd,layout_copy,6.367,29
23.5,h3v_merge_heads_bf16,layout_copy,7.055,53
23.5,h3v_qkv_heads_bf16,layout_copy,31.5728,52
23.5,h3v_residual_norm_bf16,norm_elementwise,14.1972,107
23.5,h3v_swiglu_bf16,norm_elementwise,23.3317,53
23.5,layer_norm_last,norm_elementwise,0.1766,2
23.5,memcpy DtoH,copies_memset,27.8637,1
23.5,memcpy HtoD,copies_memset,0.1342,96
23.5,memset,copies_memset,0.2067,215
23.5,nvjet_sm90_tst_128x256_64x4_2x1_v_bz_coopA_TNN,gemm,0.0465,2
23.5,nvjet_sm90_tst_192x192_64x4_2x1_v_bz_coopB_TNN,gemm,21.2566,54
23.5,nvjet_sm90_tst_192x208_64x4_2x1_v_bz_coopB_TNT,gemm,56.3226,53
23.5,nvjet_sm90_tst_256x160_64x4_2x1_v_bz_coopA_TNT,gemm,35.3023,106
23.5,nvjet_sm90_tst_32x128_64x10_1x4_h_bz_TNN,gemm,0.0071,2
23.5,pack_rgb_u8,layout_copy,0.1152,1
23.75,block_copy,layout_copy,0.5436,38
23.75,cast_bf16_f32_bias_act,cast_quant,0.3208,3
23.75,cast_f32_bf16,cast_quant,0.1142,3
23.75,flash_mma_fwd2_d64,attention,44.3488,54
23.75,gather_nd,layout_copy,2.5648,14
23.75,h3v_merge_heads_bf16,layout_copy,7.5725,54
23.75,h3v_qkv_heads_bf16,layout_copy,34.3056,54
23.75,h3v_residual_norm_bf16,norm_elementwise,14.8277,109
23.75,h3v_swiglu_bf16,norm_elementwise,24.2025,53
23.75,layer_norm_last,norm_elementwise,0.092,1
23.75,memcpy HtoD,copies_memset,0.0181,2
23.75,memset,copies_memset,0.1925,217
23.75,nvjet_sm90_tst_128x256_64x4_2x1_v_bz_coopA_TNN,gemm,0.0232,1
23.75,nvjet_sm90_tst_192x192_64x4_2x1_v_bz_coopB_TNN,gemm,22.7681,55
23.75,nvjet_sm90_tst_192x208_64x4_2x1_v_bz_coopB_TNT,gemm,60.0913,54
23.75,nvjet_sm90_tst_256x160_64x4_2x1_v_bz_coopA_TNT,gemm,36.9505,107
23.75,nvjet_sm90_tst_32x128_64x10_1x4_h_bz_TNN,gemm,0.0036,1
24.0,bcast_binary,norm_elementwise,1.4681,94
24.0,block_copy,layout_copy,6.7411,353
24.0,cast_bf16_f32_bias_act,cast_quant,0.4965,4
24.0,cast_f32_bf16,cast_quant,0.2196,4
24.0,clamp_f,norm_elementwise,0.2251,1
24.0,elem_add,norm_elementwise,0.3621,46
24.0,flash_mma_fwd2_d64,attention,36.9546,47
24.0,gather_nd,layout_copy,6.3971,29
24.0,h3v_merge_heads_bf16,layout_copy,6.3417,47
24.0,h3v_qkv_heads_bf16,layout_copy,28.883,47
24.0,h3v_residual_norm_bf16,norm_elementwise,12.8219,96
24.0,h3v_swiglu_bf16,norm_elementwise,21.3462,48
24.0,layer_norm_last,norm_elementwise,0.1797,2
24.0,memcpy DtoH,copies_memset,26.4995,1
24.0,memcpy HtoD,copies_memset,0.121,96
24.0,memset,copies_memset,0.1786,192
24.0,nvjet_sm90_tst_128x256_64x4_2x1_v_bz_coopA_TNN,gemm,0.0245,1
24.0,nvjet_sm90_tst_192x192_64x4_2x1_v_bz_coopB_TNN,gemm,19.3826,49
24.0,nvjet_sm90_tst_192x208_64x4_2x1_v_bz_coopB_TNT,gemm,50.2908,47
24.0,nvjet_sm90_tst_256x160_64x4_2x1_v_bz_coopA_TNT,gemm,32.0255,95
24.0,nvjet_sm90_tst_32x128_64x10_1x4_h_bz_TNN,gemm,0.0036,1
24.0,pack_rgb_u8,layout_copy,0.1145,1
24.25,block_copy,layout_copy,0.257,32
24.25,cast_bf16_f32_bias_act,cast_quant,0.1217,2
24.25,cast_f32_bf16,cast_quant,0.0041,2
24.25,flash_mma_fwd2_d64,attention,23.7634,32
24.25,h3v_merge_heads_bf16,layout_copy,4.122,32
24.25,h3v_qkv_heads_bf16,layout_copy,19.5212,33
24.25,h3v_residual_norm_bf16,norm_elementwise,8.5923,65
24.25,h3v_swiglu_bf16,norm_elementwise,13.7798,32
24.25,memcpy HtoD,copies_memset,0.0194,2
24.25,memset,copies_memset,0.1179,130
24.25,nvjet_sm90_tst_128x256_64x4_2x1_v_bz_coopA_TNN,gemm,0.027,1
24.25,nvjet_sm90_tst_192x192_64x4_2x1_v_bz_coopB_TNN,gemm,13.1321,33
24.25,nvjet_sm90_tst_192x208_64x4_2x1_v_bz_coopB_TNT,gemm,33.865,32
24.25,nvjet_sm90_tst_256x160_64x4_2x1_v_bz_coopA_TNT,gemm,21.1308,64
24.25,nvjet_sm90_tst_32x128_64x10_1x4_h_bz_TNN,gemm,0.0034,1
24.5,block_copy,layout_copy,1.0564,76
24.5,cast_bf16_f32_bias_act,cast_quant,0.6178,6
24.5,cast_f32_bf16,cast_quant,0.2216,6
24.5,flash_mma_fwd2_d64,attention,43.4825,56
24.5,gather_nd,layout_copy,4.8727,28
24.5,h3v_merge_heads_bf16,layout_copy,7.3231,55
24.5,h3v_qkv_heads_bf16,layout_copy,33.4123,55
24.5,h3v_residual_norm_bf16,norm_elementwise,14.8758,112
24.5,h3v_swiglu_bf16,norm_elementwise,24.2024,55
24.5,layer_norm_last,norm_elementwise,0.1757,2
24.5,memcpy HtoD,copies_memset,0.0349,4
24.5,memset,copies_memset,0.202,224
24.5,nvjet_sm90_tst_128x256_64x4_2x1_v_bz_coopA_TNN,gemm,0.0485,2
24.5,nvjet_sm90_tst_192x192_64x4_2x1_v_bz_coopB_TNN,gemm,22.4147,57
24.5,nvjet_sm90_tst_192x208_64x4_2x1_v_bz_coopB_TNT,gemm,58.3333,55
24.5,nvjet_sm90_tst_256x160_64x4_2x1_v_bz_coopA_TNT,gemm,36.5588,110
24.5,nvjet_sm90_tst_32x128_64x10_1x4_h_bz_TNN,gemm,0.0071,2
24.75,block_copy,layout_copy,0.5308,38
24.75,cast_bf16_f32_bias_act,cast_quant,0.3117,3
24.75,cast_f32_bf16,cast_quant,0.1119,3
24.75,flash_mma_fwd2_d64,attention,43.6312,56
24.75,gather_nd,layout_copy,2.4583,14
24.75,h3v_merge_heads_bf16,layout_copy,7.4793,56
24.75,h3v_qkv_heads_bf16,layout_copy,34.0979,56
24.75,h3v_residual_norm_bf16,norm_elementwise,15.097,113
24.75,h3v_swiglu_bf16,norm_elementwise,24.6975,56
24.75,layer_norm_last,norm_elementwise,0.0896,1
24.75,memcpy HtoD,copies_memset,0.0173,2
24.75,memset,copies_memset,0.2038,226
24.75,nvjet_sm90_tst_128x256_64x4_2x1_v_bz_coopA_TNN,gemm,0.024,1
24.75,nvjet_sm90_tst_192x192_64x4_2x1_v_bz_coopB_TNN,gemm,22.6584,57
24.75,nvjet_sm90_tst_192x208_64x4_2x1_v_bz_coopB_TNT,gemm,59.4787,56
24.75,nvjet_sm90_tst_256x160_64x4_2x1_v_bz_coopA_TNT,gemm,37.296,112
24.75,nvjet_sm90_tst_32x128_64x10_1x4_h_bz_TNN,gemm,0.0035,1
25.0,bcast_binary,norm_elementwise,1.462,94
25.0,block_copy,layout_copy,6.9636,385
25.0,cast_bf16_f32_bias_act,cast_quant,0.6205,6
25.0,cast_f32_bf16,cast_quant,0.2218,6
25.0,clamp_f,norm_elementwise,0.2276,1
25.0,elem_add,norm_elementwise,0.357,46
25.0,flash_mma_fwd2_d64,attention,40.8487,52
25.0,gather_nd,layout_copy,6.3688,29
25.0,h3v_merge_heads_bf16,layout_copy,7.0118,52
25.0,h3v_qkv_heads_bf16,layout_copy,31.9755,52
25.0,h3v_residual_norm_bf16,norm_elementwise,14.111,106
25.0,h3v_swiglu_bf16,norm_elementwise,23.0985,52
25.0,layer_norm_last,norm_elementwise,0.1772,2
25.0,memcpy DtoH,copies_memset,26.5749,1
25.0,memcpy HtoD,copies_memset,0.1402,98
25.0,memset,copies_memset,0.1939,212
25.0,nvjet_sm90_tst_128x256_64x4_2x1_v_bz_coopA_TNN,gemm,0.0482,2
25.0,nvjet_sm90_tst_192x192_64x4_2x1_v_bz_coopB_TNN,gemm,21.4876,54
25.0,nvjet_sm90_tst_192x208_64x4_2x1_v_bz_coopB_TNT,gemm,55.9512,52
25.0,nvjet_sm90_tst_256x160_64x4_2x1_v_bz_coopA_TNT,gemm,35.033,104
25.0,nvjet_sm90_tst_32x128_64x10_1x4_h_bz_TNN,gemm,0.0071,2
25.0,pack_rgb_u8,layout_copy,0.1151,1
25.25,block_copy,layout_copy,0.5399,38
25.25,cast_bf16_f32_bias_act,cast_quant,0.3169,3
25.25,cast_f32_bf16,cast_quant,0.113,3
25.25,flash_mma_fwd2_d64,attention,43.6209,53
25.25,gather_nd,layout_copy,2.5185,14
25.25,h3v_merge_heads_bf16,layout_copy,7.5859,54
25.25,h3v_qkv_heads_bf16,layout_copy,33.7452,53
25.25,h3v_residual_norm_bf16,norm_elementwise,14.6569,108
25.25,h3v_swiglu_bf16,norm_elementwise,24.6752,54
25.25,layer_norm_last,norm_elementwise,0.0911,1
25.25,memcpy HtoD,copies_memset,0.0182,2
25.25,memset,copies_memset,0.1937,217
25.25,nvjet_sm90_tst_128x256_64x4_2x1_v_bz_coopA_TNN,gemm,0.0238,1
25.25,nvjet_sm90_tst_192x192_64x4_2x1_v_bz_coopB_TNN,gemm,22.4469,54
25.25,nvjet_sm90_tst_192x208_64x4_2x1_v_bz_coopB_TNT,gemm,60.2586,54
25.25,nvjet_sm90_tst_256x160_64x4_2x1_v_bz_coopA_TNT,gemm,37.6383,108
25.25,nvjet_sm90_tst_32x128_64x10_1x4_h_bz_TNN,gemm,0.0036,1
25.5,bcast_binary,norm_elementwise,1.4805,94
25.5,block_copy,layout_copy,7.0106,385
25.5,cast_bf16_f32_bias_act,cast_quant,0.6266,6
25.5,cast_f32_bf16,cast_quant,0.2232,6
25.5,clamp_f,norm_elementwise,0.2285,1
25.5,elem_add,norm_elementwise,0.3568,46
25.5,flash_mma_fwd2_d64,attention,41.3289,53
25.5,gather_nd,layout_copy,6.4443,29
25.5,h3v_merge_heads_bf16,layout_copy,6.9729,52
25.5,h3v_qkv_heads_bf16,layout_copy,32.4027,53
25.5,h3v_residual_norm_bf16,norm_elementwise,14.2263,107
25.5,h3v_swiglu_bf16,norm_elementwise,23.0037,52
25.5,layer_norm_last,norm_elementwise,0.1789,2
25.5,memcpy DtoH,copies_memset,26.1096,1
25.5,memcpy HtoD,copies_memset,0.1405,98
25.5,memset,copies_memset,0.2108,213
25.5,nvjet_sm90_tst_128x256_64x4_2x1_v_bz_coopA_TNN,gemm,0.0452,2
25.5,nvjet_sm90_tst_192x192_64x4_2x1_v_bz_coopB_TNN,gemm,21.7409,55
25.5,nvjet_sm90_tst_192x208_64x4_2x1_v_bz_coopB_TNT,gemm,55.4652,52
25.5,nvjet_sm90_tst_256x160_64x4_2x1_v_bz_coopA_TNT,gemm,34.7211,104
25.5,nvjet_sm90_tst_32x128_64x10_1x4_h_bz_TNN,gemm,0.0072,2
25.5,pack_rgb_u8,layout_copy,0.1159,1
25.75,block_copy,layout_copy,0.5255,38
25.75,cast_bf16_f32_bias_act,cast_quant,0.3078,3
25.75,cast_f32_bf16,cast_quant,0.1108,3
25.75,flash_mma_fwd2_d64,attention,43.3231,56
25.75,gather_nd,layout_copy,2.4274,14
25.75,h3v_merge_heads_bf16,layout_copy,7.4477,56
25.75,h3v_qkv_heads_bf16,layout_copy,33.9802,56
25.75,h3v_residual_norm_bf16,norm_elementwise,15.078,113
25.75,h3v_swiglu_bf16,norm_elementwise,24.6405,56
25.75,layer_norm_last,norm_elementwise,0.0886,1
25.75,memcpy HtoD,copies_memset,0.0184,2
25.75,memset,copies_memset,0.2115,226
25.75,nvjet_sm90_tst_128x256_64x4_2x1_v_bz_coopA_TNN,gemm,0.0223,1
25.75,nvjet_sm90_tst_192x192_64x4_2x1_v_bz_coopB_TNN,gemm,22.643,57
25.75,nvjet_sm90_tst_192x208_64x4_2x1_v_bz_coopB_TNT,gemm,59.5143,56
25.75,nvjet_sm90_tst_256x160_64x4_2x1_v_bz_coopA_TNT,gemm,37.3035,112
25.75,nvjet_sm90_tst_32x128_64x10_1x4_h_bz_TNN,gemm,0.0035,1
26.0,block_copy,layout_copy,1.0643,76
26.0,cast_bf16_f32_bias_act,cast_quant,0.6248,6
26.0,cast_f32_bf16,cast_quant,0.2235,6
26.0,flash_mma_fwd2_d64,attention,42.6612,54
26.0,gather_nd,layout_copy,4.9347,28
26.0,h3v_merge_heads_bf16,layout_copy,7.4584,55
26.0,h3v_qkv_heads_bf16,layout_copy,33.3479,54
26.0,h3v_residual_norm_bf16,norm_elementwise,14.8056,111
26.0,h3v_swiglu_bf16,norm_elementwise,24.0715,54
26.0,layer_norm_last,norm_elementwise,0.1783,2
26.0,memcpy HtoD,copies_memset,0.035,4
26.0,memset,copies_memset,0.2069,222
26.0,nvjet_sm90_tst_128x256_64x4_2x1_v_bz_coopA_TNN,gemm,0.0468,2
26.0,nvjet_sm90_tst_192x192_64x4_2x1_v_bz_coopB_TNN,gemm,22.3723,56
26.0,nvjet_sm90_tst_192x208_64x4_2x1_v_bz_coopB_TNT,gemm,59.3734,55
26.0,nvjet_sm90_tst_256x160_64x4_2x1_v_bz_coopA_TNT,gemm,36.5879,109
26.0,nvjet_sm90_tst_32x128_64x10_1x4_h_bz_TNN,gemm,0.007,2
26.25,bcast_binary,norm_elementwise,1.4977,94
26.25,block_copy,layout_copy,6.5168,347
26.25,cast_bf16_f32_bias_act,cast_quant,0.3164,3
26.25,cast_f32_bf16,cast_quant,0.1129,3
26.25,clamp_f,norm_elementwise,0.2299,1
26.25,elem_add,norm_elementwise,0.3588,46
26.25,flash_mma_fwd2_d64,attention,41.6044,52
26.25,gather_nd,layout_copy,4.0161,15
26.25,h3v_merge_heads_bf16,layout_copy,7.1283,52
26.25,h3v_qkv_heads_bf16,layout_copy,32.4466,52
26.25,h3v_residual_norm_bf16,norm_elementwise,14.1444,105
26.25,h3v_swiglu_bf16,norm_elementwise,23.8237,53
26.25,layer_norm_last,norm_elementwise,0.0905,1
26.25,memcpy DtoH,copies_memset,26.1887,1
26.25,memcpy HtoD,copies_memset,0.1215,96
26.25,memset,copies_memset,0.1948,210
26.25,nvjet_sm90_tst_128x256_64x4_2x1_v_bz_coopA_TNN,gemm,0.0221,1
26.25,nvjet_sm90_tst_192x192_64x4_2x1_v_bz_coopB_TNN,gemm,21.5639,53
26.25,nvjet_sm90_tst_192x208_64x4_2x1_v_bz_coopB_TNT,gemm,56.6673,52
26.25,nvjet_sm90_tst_256x160_64x4_2x1_v_bz_coopA_TNT,gemm,35.4541,104
26.25,nvjet_sm90_tst_32x128_64x10_1x4_h_bz_TNN,gemm,0.0036,1
26.25,pack_rgb_u8,layout_copy,0.1163,1
26.5,block_copy,layout_copy,1.0665,76
26.5,cast_bf16_f32_bias_act,cast_quant,0.6251,6
26.5,cast_f32_bf16,cast_quant,0.2238,6
26.5,flash_mma_fwd2_d64,attention,42.9102,54
26.5,gather_nd,layout_copy,4.9409,28
26.5,h3v_merge_heads_bf16,layout_copy,7.3643,54
26.5,h3v_qkv_heads_bf16,layout_copy,33.5126,54
26.5,h3v_residual_norm_bf16,norm_elementwise,14.8311,111
26.5,h3v_swiglu_bf16,norm_elementwise,24.1852,54
26.5,layer_norm_last,norm_elementwise,0.1779,2
26.5,memcpy HtoD,copies_memset,0.0361,4
26.5,memset,copies_memset,0.2088,221
26.5,nvjet_sm90_tst_128x256_64x4_2x1_v_bz_coopA_TNN,gemm,0.0515,2
26.5,nvjet_sm90_tst_192x192_64x4_2x1_v_bz_coopB_TNN,gemm,22.372,56
26.5,nvjet_sm90_tst_192x208_64x4_2x1_v_bz_coopB_TNT,gemm,58.3059,54
26.5,nvjet_sm90_tst_256x160_64x4_2x1_v_bz_coopA_TNT,gemm,37.0225,109
26.5,nvjet_sm90_tst_32x128_64x10_1x4_h_bz_TNN,gemm,0.0071,2
26.75,block_copy,layout_copy,0.5313,38
26.75,cast_bf16_f32_bias_act,cast_quant,0.3111,3
26.75,cast_f32_bf16,cast_quant,0.1114,3
26.75,flash_mma_fwd2_d64,attention,44.0193,56
26.75,gather_nd,layout_copy,2.4553,14
26.75,h3v_merge_heads_bf16,layout_copy,7.5636,56
26.75,h3v_qkv_heads_bf16,layout_copy,34.4647,56
26.75,h3v_residual_norm_bf16,norm_elementwise,15.0305,112
26.75,h3v_swiglu_bf16,norm_elementwise,24.4619,55
26.75,layer_norm_last,norm_elementwise,0.0892,1
26.75,memcpy HtoD,copies_memset,0.0174,2
26.75,memset,copies_memset,0.211,224
26.75,nvjet_sm90_tst_128x256_64x4_2x1_v_bz_coopA_TNN,gemm,0.0227,1
26.75,nvjet_sm90_tst_192x192_64x4_2x1_v_bz_coopB_TNN,gemm,22.8351,57
26.75,nvjet_sm90_tst_192x208_64x4_2x1_v_bz_coopB_TNT,gemm,58.9049,55
26.75,nvjet_sm90_tst_256x160_64x4_2x1_v_bz_coopA_TNT,gemm,37.0258,111
26.75,nvjet_sm90_tst_32x128_64x10_1x4_h_bz_TNN,gemm,0.0035,1
27.0,bcast_binary,norm_elementwise,1.4541,94
27.0,block_copy,layout_copy,6.9348,385
27.0,cast_bf16_f32_bias_act,cast_quant,0.6223,6
27.0,cast_f32_bf16,cast_quant,0.2234,6
27.0,clamp_f,norm_elementwise,0.2264,1
27.0,elem_add,norm_elementwise,0.3558,46
27.0,flash_mma_fwd2_d64,attention,40.9013,52
27.0,gather_nd,layout_copy,6.4076,29
27.0,h3v_merge_heads_bf16,layout_copy,7.0292,52
27.0,h3v_qkv_heads_bf16,layout_copy,31.9978,52
27.0,h3v_residual_norm_bf16,norm_elementwise,14.1341,106
27.0,h3v_swiglu_bf16,norm_elementwise,23.1125,52
27.0,layer_norm_last,norm_elementwise,0.1783,2
27.0,memcpy DtoH,copies_memset,26.107,1
27.0,memcpy HtoD,copies_memset,0.1391,98
27.0,memset,copies_memset,0.1988,212
27.0,nvjet_sm90_tst_128x256_64x4_2x1_v_bz_coopA_TNN,gemm,0.0475,2
27.0,nvjet_sm90_tst_192x192_64x4_2x1_v_bz_coopB_TNN,gemm,21.5076,54
27.0,nvjet_sm90_tst_192x208_64x4_2x1_v_bz_coopB_TNT,gemm,55.997,52
27.0,nvjet_sm90_tst_256x160_64x4_2x1_v_bz_coopA_TNT,gemm,35.034,104
27.0,nvjet_sm90_tst_32x128_64x10_1x4_h_bz_TNN,gemm,0.007,2
27.0,pack_rgb_u8,layout_copy,0.1149,1
27.25,block_copy,layout_copy,0.5328,38
27.25,cast_bf16_f32_bias_act,cast_quant,0.3126,3
27.25,cast_f32_bf16,cast_quant,0.1117,3
27.25,flash_mma_fwd2_d64,attention,43.89,55
27.25,gather_nd,layout_copy,2.4711,14
27.25,h3v_merge_heads_bf16,layout_copy,7.3857,54
27.25,h3v_qkv_heads_bf16,layout_copy,34.1981,55
27.25,h3v_residual_norm_bf16,norm_elementwise,14.7903,110
27.25,h3v_swiglu_bf16,norm_elementwise,24.6753,55
27.25,layer_norm_last,norm_elementwise,0.088,1
27.25,memcpy HtoD,copies_memset,0.0176,2
27.25,memset,copies_memset,0.202,221
27.25,nvjet_sm90_tst_128x256_64x4_2x1_v_bz_coopA_TNN,gemm,0.0224,1
27.25,nvjet_sm90_tst_192x192_64x4_2x1_v_bz_coopB_TNN,gemm,22.6476,56
27.25,nvjet_sm90_tst_192x208_64x4_2x1_v_bz_coopB_TNT,gemm,59.614,55
27.25,nvjet_sm90_tst_256x160_64x4_2x1_v_bz_coopA_TNT,gemm,37.1238,109
27.25,nvjet_sm90_tst_32x128_64x10_1x4_h_bz_TNN,gemm,0.0036,1
27.5,bcast_binary,norm_elementwise,1.6244,96
27.5,block_copy,layout_copy,6.7863,354
27.5,cast_bf16_f32_bias_act,cast_quant,0.5002,4
27.5,cast_f32_bf16,cast_quant,0.2196,4
27.5,clamp_f,norm_elementwise,0.2954,2
27.5,elem_add,norm_elementwise,0.3574,46
27.5,flash_mma_fwd2_d64,attention,30.82,39
27.5,gather_nd,layout_copy,6.8897,30
27.5,h3v_merge_heads_bf16,layout_copy,5.4299,40
27.5,h3v_qkv_heads_bf16,layout_copy,24.0878,39
27.5,h3v_residual_norm_bf16,norm_elementwise,10.8351,81
27.5,h3v_swiglu_bf16,norm_elementwise,17.8505,40
27.5,layer_norm_last,norm_elementwise,0.1797,2
27.5,memcpy DtoH,copies_memset,33.5467,2
27.5,memcpy HtoD,copies_memset,0.123,98
27.5,memset,copies_memset,0.1438,162
27.5,nvjet_sm90_tst_128x256_64x4_2x1_v_bz_coopA_TNN,gemm,0.0253,1
27.5,nvjet_sm90_tst_192x192_64x4_2x1_v_bz_coopB_TNN,gemm,16.2251,41
27.5,nvjet_sm90_tst_192x208_64x4_2x1_v_bz_coopB_TNT,gemm,42.969,40
27.5,nvjet_sm90_tst_256x160_64x4_2x1_v_bz_coopA_TNT,gemm,26.9241,80
27.5,nvjet_sm90_tst_32x128_64x10_1x4_h_bz_TNN,gemm,0.0036,1
27.5,pack_rgb_u8,layout_copy,0.1534,2
