t_s,name,category,ms,n
0.0,block_copy,layout_copy,0.0074,2
0.0,cast_f32_bf16,cast_quant,0.2465,98
0.0,fa_dc90_fwd_d128,attention,5.2776,4
0.0,flash_mma_fwd2_d64,attention,0.2955,6
0.0,fvf_ltx_gate_merge,norm_elementwise,0.3791,10
0.0,fvf_ltx_qk_norm_rope,norm_elementwise,1.8758,20
0.0,fvf_ltx_res_norm_mod,norm_elementwise,1.7614,16
0.0,fvf_split_heads_rows,layout_copy,0.192,10
0.0,memcpy HtoD,copies_memset,46.5451,14
0.0,memset,copies_memset,0.0185,20
0.0,mx_binary,norm_elementwise,0.1623,24
0.0,mx_block_copy,layout_copy,0.0266,16
0.0,mx_residual_gate,norm_elementwise,0.3133,2
0.0,mx_unary,norm_elementwise,0.746,22
0.0,nvjet_sm90_tst_128x128_64x6_2x1_v_bz_bias_TNT,gemm,0.0554,4
0.0,nvjet_sm90_tst_128x224_64x4_2x1_v_bz_coopA_bias_TNT,gemm,0.2433,2
0.0,nvjet_sm90_tst_128x32_64x10_4x2_h_bz_bias_TNT,gemm,0.0238,1
0.0,nvjet_sm90_tst_128x80_64x8_1x2_h_bz_bias_TNT,gemm,0.0191,1
0.0,nvjet_sm90_tst_128x8_64x12_2x1_v_bz_bias_TNT,gemm,0.049,1
0.0,nvjet_sm90_tst_192x192_64x4_2x1_v_bz_coopB_bias_TNN,gemm,5.1189,12
0.0,nvjet_sm90_tst_256x128_64x4_1x2_h_bz_coopA_bias_TNT,gemm,1.0329,8
0.0,nvjet_sm90_tst_256x160_64x4_1x2_h_bz_coopA_TNT,gemm,1.564,1
0.0,nvjet_sm90_tst_256x160_64x4_2x1_v_bz_coopA_TNT,gemm,1.5661,1
0.0,nvjet_sm90_tst_256x8_64x6_4x1_v_bz_bias_TNT,gemm,0.0291,1
0.0,nvjet_sm90_tst_32x128_64x10_1x4_h_bz_bias_TNN,gemm,0.2158,6
0.0,nvjet_sm90_tst_512x8_64x3_4x1_v_bz_bias_TNT,gemm,0.1107,1
0.0,nvjet_sm90_tst_64x40_64x16_1x2_h_bz_bias_TNT,gemm,0.1327,17
0.0,nvjet_sm90_tst_64x8_64x16_2x1_v_bz_bias_TNT,gemm,0.0402,2
0.0,nvjet_sm90_tst_64x8_64x16_2x1_v_bz_splitK_bias_TNT,gemm,0.0707,5
0.0,nvjet_sm90_tst_64x8_64x16_4x1_v_bz_bias_TNT,gemm,0.0651,14
0.0,nvjet_sm90_tst_8x64_64x16_4x1_v_bz_bias_TNN,gemm,0.0273,5
0.0,"cublasLt::splitKreduce_kernel<(int)32, (int)16, int, float, __nv_bfloat16, float, __nv_bfloat16, (bool)0, float, __nv_bfloat16, __nv_bfloat16, (bool)1, (bool)1,…",gemm,0.011,5
0.25,cast_f32_bf16,cast_quant,1.5228,554
0.25,fa_dc90_fwd_d128,attention,41.8148,31
0.25,flash_mma_fwd2_d64,attention,4.336,62
0.25,fvf_ltx_gate_merge,norm_elementwise,3.2813,92
0.25,fvf_ltx_qk_norm_rope,norm_elementwise,17.4495,186
0.25,fvf_ltx_res_norm_mod,norm_elementwise,17.1086,155
0.25,fvf_split_heads_rows,layout_copy,1.8219,93
0.25,memcpy HtoD,copies_memset,31.123,30
0.25,memset,copies_memset,0.1723,188
0.25,mx_binary,norm_elementwise,1.2364,182
0.25,mx_block_copy,layout_copy,0.1997,120
0.25,mx_residual_gate,norm_elementwise,5.0701,32
0.25,mx_unary,norm_elementwise,11.6656,62
0.25,nvjet_sm90_tst_128x128_64x6_2x1_v_bz_bias_TNT,gemm,0.4233,30
0.25,nvjet_sm90_tst_128x224_64x4_2x1_v_bz_coopA_bias_TNT,gemm,3.3507,16
0.25,nvjet_sm90_tst_128x32_64x10_4x2_h_bz_bias_TNT,gemm,0.3789,16
0.25,nvjet_sm90_tst_128x80_64x8_1x2_h_bz_bias_TNT,gemm,0.2972,16
0.25,nvjet_sm90_tst_192x192_64x4_2x1_v_bz_coopB_bias_TNN,gemm,39.8153,93
0.25,nvjet_sm90_tst_256x128_64x4_1x2_h_bz_coopA_bias_TNT,gemm,11.3598,77
0.25,nvjet_sm90_tst_256x160_64x4_1x2_h_bz_coopA_TNT,gemm,25.2717,16
0.25,nvjet_sm90_tst_256x160_64x4_2x1_v_bz_coopA_TNT,gemm,24.9566,16
0.25,nvjet_sm90_tst_32x128_64x10_1x4_h_bz_bias_TNN,gemm,1.6424,46
0.25,nvjet_sm90_tst_64x40_64x16_1x2_h_bz_bias_TNT,gemm,1.2475,154
0.25,nvjet_sm90_tst_8x64_64x16_4x1_v_bz_bias_TNN,gemm,0.2563,46
0.5,cast_f32_bf16,cast_quant,1.597,568
0.5,fa_dc90_fwd_d128,attention,40.0384,31
0.5,flash_mma_fwd2_d64,attention,4.222,63
0.5,fvf_ltx_gate_merge,norm_elementwise,3.4569,95
0.5,fvf_ltx_qk_norm_rope,norm_elementwise,17.0659,189
0.5,fvf_ltx_res_norm_mod,norm_elementwise,17.2914,157
0.5,fvf_split_heads_rows,layout_copy,1.7424,94
0.5,memcpy HtoD,copies_memset,33.1196,32
0.5,memset,copies_memset,0.1727,186
0.5,mx_binary,norm_elementwise,1.3153,190
0.5,mx_block_copy,layout_copy,0.2134,128
0.5,mx_residual_gate,norm_elementwise,4.7636,30
0.5,mx_unary,norm_elementwise,10.9733,62
0.5,nvjet_sm90_tst_128x128_64x6_2x1_v_bz_bias_TNT,gemm,0.4567,32
0.5,nvjet_sm90_tst_128x224_64x4_2x1_v_bz_coopA_bias_TNT,gemm,3.3858,16
0.5,nvjet_sm90_tst_128x32_64x10_4x2_h_bz_bias_TNT,gemm,0.3572,15
0.5,nvjet_sm90_tst_128x80_64x8_1x2_h_bz_bias_TNT,gemm,0.2797,15
0.5,nvjet_sm90_tst_192x192_64x4_2x1_v_bz_coopB_bias_TNN,gemm,39.9844,93
0.5,nvjet_sm90_tst_256x128_64x4_1x2_h_bz_coopA_bias_TNT,gemm,11.5948,79
0.5,nvjet_sm90_tst_256x160_64x4_1x2_h_bz_coopA_TNT,gemm,24.0223,15
0.5,nvjet_sm90_tst_256x160_64x4_2x1_v_bz_coopA_TNT,gemm,23.7053,15
0.5,nvjet_sm90_tst_32x128_64x10_1x4_h_bz_bias_TNN,gemm,1.6829,47
0.5,nvjet_sm90_tst_64x40_64x16_1x2_h_bz_bias_TNT,gemm,1.2919,159
0.5,nvjet_sm90_tst_8x64_64x16_4x1_v_bz_bias_TNN,gemm,0.2681,48
0.75,cast_f32_bf16,cast_quant,1.5314,546
0.75,fa_dc90_fwd_d128,attention,40.1404,30
0.75,flash_mma_fwd2_d64,attention,4.335,61
0.75,fvf_ltx_gate_merge,norm_elementwise,3.2698,91
0.75,fvf_ltx_qk_norm_rope,norm_elementwise,17.0054,181
0.75,fvf_ltx_res_norm_mod,norm_elementwise,17.0187,152
0.75,fvf_split_heads_rows,layout_copy,1.7661,91
0.75,memcpy HtoD,copies_memset,31.1222,30
0.75,memset,copies_memset,0.1679,183
0.75,mx_binary,norm_elementwise,1.2538,182
0.75,mx_block_copy,layout_copy,0.2021,120
0.75,mx_ln_adaln_e,norm_elementwise,0.1628,2
0.75,mx_residual_gate,norm_elementwise,5.132,32
0.75,mx_unary,norm_elementwise,11.8272,62
0.75,nvjet_sm90_tst_128x128_64x6_2x1_v_bz_bias_TNT,gemm,0.431,30
0.75,nvjet_sm90_tst_128x224_64x4_2x1_v_bz_coopA_bias_TNT,gemm,3.1906,15
0.75,nvjet_sm90_tst_128x32_64x10_4x2_h_bz_bias_TNT,gemm,0.3832,16
0.75,nvjet_sm90_tst_128x80_64x8_1x2_h_bz_bias_TNT,gemm,0.3367,17
0.75,nvjet_sm90_tst_192x192_64x4_2x1_v_bz_coopB_bias_TNN,gemm,38.8907,90
0.75,nvjet_sm90_tst_256x128_64x4_1x2_h_bz_coopA_bias_TNT,gemm,11.3687,76
0.75,nvjet_sm90_tst_256x160_64x4_1x2_h_bz_coopA_TNT,gemm,25.6685,16
0.75,nvjet_sm90_tst_256x160_64x4_2x1_v_bz_coopA_TNT,gemm,25.4347,16
0.75,nvjet_sm90_tst_32x128_64x10_1x4_h_bz_bias_TNN,gemm,1.6141,45
0.75,nvjet_sm90_tst_64x40_64x16_1x2_h_bz_bias_TNT,gemm,1.2353,151
0.75,nvjet_sm90_tst_64x8_64x16_2x4_h_bz_bias_TNT,gemm,0.0057,1
0.75,nvjet_sm90_tst_8x64_64x16_4x1_v_bz_bias_TNN,gemm,0.2549,45
1.0,block_copy,layout_copy,0.0088,2
1.0,cast_bf16_f32_bias_act,cast_quant,0.017,6
1.0,cast_f32_bf16,cast_quant,1.5906,578
1.0,fa_dc90_fwd_d128,attention,39.7557,30
1.0,flash_mma_fwd2_d64,attention,4.1366,60
1.0,fvf_ltx_gate_merge,norm_elementwise,3.2479,90
1.0,fvf_ltx_qk_norm_rope,norm_elementwise,16.778,180
1.0,fvf_ltx_res_norm_mod,norm_elementwise,16.6847,150
1.0,fvf_split_heads_rows,layout_copy,1.7228,90
1.0,lincomb3,norm_elementwise,0.0206,6
1.0,memcpy HtoD,copies_memset,31.4679,32
1.0,memset,copies_memset,0.1796,181
1.0,mx_binary,norm_elementwise,1.2418,180
1.0,mx_block_copy,layout_copy,0.201,120
1.0,mx_residual_gate,norm_elementwise,4.786,29
1.0,mx_unary,norm_elementwise,11.0469,75
1.0,nvjet_sm90_tst_128x128_64x6_2x1_v_bz_bias_TNT,gemm,0.4272,30
1.0,nvjet_sm90_tst_128x224_64x4_2x1_v_bz_coopA_bias_TNT,gemm,3.1989,16
1.0,nvjet_sm90_tst_128x32_64x10_4x2_h_bz_bias_TNT,gemm,0.3342,14
1.0,nvjet_sm90_tst_128x80_64x8_1x2_h_bz_bias_TNT,gemm,0.2589,14
1.0,nvjet_sm90_tst_128x8_64x12_2x1_v_bz_bias_TNT,gemm,0.0499,1
1.0,nvjet_sm90_tst_192x192_64x4_2x1_v_bz_coopB_bias_TNN,gemm,38.7506,90
1.0,nvjet_sm90_tst_256x128_64x4_1x2_h_bz_coopA_bias_TNT,gemm,11.0304,75
1.0,nvjet_sm90_tst_256x160_64x4_1x2_h_bz_coopA_TNT,gemm,23.8531,15
1.0,nvjet_sm90_tst_256x160_64x4_2x1_v_bz_coopA_TNT,gemm,23.5165,15
1.0,nvjet_sm90_tst_256x8_64x6_4x1_v_bz_bias_TNT,gemm,0.0292,1
1.0,nvjet_sm90_tst_32x128_64x10_1x4_h_bz_bias_TNN,gemm,1.6058,45
1.0,nvjet_sm90_tst_512x8_64x3_4x1_v_bz_bias_TNT,gemm,0.1137,1
1.0,nvjet_sm90_tst_64x40_64x16_1x2_h_bz_bias_TNT,gemm,1.2228,151
1.0,nvjet_sm90_tst_64x8_64x16_2x1_v_bz_bias_TNT,gemm,0.0408,2
1.0,nvjet_sm90_tst_64x8_64x16_2x1_v_bz_splitK_bias_TNT,gemm,0.0733,5
1.0,nvjet_sm90_tst_64x8_64x16_4x1_v_bz_bias_TNT,gemm,0.0659,14
1.0,nvjet_sm90_tst_8x64_64x16_4x1_v_bz_bias_TNN,gemm,0.2544,45
1.0,"cublasLt::splitKreduce_kernel<(int)32, (int)16, int, float, __nv_bfloat16, float, __nv_bfloat16, (bool)0, float, __nv_bfloat16, __nv_bfloat16, (bool)1, (bool)1,…",gemm,0.0113,5
1.25,cast_f32_bf16,cast_quant,1.5419,552
1.25,fa_dc90_fwd_d128,attention,42.3938,31
1.25,flash_mma_fwd2_d64,attention,4.1889,61
1.25,fvf_ltx_gate_merge,norm_elementwise,3.3489,92
1.25,fvf_ltx_qk_norm_rope,norm_elementwise,17.4407,184
1.25,fvf_ltx_res_norm_mod,norm_elementwise,17.2188,154
1.25,fvf_split_heads_rows,layout_copy,1.7958,92
1.25,memcpy HtoD,copies_memset,32.7306,31
1.25,memset,copies_memset,0.1794,184
1.25,mx_binary,norm_elementwise,1.2578,185
1.25,mx_block_copy,layout_copy,0.2083,124
1.25,mx_residual_gate,norm_elementwise,4.8148,31
1.25,mx_unary,norm_elementwise,11.1073,62
1.25,nvjet_sm90_tst_128x128_64x6_2x1_v_bz_bias_TNT,gemm,0.4302,30
1.25,nvjet_sm90_tst_128x224_64x4_2x1_v_bz_coopA_bias_TNT,gemm,3.1963,15
1.25,nvjet_sm90_tst_128x32_64x10_4x2_h_bz_bias_TNT,gemm,0.3805,16
1.25,nvjet_sm90_tst_128x80_64x8_1x2_h_bz_bias_TNT,gemm,0.2996,16
1.25,nvjet_sm90_tst_192x192_64x4_2x1_v_bz_coopB_bias_TNN,gemm,40.5724,94
1.25,nvjet_sm90_tst_256x128_64x4_1x2_h_bz_coopA_bias_TNT,gemm,11.1373,75
1.25,nvjet_sm90_tst_256x160_64x4_1x2_h_bz_coopA_TNT,gemm,24.1055,15
1.25,nvjet_sm90_tst_256x160_64x4_2x1_v_bz_coopA_TNT,gemm,23.7429,15
1.25,nvjet_sm90_tst_32x128_64x10_1x4_h_bz_bias_TNN,gemm,1.6435,46
1.25,nvjet_sm90_tst_64x40_64x16_1x2_h_bz_bias_TNT,gemm,1.258,154
1.25,nvjet_sm90_tst_8x64_64x16_4x1_v_bz_bias_TNN,gemm,0.2614,46
1.5,cast_f32_bf16,cast_quant,1.6034,564
1.5,fa_dc90_fwd_d128,attention,40.5225,31
1.5,flash_mma_fwd2_d64,attention,4.4292,63
1.5,fvf_ltx_gate_merge,norm_elementwise,3.3967,94
1.5,fvf_ltx_qk_norm_rope,norm_elementwise,17.3553,188
1.5,fvf_ltx_res_norm_mod,norm_elementwise,17.3998,155
1.5,fvf_split_heads_rows,layout_copy,1.7746,94
1.5,memcpy HtoD,copies_memset,32.1104,31
1.5,memset,copies_memset,0.1837,186
1.5,mx_binary,norm_elementwise,1.315,187
1.5,mx_block_copy,layout_copy,0.2092,124
1.5,mx_residual_gate,norm_elementwise,4.7998,30
1.5,mx_unary,norm_elementwise,11.0606,61
1.5,nvjet_sm90_tst_128x128_64x6_2x1_v_bz_bias_TNT,gemm,0.458,32
1.5,nvjet_sm90_tst_128x224_64x4_2x1_v_bz_coopA_bias_TNT,gemm,3.4067,16
1.5,nvjet_sm90_tst_128x32_64x10_4x2_h_bz_bias_TNT,gemm,0.3568,15
1.5,nvjet_sm90_tst_128x80_64x8_1x2_h_bz_bias_TNT,gemm,0.2754,15
1.5,nvjet_sm90_tst_192x192_64x4_2x1_v_bz_coopB_bias_TNN,gemm,39.7553,92
1.5,nvjet_sm90_tst_256x128_64x4_1x2_h_bz_coopA_bias_TNT,gemm,11.899,80
1.5,nvjet_sm90_tst_256x160_64x4_1x2_h_bz_coopA_TNT,gemm,24.1427,15
1.5,nvjet_sm90_tst_256x160_64x4_2x1_v_bz_coopA_TNT,gemm,23.8734,15
1.5,nvjet_sm90_tst_32x128_64x10_1x4_h_bz_bias_TNN,gemm,1.6887,47
1.5,nvjet_sm90_tst_64x40_64x16_1x2_h_bz_bias_TNT,gemm,1.2733,156
1.5,nvjet_sm90_tst_8x64_64x16_4x1_v_bz_bias_TNN,gemm,0.2671,47
1.75,block_copy,layout_copy,0.0086,2
1.75,cast_bf16_f32_bias_act,cast_quant,0.0171,6
1.75,cast_f32_bf16,cast_quant,1.555,582
1.75,fa_dc90_fwd_d128,attention,40.0999,30
1.75,flash_mma_fwd2_d64,attention,4.1686,60
1.75,fvf_ltx_gate_merge,norm_elementwise,3.2597,90
1.75,fvf_ltx_qk_norm_rope,norm_elementwise,16.8504,180
1.75,fvf_ltx_res_norm_mod,norm_elementwise,16.8151,151
1.75,fvf_split_heads_rows,layout_copy,1.7293,90
1.75,lincomb3,norm_elementwise,0.0207,6
1.75,memcpy HtoD,copies_memset,31.5277,32
1.75,memset,copies_memset,0.1628,182
1.75,mx_binary,norm_elementwise,1.2435,182
1.75,mx_block_copy,layout_copy,0.2033,120
1.75,mx_ln_adaln_e,norm_elementwise,0.1629,2
1.75,mx_residual_gate,norm_elementwise,4.8007,30
1.75,mx_unary,norm_elementwise,11.0963,76
1.75,nvjet_sm90_tst_128x128_64x6_2x1_v_bz_bias_TNT,gemm,0.4308,30
1.75,nvjet_sm90_tst_128x224_64x4_2x1_v_bz_coopA_bias_TNT,gemm,3.2124,16
1.75,nvjet_sm90_tst_128x32_64x10_4x2_h_bz_bias_TNT,gemm,0.3585,15
1.75,nvjet_sm90_tst_128x80_64x8_1x2_h_bz_bias_TNT,gemm,0.3104,16
1.75,nvjet_sm90_tst_128x8_64x12_2x1_v_bz_bias_TNT,gemm,0.0487,1
1.75,nvjet_sm90_tst_192x192_64x4_2x1_v_bz_coopB_bias_TNN,gemm,38.8634,90
1.75,nvjet_sm90_tst_256x128_64x4_1x2_h_bz_coopA_bias_TNT,gemm,11.0832,75
1.75,nvjet_sm90_tst_256x160_64x4_1x2_h_bz_coopA_TNT,gemm,23.9257,15
1.75,nvjet_sm90_tst_256x160_64x4_2x1_v_bz_coopA_TNT,gemm,25.1961,16
1.75,nvjet_sm90_tst_256x8_64x6_4x1_v_bz_bias_TNT,gemm,0.0292,1
1.75,nvjet_sm90_tst_32x128_64x10_1x4_h_bz_bias_TNN,gemm,1.6112,45
1.75,nvjet_sm90_tst_512x8_64x3_4x1_v_bz_bias_TNT,gemm,0.1143,1
1.75,nvjet_sm90_tst_64x40_64x16_1x2_h_bz_bias_TNT,gemm,1.2226,151
1.75,nvjet_sm90_tst_64x8_64x16_2x1_v_bz_bias_TNT,gemm,0.0408,2
1.75,nvjet_sm90_tst_64x8_64x16_2x1_v_bz_splitK_bias_TNT,gemm,0.0739,5
1.75,nvjet_sm90_tst_64x8_64x16_2x4_h_bz_bias_TNT,gemm,0.0056,1
1.75,nvjet_sm90_tst_64x8_64x16_4x1_v_bz_bias_TNT,gemm,0.0663,14
1.75,nvjet_sm90_tst_8x64_64x16_4x1_v_bz_bias_TNN,gemm,0.2565,45
1.75,"cublasLt::splitKreduce_kernel<(int)32, (int)16, int, float, __nv_bfloat16, float, __nv_bfloat16, (bool)0, float, __nv_bfloat16, __nv_bfloat16, (bool)1, (bool)1,…",gemm,0.0113,5
2.0,cast_f32_bf16,cast_quant,1.4808,546
2.0,fa_dc90_fwd_d128,attention,42.1467,31
2.0,flash_mma_fwd2_d64,attention,4.1582,60
2.0,fvf_ltx_gate_merge,norm_elementwise,3.2544,90
2.0,fvf_ltx_qk_norm_rope,norm_elementwise,17.3545,182
2.0,fvf_ltx_res_norm_mod,norm_elementwise,16.9334,151
2.0,fvf_split_heads_rows,layout_copy,1.7948,91
2.0,memcpy HtoD,copies_memset,31.7052,30
2.0,memset,copies_memset,0.1618,184
2.0,mx_binary,norm_elementwise,1.2387,182
2.0,mx_block_copy,layout_copy,0.202,120
2.0,mx_residual_gate,norm_elementwise,5.1104,32
2.0,mx_unary,norm_elementwise,11.7865,62
2.0,nvjet_sm90_tst_128x128_64x6_2x1_v_bz_bias_TNT,gemm,0.4289,30
2.0,nvjet_sm90_tst_128x224_64x4_2x1_v_bz_coopA_bias_TNT,gemm,3.1882,15
2.0,nvjet_sm90_tst_128x32_64x10_4x2_h_bz_bias_TNT,gemm,0.3788,16
2.0,nvjet_sm90_tst_128x80_64x8_1x2_h_bz_bias_TNT,gemm,0.2943,16
2.0,nvjet_sm90_tst_192x192_64x4_2x1_v_bz_coopB_bias_TNN,gemm,40.1247,93
2.0,nvjet_sm90_tst_256x128_64x4_1x2_h_bz_coopA_bias_TNT,gemm,11.105,75
2.0,nvjet_sm90_tst_256x160_64x4_1x2_h_bz_coopA_TNT,gemm,25.6327,16
2.0,nvjet_sm90_tst_256x160_64x4_2x1_v_bz_coopA_TNT,gemm,23.716,15
2.0,nvjet_sm90_tst_32x128_64x10_1x4_h_bz_bias_TNN,gemm,1.6521,46
2.0,nvjet_sm90_tst_64x40_64x16_1x2_h_bz_bias_TNT,gemm,1.2195,150
2.0,nvjet_sm90_tst_8x64_64x16_4x1_v_bz_bias_TNN,gemm,0.2558,45
2.25,cast_f32_bf16,cast_quant,1.5261,553
2.25,fa_dc90_fwd_d128,attention,40.4723,31
2.25,flash_mma_fwd2_d64,attention,4.1671,61
2.25,fvf_ltx_gate_merge,norm_elementwise,3.4188,93
2.25,fvf_ltx_qk_norm_rope,norm_elementwise,17.0542,184
2.25,fvf_ltx_res_norm_mod,norm_elementwise,17.2797,154
2.25,fvf_split_heads_rows,layout_copy,1.7409,92
2.25,memcpy HtoD,copies_memset,33.7532,32
2.25,memset,copies_memset,0.1608,183
2.25,mx_binary,norm_elementwise,1.2826,186
2.25,mx_block_copy,layout_copy,0.2126,126
2.25,mx_residual_gate,norm_elementwise,4.7934,30
2.25,mx_unary,norm_elementwise,11.0802,62
2.25,nvjet_sm90_tst_128x128_64x6_2x1_v_bz_bias_TNT,gemm,0.4289,30
2.25,nvjet_sm90_tst_128x224_64x4_2x1_v_bz_coopA_bias_TNT,gemm,3.2036,15
2.25,nvjet_sm90_tst_128x32_64x10_4x2_h_bz_bias_TNT,gemm,0.3574,15
2.25,nvjet_sm90_tst_128x80_64x8_1x2_h_bz_bias_TNT,gemm,0.2784,15
2.25,nvjet_sm90_tst_192x192_64x4_2x1_v_bz_coopB_bias_TNN,gemm,40.206,93
2.25,nvjet_sm90_tst_256x128_64x4_1x2_h_bz_coopA_bias_TNT,gemm,11.2571,77
2.25,nvjet_sm90_tst_256x160_64x4_1x2_h_bz_coopA_TNT,gemm,24.1345,15
2.25,nvjet_sm90_tst_256x160_64x4_2x1_v_bz_coopA_TNT,gemm,23.9012,15
2.25,nvjet_sm90_tst_32x128_64x10_1x4_h_bz_bias_TNN,gemm,1.646,46
2.25,nvjet_sm90_tst_64x40_64x16_1x2_h_bz_bias_TNT,gemm,1.2509,154
2.25,nvjet_sm90_tst_8x64_64x16_4x1_v_bz_bias_TNN,gemm,0.262,46
2.5,block_copy,layout_copy,0.0087,2
2.5,cast_bf16_f32_bias_act,cast_quant,0.0174,6
2.5,cast_f32_bf16,cast_quant,1.5829,598
2.5,fa_dc90_fwd_d128,attention,39.9521,30
2.5,flash_mma_fwd2_d64,attention,4.2602,62
2.5,fvf_ltx_gate_merge,norm_elementwise,3.31,92
2.5,fvf_ltx_qk_norm_rope,norm_elementwise,17.1338,186
2.5,fvf_ltx_res_norm_mod,norm_elementwise,16.9506,153
2.5,fvf_split_heads_rows,layout_copy,1.7684,93
2.5,lincomb3,norm_elementwise,0.0208,6
2.5,memcpy HtoD,copies_memset,31.4114,32
2.5,memset,copies_memset,0.1676,185
2.5,mx_binary,norm_elementwise,1.2687,186
2.5,mx_block_copy,layout_copy,0.2055,122
2.5,mx_ln_adaln_e,norm_elementwise,0.1678,2
2.5,mx_residual_gate,norm_elementwise,4.8006,30
2.5,mx_unary,norm_elementwise,11.0844,76
2.5,nvjet_sm90_tst_128x128_64x6_2x1_v_bz_bias_TNT,gemm,0.4581,32
2.5,nvjet_sm90_tst_128x224_64x4_2x1_v_bz_coopA_bias_TNT,gemm,3.4217,17
2.5,nvjet_sm90_tst_128x32_64x10_4x2_h_bz_bias_TNT,gemm,0.3568,15
2.5,nvjet_sm90_tst_128x80_64x8_1x2_h_bz_bias_TNT,gemm,0.3152,16
2.5,nvjet_sm90_tst_128x8_64x12_2x1_v_bz_bias_TNT,gemm,0.0483,1
2.5,nvjet_sm90_tst_192x192_64x4_2x1_v_bz_coopB_bias_TNN,gemm,38.8898,90
2.5,nvjet_sm90_tst_256x128_64x4_1x2_h_bz_coopA_bias_TNT,gemm,11.7423,78
2.5,nvjet_sm90_tst_256x160_64x4_1x2_h_bz_coopA_TNT,gemm,23.9309,15
2.5,nvjet_sm90_tst_256x160_64x4_2x1_v_bz_coopA_TNT,gemm,23.7172,15
2.5,nvjet_sm90_tst_256x8_64x6_4x1_v_bz_bias_TNT,gemm,0.0295,1
2.5,nvjet_sm90_tst_32x128_64x10_1x4_h_bz_bias_TNN,gemm,1.6444,46
2.5,nvjet_sm90_tst_512x8_64x3_4x1_v_bz_bias_TNT,gemm,0.1147,1
2.5,nvjet_sm90_tst_64x40_64x16_1x2_h_bz_bias_TNT,gemm,1.2597,156
2.5,nvjet_sm90_tst_64x8_64x16_2x1_v_bz_bias_TNT,gemm,0.0396,2
2.5,nvjet_sm90_tst_64x8_64x16_2x1_v_bz_splitK_bias_TNT,gemm,0.0746,5
2.5,nvjet_sm90_tst_64x8_64x16_2x4_h_bz_bias_TNT,gemm,0.0057,1
2.5,nvjet_sm90_tst_64x8_64x16_4x1_v_bz_bias_TNT,gemm,0.0665,14
2.5,nvjet_sm90_tst_8x64_64x16_4x1_v_bz_bias_TNN,gemm,0.2655,47
2.5,"cublasLt::splitKreduce_kernel<(int)32, (int)16, int, float, __nv_bfloat16, float, __nv_bfloat16, (bool)0, float, __nv_bfloat16, __nv_bfloat16, (bool)1, (bool)1,…",gemm,0.0118,5
2.75,cast_f32_bf16,cast_quant,1.4885,546
2.75,fa_dc90_fwd_d128,attention,40.3631,30
2.75,flash_mma_fwd2_d64,attention,4.3656,61
2.75,fvf_ltx_gate_merge,norm_elementwise,3.2753,91
2.75,fvf_ltx_qk_norm_rope,norm_elementwise,17.2064,181
2.75,fvf_ltx_res_norm_mod,norm_elementwise,17.2599,153
2.75,fvf_split_heads_rows,layout_copy,1.7334,90
2.75,memcpy HtoD,copies_memset,31.2213,30
2.75,memset,copies_memset,0.1651,184
2.75,mx_binary,norm_elementwise,1.2475,182
2.75,mx_block_copy,layout_copy,0.2027,120
2.75,mx_residual_gate,norm_elementwise,5.1525,32
2.75,mx_unary,norm_elementwise,11.8628,62
2.75,nvjet_sm90_tst_128x128_64x6_2x1_v_bz_bias_TNT,gemm,0.4317,30
2.75,nvjet_sm90_tst_128x224_64x4_2x1_v_bz_coopA_bias_TNT,gemm,3.1986,15
2.75,nvjet_sm90_tst_128x32_64x10_4x2_h_bz_bias_TNT,gemm,0.3833,16
2.75,nvjet_sm90_tst_128x80_64x8_1x2_h_bz_bias_TNT,gemm,0.2968,16
2.75,nvjet_sm90_tst_192x192_64x4_2x1_v_bz_coopB_bias_TNN,gemm,39.8259,92
2.75,nvjet_sm90_tst_256x128_64x4_1x2_h_bz_coopA_bias_TNT,gemm,11.1429,75
2.75,nvjet_sm90_tst_256x160_64x4_1x2_h_bz_coopA_TNT,gemm,25.6628,16
2.75,nvjet_sm90_tst_256x160_64x4_2x1_v_bz_coopA_TNT,gemm,25.2883,16
2.75,nvjet_sm90_tst_32x128_64x10_1x4_h_bz_bias_TNN,gemm,1.6353,46
2.75,nvjet_sm90_tst_64x40_64x16_1x2_h_bz_bias_TNT,gemm,1.2244,151
2.75,nvjet_sm90_tst_8x64_64x16_4x1_v_bz_bias_TNN,gemm,0.2559,45
3.0,cast_f32_bf16,cast_quant,1.5004,547
3.0,fa_dc90_fwd_d128,attention,43.1559,31
3.0,flash_mma_fwd2_d64,attention,4.2592,61
3.0,fvf_ltx_gate_merge,norm_elementwise,3.3686,92
3.0,fvf_ltx_qk_norm_rope,norm_elementwise,17.3628,183
3.0,fvf_ltx_res_norm_mod,norm_elementwise,17.2762,153
3.0,fvf_split_heads_rows,layout_copy,1.8062,92
3.0,memcpy HtoD,copies_memset,31.0378,30
3.0,memset,copies_memset,0.167,182
3.0,mx_binary,norm_elementwise,1.2586,183
3.0,mx_block_copy,layout_copy,0.2121,124
3.0,mx_residual_gate,norm_elementwise,4.8704,30
3.0,mx_unary,norm_elementwise,11.231,61
3.0,nvjet_sm90_tst_128x128_64x6_2x1_v_bz_bias_TNT,gemm,0.4358,30
3.0,nvjet_sm90_tst_128x224_64x4_2x1_v_bz_coopA_bias_TNT,gemm,3.2294,15
3.0,nvjet_sm90_tst_128x32_64x10_4x2_h_bz_bias_TNT,gemm,0.3565,15
3.0,nvjet_sm90_tst_128x80_64x8_1x2_h_bz_bias_TNT,gemm,0.28,15
3.0,nvjet_sm90_tst_192x192_64x4_2x1_v_bz_coopB_bias_TNN,gemm,40.0006,92
3.0,nvjet_sm90_tst_256x128_64x4_1x2_h_bz_coopA_bias_TNT,gemm,11.2634,75
3.0,nvjet_sm90_tst_256x160_64x4_1x2_h_bz_coopA_TNT,gemm,24.2588,15
3.0,nvjet_sm90_tst_256x160_64x4_2x1_v_bz_coopA_TNT,gemm,23.9452,15
3.0,nvjet_sm90_tst_32x128_64x10_1x4_h_bz_bias_TNN,gemm,1.6138,45
3.0,nvjet_sm90_tst_64x40_64x16_1x2_h_bz_bias_TNT,gemm,1.2606,154
3.0,nvjet_sm90_tst_8x64_64x16_4x1_v_bz_bias_TNN,gemm,0.2635,46
3.25,block_copy,layout_copy,0.0087,2
3.25,cast_bf16_f32_bias_act,cast_quant,0.0173,6
3.25,cast_f32_bf16,cast_quant,1.5548,582
3.25,fa_dc90_fwd_d128,attention,40.4942,30
3.25,flash_mma_fwd2_d64,attention,4.2322,60
3.25,fvf_ltx_gate_merge,norm_elementwise,3.2789,90
3.25,fvf_ltx_qk_norm_rope,norm_elementwise,16.9816,180
3.25,fvf_ltx_res_norm_mod,norm_elementwise,16.9103,150
3.25,fvf_split_heads_rows,layout_copy,1.7354,90
3.25,lincomb3,norm_elementwise,0.0211,6
3.25,memcpy HtoD,copies_memset,32.4154,33
3.25,memset,copies_memset,0.167,181
3.25,mx_binary,norm_elementwise,1.2518,182
3.25,mx_block_copy,layout_copy,0.2027,120
3.25,mx_ln_adaln_e,norm_elementwise,0.1648,2
3.25,mx_residual_gate,norm_elementwise,4.8392,30
3.25,mx_unary,norm_elementwise,11.1979,76
3.25,nvjet_sm90_tst_128x128_64x6_2x1_v_bz_bias_TNT,gemm,0.4339,30
3.25,nvjet_sm90_tst_128x224_64x4_2x1_v_bz_coopA_bias_TNT,gemm,3.2488,16
3.25,nvjet_sm90_tst_128x32_64x10_4x2_h_bz_bias_TNT,gemm,0.3563,15
3.25,nvjet_sm90_tst_128x80_64x8_1x2_h_bz_bias_TNT,gemm,0.3144,16
3.25,nvjet_sm90_tst_128x8_64x12_2x1_v_bz_bias_TNT,gemm,0.0491,1
3.25,nvjet_sm90_tst_192x192_64x4_2x1_v_bz_coopB_bias_TNN,gemm,39.023,90
3.25,nvjet_sm90_tst_256x128_64x4_1x2_h_bz_coopA_bias_TNT,gemm,11.1847,75
3.25,nvjet_sm90_tst_256x160_64x4_1x2_h_bz_coopA_TNT,gemm,24.0417,15
3.25,nvjet_sm90_tst_256x160_64x4_2x1_v_bz_coopA_TNT,gemm,23.7959,15
3.25,nvjet_sm90_tst_256x8_64x6_4x1_v_bz_bias_TNT,gemm,0.0302,1
3.25,nvjet_sm90_tst_32x128_64x10_1x4_h_bz_bias_TNN,gemm,1.6058,45
3.25,nvjet_sm90_tst_512x8_64x3_4x1_v_bz_bias_TNT,gemm,0.1123,1
3.25,nvjet_sm90_tst_64x40_64x16_1x2_h_bz_bias_TNT,gemm,1.221,151
3.25,nvjet_sm90_tst_64x8_64x16_2x1_v_bz_bias_TNT,gemm,0.0397,2
3.25,nvjet_sm90_tst_64x8_64x16_2x1_v_bz_splitK_bias_TNT,gemm,0.0735,5
3.25,nvjet_sm90_tst_64x8_64x16_2x4_h_bz_bias_TNT,gemm,0.0058,1
3.25,nvjet_sm90_tst_64x8_64x16_4x1_v_bz_bias_TNT,gemm,0.0662,14
3.25,nvjet_sm90_tst_8x64_64x16_4x1_v_bz_bias_TNN,gemm,0.2576,45
3.25,"cublasLt::splitKreduce_kernel<(int)32, (int)16, int, float, __nv_bfloat16, float, __nv_bfloat16, (bool)0, float, __nv_bfloat16, __nv_bfloat16, (bool)1, (bool)1,…",gemm,0.0114,5
3.5,cast_f32_bf16,cast_quant,1.5474,564
3.5,fa_dc90_fwd_d128,attention,40.2334,31
3.5,flash_mma_fwd2_d64,attention,4.3862,63
3.5,fvf_ltx_gate_merge,norm_elementwise,3.3752,94
3.5,fvf_ltx_qk_norm_rope,norm_elementwise,17.231,188
3.5,fvf_ltx_res_norm_mod,norm_elementwise,17.277,156
3.5,fvf_split_heads_rows,layout_copy,1.7715,94
3.5,memcpy HtoD,copies_memset,31.6532,31
3.5,memset,copies_memset,0.1721,188
3.5,mx_binary,norm_elementwise,1.2954,187
3.5,mx_block_copy,layout_copy,0.2068,124
3.5,mx_residual_gate,norm_elementwise,4.7781,30
3.5,mx_unary,norm_elementwise,11.7218,62
3.5,nvjet_sm90_tst_128x128_64x6_2x1_v_bz_bias_TNT,gemm,0.453,32
3.5,nvjet_sm90_tst_128x224_64x4_2x1_v_bz_coopA_bias_TNT,gemm,3.3892,16
3.5,nvjet_sm90_tst_128x32_64x10_4x2_h_bz_bias_TNT,gemm,0.3556,15
3.5,nvjet_sm90_tst_128x80_64x8_1x2_h_bz_bias_TNT,gemm,0.2785,15
3.5,nvjet_sm90_tst_192x192_64x4_2x1_v_bz_coopB_bias_TNN,gemm,39.7016,92
3.5,nvjet_sm90_tst_256x128_64x4_1x2_h_bz_coopA_bias_TNT,gemm,11.791,80
3.5,nvjet_sm90_tst_256x160_64x4_1x2_h_bz_coopA_TNT,gemm,25.5688,16
3.5,nvjet_sm90_tst_256x160_64x4_2x1_v_bz_coopA_TNT,gemm,25.2279,16
3.5,nvjet_sm90_tst_32x128_64x10_1x4_h_bz_bias_TNN,gemm,1.6869,47
3.5,nvjet_sm90_tst_64x40_64x16_1x2_h_bz_bias_TNT,gemm,1.2541,156
3.5,nvjet_sm90_tst_8x64_64x16_4x1_v_bz_bias_TNN,gemm,0.2642,47
3.75,cast_f32_bf16,cast_quant,1.4894,546
3.75,fa_dc90_fwd_d128,attention,42.5061,31
3.75,flash_mma_fwd2_d64,attention,4.2029,60
3.75,fvf_ltx_gate_merge,norm_elementwise,3.2679,90
3.75,fvf_ltx_qk_norm_rope,norm_elementwise,17.4689,182
3.75,fvf_ltx_res_norm_mod,norm_elementwise,17.0233,151
3.75,fvf_split_heads_rows,layout_copy,1.7939,91
3.75,memcpy HtoD,copies_memset,30.9352,30
3.75,memset,copies_memset,0.1649,183
3.75,mx_binary,norm_elementwise,1.2471,182
3.75,mx_block_copy,layout_copy,0.2025,120
3.75,mx_residual_gate,norm_elementwise,5.1534,32
3.75,mx_unary,norm_elementwise,11.1357,61
3.75,nvjet_sm90_tst_128x128_64x6_2x1_v_bz_bias_TNT,gemm,0.43,30
3.75,nvjet_sm90_tst_128x224_64x4_2x1_v_bz_coopA_bias_TNT,gemm,3.2101,15
3.75,nvjet_sm90_tst_128x32_64x10_4x2_h_bz_bias_TNT,gemm,0.38,16
3.75,nvjet_sm90_tst_128x80_64x8_1x2_h_bz_bias_TNT,gemm,0.2972,16
3.75,nvjet_sm90_tst_192x192_64x4_2x1_v_bz_coopB_bias_TNN,gemm,40.1614,93
3.75,nvjet_sm90_tst_256x128_64x4_1x2_h_bz_coopA_bias_TNT,gemm,11.1717,75
3.75,nvjet_sm90_tst_256x160_64x4_1x2_h_bz_coopA_TNT,gemm,24.1205,15
3.75,nvjet_sm90_tst_256x160_64x4_2x1_v_bz_coopA_TNT,gemm,23.7977,15
3.75,nvjet_sm90_tst_32x128_64x10_1x4_h_bz_bias_TNN,gemm,1.6521,46
3.75,nvjet_sm90_tst_64x40_64x16_1x2_h_bz_bias_TNT,gemm,1.2194,150
3.75,nvjet_sm90_tst_8x64_64x16_4x1_v_bz_bias_TNN,gemm,0.2577,45
4.0,block_copy,layout_copy,0.0087,2
4.0,cast_bf16_f32_bias_act,cast_quant,0.0174,6
4.0,cast_f32_bf16,cast_quant,1.5584,590
4.0,fa_dc90_fwd_d128,attention,40.0828,30
4.0,flash_mma_fwd2_d64,attention,4.1685,61
4.0,fvf_ltx_gate_merge,norm_elementwise,3.3406,92
4.0,fvf_ltx_qk_norm_rope,norm_elementwise,16.8179,182
4.0,fvf_ltx_res_norm_mod,norm_elementwise,17.0154,153
4.0,fvf_split_heads_rows,layout_copy,1.7301,91
4.0,lincomb3,norm_elementwise,0.0212,6
4.0,memcpy HtoD,copies_memset,32.5514,33
4.0,memset,copies_memset,0.1764,183
4.0,mx_binary,norm_elementwise,1.2875,187
4.0,mx_block_copy,layout_copy,0.2085,124
4.0,mx_ln_adaln_e,norm_elementwise,0.1651,2
4.0,mx_residual_gate,norm_elementwise,4.7954,30
4.0,mx_unary,norm_elementwise,11.0657,77
4.0,nvjet_sm90_tst_128x128_64x6_2x1_v_bz_bias_TNT,gemm,0.4288,30
4.0,nvjet_sm90_tst_128x224_64x4_2x1_v_bz_coopA_bias_TNT,gemm,3.2148,16
4.0,nvjet_sm90_tst_128x32_64x10_4x2_h_bz_bias_TNT,gemm,0.3564,15
4.0,nvjet_sm90_tst_128x80_64x8_1x2_h_bz_bias_TNT,gemm,0.3141,16
4.0,nvjet_sm90_tst_128x8_64x12_2x1_v_bz_bias_TNT,gemm,0.0484,1
4.0,nvjet_sm90_tst_192x192_64x4_2x1_v_bz_coopB_bias_TNN,gemm,39.6831,92
4.0,nvjet_sm90_tst_256x128_64x4_1x2_h_bz_coopA_bias_TNT,gemm,11.0948,75
4.0,nvjet_sm90_tst_256x160_64x4_1x2_h_bz_coopA_TNT,gemm,23.9191,15
4.0,nvjet_sm90_tst_256x160_64x4_2x1_v_bz_coopA_TNT,gemm,23.7086,15
4.0,nvjet_sm90_tst_256x8_64x6_4x1_v_bz_bias_TNT,gemm,0.0293,1
4.0,nvjet_sm90_tst_32x128_64x10_1x4_h_bz_bias_TNN,gemm,1.6479,46
4.0,nvjet_sm90_tst_512x8_64x3_4x1_v_bz_bias_TNT,gemm,0.1131,1
4.0,nvjet_sm90_tst_64x40_64x16_1x2_h_bz_bias_TNT,gemm,1.2518,155
4.0,nvjet_sm90_tst_64x8_64x16_2x1_v_bz_bias_TNT,gemm,0.0396,2
4.0,nvjet_sm90_tst_64x8_64x16_2x1_v_bz_splitK_bias_TNT,gemm,0.0746,5
4.0,nvjet_sm90_tst_64x8_64x16_2x4_h_bz_bias_TNT,gemm,0.0057,1
4.0,nvjet_sm90_tst_64x8_64x16_4x1_v_bz_bias_TNT,gemm,0.0663,14
4.0,nvjet_sm90_tst_8x64_64x16_4x1_v_bz_bias_TNN,gemm,0.2595,46
4.0,"cublasLt::splitKreduce_kernel<(int)32, (int)16, int, float, __nv_bfloat16, float, __nv_bfloat16, (bool)0, float, __nv_bfloat16, __nv_bfloat16, (bool)1, (bool)1,…",gemm,0.0122,5
4.25,cast_f32_bf16,cast_quant,1.5479,562
4.25,fa_dc90_fwd_d128,attention,40.5961,31
4.25,flash_mma_fwd2_d64,attention,4.4769,63
4.25,fvf_ltx_gate_merge,norm_elementwise,3.4147,94
4.25,fvf_ltx_qk_norm_rope,norm_elementwise,17.4737,188
4.25,fvf_ltx_res_norm_mod,norm_elementwise,17.5153,156
4.25,fvf_split_heads_rows,layout_copy,1.7845,94
4.25,memcpy HtoD,copies_memset,31.8198,31
4.25,memset,copies_memset,0.185,186
4.25,mx_binary,norm_elementwise,1.272,185
4.25,mx_block_copy,layout_copy,0.2091,124
4.25,mx_residual_gate,norm_elementwise,4.8264,30
4.25,mx_unary,norm_elementwise,11.8721,62
4.25,nvjet_sm90_tst_128x128_64x6_2x1_v_bz_bias_TNT,gemm,0.4598,32
4.25,nvjet_sm90_tst_128x224_64x4_2x1_v_bz_coopA_bias_TNT,gemm,3.4061,16
4.25,nvjet_sm90_tst_128x32_64x10_4x2_h_bz_bias_TNT,gemm,0.3568,15
4.25,nvjet_sm90_tst_128x80_64x8_1x2_h_bz_bias_TNT,gemm,0.2797,15
4.25,nvjet_sm90_tst_192x192_64x4_2x1_v_bz_coopB_bias_TNN,gemm,39.2433,91
4.25,nvjet_sm90_tst_256x128_64x4_1x2_h_bz_coopA_bias_TNT,gemm,11.8294,80
4.25,nvjet_sm90_tst_256x160_64x4_1x2_h_bz_coopA_TNT,gemm,23.9203,15
4.25,nvjet_sm90_tst_256x160_64x4_2x1_v_bz_coopA_TNT,gemm,25.1172,16
4.25,nvjet_sm90_tst_32x128_64x10_1x4_h_bz_bias_TNN,gemm,1.6483,46
4.25,nvjet_sm90_tst_64x40_64x16_1x2_h_bz_bias_TNT,gemm,1.2681,156
4.25,nvjet_sm90_tst_8x64_64x16_4x1_v_bz_bias_TNN,gemm,0.2684,47
4.5,cast_f32_bf16,cast_quant,1.4953,546
4.5,fa_dc90_fwd_d128,attention,42.841,31
4.5,flash_mma_fwd2_d64,attention,4.2312,60
4.5,fvf_ltx_gate_merge,norm_elementwise,3.2959,90
4.5,fvf_ltx_qk_norm_rope,norm_elementwise,17.5946,182
4.5,fvf_ltx_res_norm_mod,norm_elementwise,17.1151,151
4.5,fvf_split_heads_rows,layout_copy,1.8082,91
4.5,memcpy HtoD,copies_memset,31.1748,30
4.5,memset,copies_memset,0.1812,184
4.5,mx_binary,norm_elementwise,1.253,182
4.5,mx_block_copy,layout_copy,0.2051,120
4.5,mx_residual_gate,norm_elementwise,5.1733,32
4.5,mx_unary,norm_elementwise,11.1969,61
4.5,nvjet_sm90_tst_128x128_64x6_2x1_v_bz_bias_TNT,gemm,0.4336,30
4.5,nvjet_sm90_tst_128x224_64x4_2x1_v_bz_coopA_bias_TNT,gemm,3.2151,15
4.5,nvjet_sm90_tst_128x32_64x10_4x2_h_bz_bias_TNT,gemm,0.3818,16
4.5,nvjet_sm90_tst_128x80_64x8_1x2_h_bz_bias_TNT,gemm,0.2993,16
4.5,nvjet_sm90_tst_192x192_64x4_2x1_v_bz_coopB_bias_TNN,gemm,40.2343,93
4.5,nvjet_sm90_tst_256x128_64x4_1x2_h_bz_coopA_bias_TNT,gemm,11.1852,75
4.5,nvjet_sm90_tst_256x160_64x4_1x2_h_bz_coopA_TNT,gemm,25.7234,16
4.5,nvjet_sm90_tst_256x160_64x4_2x1_v_bz_coopA_TNT,gemm,23.7733,15
4.5,nvjet_sm90_tst_32x128_64x10_1x4_h_bz_bias_TNN,gemm,1.6406,46
4.5,nvjet_sm90_tst_64x40_64x16_1x2_h_bz_bias_TNT,gemm,1.2185,150
4.5,nvjet_sm90_tst_8x64_64x16_4x1_v_bz_bias_TNN,gemm,0.2586,45
4.75,block_copy,layout_copy,0.0087,2
4.75,cast_bf16_f32_bias_act,cast_quant,0.0173,6
4.75,cast_f32_bf16,cast_quant,1.5562,582
4.75,fa_dc90_fwd_d128,attention,40.3763,30
4.75,flash_mma_fwd2_d64,attention,4.2278,60
4.75,fvf_ltx_gate_merge,norm_elementwise,3.2797,90
4.75,fvf_ltx_qk_norm_rope,norm_elementwise,16.9592,180
4.75,fvf_ltx_res_norm_mod,norm_elementwise,16.8725,150
4.75,fvf_split_heads_rows,layout_copy,1.7382,90
4.75,lincomb3,norm_elementwise,0.0209,6
4.75,memcpy HtoD,copies_memset,31.554,32
4.75,memset,copies_memset,0.1703,181
4.75,mx_binary,norm_elementwise,1.2485,182
4.75,mx_block_copy,layout_copy,0.2014,120
4.75,mx_ln_adaln_e,norm_elementwise,0.1648,2
4.75,mx_residual_gate,norm_elementwise,4.8388,30
4.75,mx_unary,norm_elementwise,11.1876,76
4.75,nvjet_sm90_tst_128x128_64x6_2x1_v_bz_bias_TNT,gemm,0.4331,30
4.75,nvjet_sm90_tst_128x224_64x4_2x1_v_bz_coopA_bias_TNT,gemm,3.2409,16
4.75,nvjet_sm90_tst_128x32_64x10_4x2_h_bz_bias_TNT,gemm,0.359,15
4.75,nvjet_sm90_tst_128x80_64x8_1x2_h_bz_bias_TNT,gemm,0.3163,16
4.75,nvjet_sm90_tst_128x8_64x12_2x1_v_bz_bias_TNT,gemm,0.0493,1
4.75,nvjet_sm90_tst_192x192_64x4_2x1_v_bz_coopB_bias_TNN,gemm,38.9265,90
4.75,nvjet_sm90_tst_256x128_64x4_1x2_h_bz_coopA_bias_TNT,gemm,11.1563,75
4.75,nvjet_sm90_tst_256x160_64x4_1x2_h_bz_coopA_TNT,gemm,24.0102,15
4.75,nvjet_sm90_tst_256x160_64x4_2x1_v_bz_coopA_TNT,gemm,23.7526,15
4.75,nvjet_sm90_tst_256x8_64x6_4x1_v_bz_bias_TNT,gemm,0.0303,1
4.75,nvjet_sm90_tst_32x128_64x10_1x4_h_bz_bias_TNN,gemm,1.6124,45
4.75,nvjet_sm90_tst_512x8_64x3_4x1_v_bz_bias_TNT,gemm,0.1137,1
4.75,nvjet_sm90_tst_64x40_64x16_1x2_h_bz_bias_TNT,gemm,1.2257,151
4.75,nvjet_sm90_tst_64x8_64x16_2x1_v_bz_bias_TNT,gemm,0.0393,2
4.75,nvjet_sm90_tst_64x8_64x16_2x1_v_bz_splitK_bias_TNT,gemm,0.0743,5
4.75,nvjet_sm90_tst_64x8_64x16_2x4_h_bz_bias_TNT,gemm,0.0057,1
4.75,nvjet_sm90_tst_64x8_64x16_4x1_v_bz_bias_TNT,gemm,0.0666,14
4.75,nvjet_sm90_tst_8x64_64x16_4x1_v_bz_bias_TNN,gemm,0.2578,45
4.75,"cublasLt::splitKreduce_kernel<(int)32, (int)16, int, float, __nv_bfloat16, float, __nv_bfloat16, (bool)0, float, __nv_bfloat16, __nv_bfloat16, (bool)1, (bool)1,…",gemm,0.0111,5
5.0,cast_f32_bf16,cast_quant,1.5601,570
5.0,fa_dc90_fwd_d128,attention,40.131,31
5.0,flash_mma_fwd2_d64,attention,4.4124,64
5.0,fvf_ltx_gate_merge,norm_elementwise,3.465,96
5.0,fvf_ltx_qk_norm_rope,norm_elementwise,17.2975,190
5.0,fvf_ltx_res_norm_mod,norm_elementwise,17.5899,159
5.0,fvf_split_heads_rows,layout_copy,1.7738,95
5.0,memcpy HtoD,copies_memset,33.1206,32
5.0,memset,copies_memset,0.1675,188
5.0,mx_binary,norm_elementwise,1.306,190
5.0,mx_block_copy,layout_copy,0.2136,128
5.0,mx_residual_gate,norm_elementwise,4.7869,30
5.0,mx_unary,norm_elementwise,11.035,62
5.0,nvjet_sm90_tst_128x128_64x6_2x1_v_bz_bias_TNT,gemm,0.4557,32
5.0,nvjet_sm90_tst_128x224_64x4_2x1_v_bz_coopA_bias_TNT,gemm,3.392,16
5.0,nvjet_sm90_tst_128x32_64x10_4x2_h_bz_bias_TNT,gemm,0.356,15
5.0,nvjet_sm90_tst_128x80_64x8_1x2_h_bz_bias_TNT,gemm,0.2806,15
5.0,nvjet_sm90_tst_192x192_64x4_2x1_v_bz_coopB_bias_TNN,gemm,39.9658,93
5.0,nvjet_sm90_tst_256x128_64x4_1x2_h_bz_coopA_bias_TNT,gemm,11.7329,80
5.0,nvjet_sm90_tst_256x160_64x4_1x2_h_bz_coopA_TNT,gemm,23.7938,15
5.0,nvjet_sm90_tst_256x160_64x4_2x1_v_bz_coopA_TNT,gemm,25.0358,16
5.0,nvjet_sm90_tst_32x128_64x10_1x4_h_bz_bias_TNN,gemm,1.6855,47
5.0,nvjet_sm90_tst_64x40_64x16_1x2_h_bz_bias_TNT,gemm,1.2893,160
5.0,nvjet_sm90_tst_8x64_64x16_4x1_v_bz_bias_TNN,gemm,0.2721,48
5.25,cast_f32_bf16,cast_quant,1.4871,546
5.25,fa_dc90_fwd_d128,attention,42.4138,31
5.25,flash_mma_fwd2_d64,attention,4.1702,60
5.25,fvf_ltx_gate_merge,norm_elementwise,3.2636,90
5.25,fvf_ltx_qk_norm_rope,norm_elementwise,17.3686,182
5.25,fvf_ltx_res_norm_mod,norm_elementwise,16.9172,151
5.25,fvf_split_heads_rows,layout_copy,1.7907,91
5.25,memcpy HtoD,copies_memset,31.0626,30
5.25,memset,copies_memset,0.1632,184
5.25,mx_binary,norm_elementwise,1.2387,182
5.25,mx_block_copy,layout_copy,0.2017,120
5.25,mx_residual_gate,norm_elementwise,5.1199,32
5.25,mx_unary,norm_elementwise,11.807,62
5.25,nvjet_sm90_tst_128x128_64x6_2x1_v_bz_bias_TNT,gemm,0.4269,30
5.25,nvjet_sm90_tst_128x224_64x4_2x1_v_bz_coopA_bias_TNT,gemm,3.1962,15
5.25,nvjet_sm90_tst_128x32_64x10_4x2_h_bz_bias_TNT,gemm,0.3808,16
5.25,nvjet_sm90_tst_128x80_64x8_1x2_h_bz_bias_TNT,gemm,0.2993,16
5.25,nvjet_sm90_tst_192x192_64x4_2x1_v_bz_coopB_bias_TNN,gemm,40.1122,93
5.25,nvjet_sm90_tst_256x128_64x4_1x2_h_bz_coopA_bias_TNT,gemm,11.1042,75
5.25,nvjet_sm90_tst_256x160_64x4_1x2_h_bz_coopA_TNT,gemm,25.6338,16
5.25,nvjet_sm90_tst_256x160_64x4_2x1_v_bz_coopA_TNT,gemm,23.7445,15
5.25,nvjet_sm90_tst_32x128_64x10_1x4_h_bz_bias_TNN,gemm,1.6414,46
5.25,nvjet_sm90_tst_64x40_64x16_1x2_h_bz_bias_TNT,gemm,1.2105,150
5.25,nvjet_sm90_tst_8x64_64x16_4x1_v_bz_bias_TNN,gemm,0.2567,45
5.5,block_copy,layout_copy,0.0087,2
5.5,cast_bf16_f32_bias_act,cast_quant,0.017,6
5.5,cast_f32_bf16,cast_quant,1.5568,588
5.5,fa_dc90_fwd_d128,attention,39.962,30
5.5,flash_mma_fwd2_d64,attention,4.1341,61
5.5,fvf_ltx_gate_merge,norm_elementwise,3.329,92
5.5,fvf_ltx_qk_norm_rope,norm_elementwise,16.7253,182
5.5,fvf_ltx_res_norm_mod,norm_elementwise,16.9088,153
5.5,fvf_split_heads_rows,layout_copy,1.7197,91
5.5,lincomb3,norm_elementwise,0.0207,6
5.5,memcpy HtoD,copies_memset,32.5041,33
5.5,memset,copies_memset,0.1621,182
5.5,mx_binary,norm_elementwise,1.2384,185
5.5,mx_block_copy,layout_copy,0.2074,124
5.5,mx_ln_adaln_e,norm_elementwise,0.1622,2
5.5,mx_residual_gate,norm_elementwise,4.7779,30
5.5,mx_unary,norm_elementwise,11.0417,77
5.5,nvjet_sm90_tst_128x128_64x6_2x1_v_bz_bias_TNT,gemm,0.4262,30
5.5,nvjet_sm90_tst_128x224_64x4_2x1_v_bz_coopA_bias_TNT,gemm,3.2188,16
5.5,nvjet_sm90_tst_128x32_64x10_4x2_h_bz_bias_TNT,gemm,0.3573,15
5.5,nvjet_sm90_tst_128x80_64x8_1x2_h_bz_bias_TNT,gemm,0.3133,16
5.5,nvjet_sm90_tst_128x8_64x12_2x1_v_bz_bias_TNT,gemm,0.0493,1
5.5,nvjet_sm90_tst_192x192_64x4_2x1_v_bz_coopB_bias_TNN,gemm,39.2035,91
5.5,nvjet_sm90_tst_256x128_64x4_1x2_h_bz_coopA_bias_TNT,gemm,11.0695,75
5.5,nvjet_sm90_tst_256x160_64x4_1x2_h_bz_coopA_TNT,gemm,23.9442,15
5.5,nvjet_sm90_tst_256x160_64x4_2x1_v_bz_coopA_TNT,gemm,23.7762,15
5.5,nvjet_sm90_tst_256x8_64x6_4x1_v_bz_bias_TNT,gemm,0.0302,1
5.5,nvjet_sm90_tst_32x128_64x10_1x4_h_bz_bias_TNN,gemm,1.6125,45
5.5,nvjet_sm90_tst_512x8_64x3_4x1_v_bz_bias_TNT,gemm,0.1137,1
5.5,nvjet_sm90_tst_64x40_64x16_1x2_h_bz_bias_TNT,gemm,1.2431,155
5.5,nvjet_sm90_tst_64x8_64x16_2x1_v_bz_bias_TNT,gemm,0.0392,2
5.5,nvjet_sm90_tst_64x8_64x16_2x1_v_bz_splitK_bias_TNT,gemm,0.0749,5
5.5,nvjet_sm90_tst_64x8_64x16_2x4_h_bz_bias_TNT,gemm,0.0056,1
5.5,nvjet_sm90_tst_64x8_64x16_4x1_v_bz_bias_TNT,gemm,0.0665,14
5.5,nvjet_sm90_tst_8x64_64x16_4x1_v_bz_bias_TNN,gemm,0.2597,46
5.5,"cublasLt::splitKreduce_kernel<(int)32, (int)16, int, float, __nv_bfloat16, float, __nv_bfloat16, (bool)0, float, __nv_bfloat16, __nv_bfloat16, (bool)1, (bool)1,…",gemm,0.0113,5
5.75,cast_f32_bf16,cast_quant,1.5494,564
5.75,fa_dc90_fwd_d128,attention,40.2036,31
5.75,flash_mma_fwd2_d64,attention,4.4241,63
5.75,fvf_ltx_gate_merge,norm_elementwise,3.3945,94
5.75,fvf_ltx_qk_norm_rope,norm_elementwise,17.2848,188
5.75,fvf_ltx_res_norm_mod,norm_elementwise,17.3574,156
5.75,fvf_split_heads_rows,layout_copy,1.7757,94
5.75,memcpy HtoD,copies_memset,31.8303,31
5.75,memset,copies_memset,0.1709,188
5.75,mx_binary,norm_elementwise,1.299,187
5.75,mx_block_copy,layout_copy,0.2078,124
5.75,mx_residual_gate,norm_elementwise,4.789,30
5.75,mx_unary,norm_elementwise,11.7536,62
5.75,nvjet_sm90_tst_128x128_64x6_2x1_v_bz_bias_TNT,gemm,0.4571,32
5.75,nvjet_sm90_tst_128x224_64x4_2x1_v_bz_coopA_bias_TNT,gemm,3.3712,16
5.75,nvjet_sm90_tst_128x32_64x10_4x2_h_bz_bias_TNT,gemm,0.3568,15
5.75,nvjet_sm90_tst_128x80_64x8_1x2_h_bz_bias_TNT,gemm,0.2756,15
5.75,nvjet_sm90_tst_192x192_64x4_2x1_v_bz_coopB_bias_TNN,gemm,39.5805,92
5.75,nvjet_sm90_tst_256x128_64x4_1x2_h_bz_coopA_bias_TNT,gemm,11.7371,80
5.75,nvjet_sm90_tst_256x160_64x4_1x2_h_bz_coopA_TNT,gemm,25.3261,16
5.75,nvjet_sm90_tst_256x160_64x4_2x1_v_bz_coopA_TNT,gemm,25.0007,16
5.75,nvjet_sm90_tst_32x128_64x10_1x4_h_bz_bias_TNN,gemm,1.6801,47
5.75,nvjet_sm90_tst_64x40_64x16_1x2_h_bz_bias_TNT,gemm,1.257,156
5.75,nvjet_sm90_tst_8x64_64x16_4x1_v_bz_bias_TNN,gemm,0.2672,47
6.0,cast_f32_bf16,cast_quant,1.4884,552
6.0,fa_dc90_fwd_d128,attention,42.1605,31
6.0,flash_mma_fwd2_d64,attention,4.127,61
6.0,fvf_ltx_gate_merge,norm_elementwise,3.3286,92
6.0,fvf_ltx_qk_norm_rope,norm_elementwise,17.2672,184
6.0,fvf_ltx_res_norm_mod,norm_elementwise,17.0816,154
6.0,fvf_split_heads_rows,layout_copy,1.7868,92
6.0,memcpy HtoD,copies_memset,32.4597,31
6.0,memset,copies_memset,0.1688,184
6.0,mx_binary,norm_elementwise,1.2361,185
6.0,mx_block_copy,layout_copy,0.2068,124
6.0,mx_residual_gate,norm_elementwise,5.0991,32
6.0,mx_unary,norm_elementwise,11.0274,62
6.0,nvjet_sm90_tst_128x128_64x6_2x1_v_bz_bias_TNT,gemm,0.4274,30
6.0,nvjet_sm90_tst_128x224_64x4_2x1_v_bz_coopA_bias_TNT,gemm,3.171,15
6.0,nvjet_sm90_tst_128x32_64x10_4x2_h_bz_bias_TNT,gemm,0.3817,16
6.0,nvjet_sm90_tst_128x80_64x8_1x2_h_bz_bias_TNT,gemm,0.294,16
6.0,nvjet_sm90_tst_192x192_64x4_2x1_v_bz_coopB_bias_TNN,gemm,40.5045,94
6.0,nvjet_sm90_tst_256x128_64x4_1x2_h_bz_coopA_bias_TNT,gemm,11.0728,75
6.0,nvjet_sm90_tst_256x160_64x4_1x2_h_bz_coopA_TNT,gemm,24.0094,15
6.0,nvjet_sm90_tst_256x160_64x4_2x1_v_bz_coopA_TNT,gemm,23.7337,15
6.0,nvjet_sm90_tst_32x128_64x10_1x4_h_bz_bias_TNN,gemm,1.6415,46
6.0,nvjet_sm90_tst_64x40_64x16_1x2_h_bz_bias_TNT,gemm,1.2389,154
6.0,nvjet_sm90_tst_8x64_64x16_4x1_v_bz_bias_TNN,gemm,0.2592,46
6.25,cast_bf16_f32_bias_act,cast_quant,0.017,6
6.25,cast_f32_bf16,cast_quant,1.4791,536
6.25,fa_dc90_fwd_d128,attention,37.5813,29
6.25,flash_mma_fwd2_d64,attention,4.1566,59
6.25,fvf_ltx_gate_merge,norm_elementwise,3.1751,88
6.25,fvf_ltx_qk_norm_rope,norm_elementwise,16.1899,176
6.25,fvf_ltx_res_norm_mod,norm_elementwise,16.274,146
6.25,fvf_split_heads_rows,layout_copy,1.6608,88
6.25,lincomb3,norm_elementwise,0.0075,2
6.25,memcpy HtoD,copies_memset,29.6757,29
6.25,memset,copies_memset,0.1605,176
6.25,mx_binary,norm_elementwise,1.2262,177
6.25,mx_block_copy,layout_copy,0.1938,116
6.25,mx_ln_adaln_e,norm_elementwise,0.1666,2
6.25,mx_residual_gate,norm_elementwise,4.8003,30
6.25,mx_unary,norm_elementwise,11.0577,59
6.25,nvjet_sm90_tst_128x128_64x6_2x1_v_bz_bias_TNT,gemm,0.4294,30
6.25,nvjet_sm90_tst_128x224_64x4_2x1_v_bz_coopA_bias_TNT,gemm,3.1871,15
6.25,nvjet_sm90_tst_128x32_64x10_4x2_h_bz_bias_TNT,gemm,0.3568,15
6.25,nvjet_sm90_tst_128x80_64x8_1x2_h_bz_bias_TNT,gemm,0.3125,16
6.25,nvjet_sm90_tst_192x192_64x4_2x1_v_bz_coopB_bias_TNN,gemm,37.1222,86
6.25,nvjet_sm90_tst_256x128_64x4_1x2_h_bz_coopA_bias_TNT,gemm,11.1484,75
6.25,nvjet_sm90_tst_256x160_64x4_1x2_h_bz_coopA_TNT,gemm,24.058,15
6.25,nvjet_sm90_tst_256x160_64x4_2x1_v_bz_coopA_TNT,gemm,23.8338,15
6.25,nvjet_sm90_tst_32x128_64x10_1x4_h_bz_bias_TNN,gemm,1.5707,44
6.25,nvjet_sm90_tst_64x40_64x16_1x2_h_bz_bias_TNT,gemm,1.1784,146
6.25,nvjet_sm90_tst_64x8_64x16_2x4_h_bz_bias_TNT,gemm,0.0057,1
6.25,nvjet_sm90_tst_8x64_64x16_4x1_v_bz_bias_TNN,gemm,0.2496,44
6.5,memcpy HtoD,copies_memset,112.5644,40
6.75,add_bias_inplace,norm_elementwise,1.0895,12
6.75,bcast_binary,norm_elementwise,0.014,2
6.75,cast_bf16_f32_bias_act,cast_quant,0.688,11
6.75,cast_f32_bf16,cast_quant,2.2709,24
6.75,elem_add,norm_elementwise,0.401,5
6.75,gather_nd,layout_copy,2.6325,4
6.75,group_norm_apply,vae_conv,1.5687,11
6.75,group_norm_stats,vae_conv,1.2788,11
6.75,memcpy HtoD,copies_memset,86.8204,32
6.75,memset,copies_memset,0.0268,24
6.75,mul_scalar,norm_elementwise,0.0041,1
6.75,pad_axis,layout_copy,5.0234,36
6.75,silu,norm_elementwise,0.7505,11
6.75,sm90_xmma_fprop_implicit_gemm_bf16bf16_bf16f32_f32_nhwckrsc_nhwc_tilesize256x128x64_warpgroupsize2x1x1_g1_execute_segment_k_off_kernel__5x_cudnn,vae_conv,14.4782,12
6.75,sm90_xmma_fprop_implicit_gemm_f32f32_tf32f32_f32_nhwckrsc_nhwc_tilesize64x128x32_warpgroupsize1x1x1_g1_execute_segment_k_off_kernel__5x_cudnn,vae_conv,2.1357,1
6.75,"cudnn::engines_precompiled::nchwToNhwcKernel<__nv_bfloat16, __nv_bfloat16, float, (bool)0, (bool)1, (cudnnKernelDataType_t)0>(cudnn::engines_precompiled::nchw2n…",vae_conv,1.1161,24
6.75,"cudnn::engines_precompiled::nchwToNhwcKernel<float, float, float, (bool)0, (bool)1, (cudnnKernelDataType_t)0>(cudnn::engines_precompiled::nchw2nhwc_params_t<T3>…",vae_conv,0.2461,2
6.75,"cudnn::engines_precompiled::nhwcToNchwKernel<__nv_bfloat16, __nv_bfloat16, float, (bool)1, (bool)0, (cudnnKernelDataType_t)0>(cudnn::engines_precompiled::nhwc2n…",vae_conv,0.3334,11
6.75,"cudnn::engines_precompiled::nhwcToNchwKernel<float, float, float, (bool)1, (bool)0, (cudnnKernelDataType_t)0>(cudnn::engines_precompiled::nhwc2nchw_params_t<T3>…",vae_conv,0.1337,1
7.0,add_bias_inplace,norm_elementwise,1.2496,7
7.0,bcast_binary,norm_elementwise,0.0467,2
7.0,block_copy,layout_copy,0.0277,2
7.0,cast_bf16_f32_bias_act,cast_quant,1.0088,10
7.0,cast_f32_bf16,cast_quant,1.7647,15
7.0,elem_add,norm_elementwise,0.5839,3
7.0,gather_nd,layout_copy,0.1374,1
7.0,group_norm_apply,vae_conv,2.1968,6
7.0,group_norm_stats,vae_conv,1.8028,6
7.0,lincomb3,norm_elementwise,0.0571,4
7.0,memcpy HtoD,copies_memset,0.3683,1
7.0,memset,copies_memset,0.014,12
7.0,mul_scalar,norm_elementwise,0.0197,1
7.0,pad_axis,layout_copy,5.8061,18
7.0,silu,norm_elementwise,1.0472,6
7.0,sm90_xmma_fprop_implicit_gemm_bf16bf16_bf16f32_f32_nhwckrsc_nhwc_tilesize256x128x64_warpgroupsize2x1x1_g1_execute_segment_k_off_kernel__5x_cudnn,vae_conv,13.4446,5
7.0,sm90_xmma_fprop_implicit_gemm_bf16bf16_bf16f32_f32_nhwckrsc_nhwc_tilesize64x128x64_warpgroupsize1x1x1_g1_execute_segment_k_off_kernel__5x_cudnn,vae_conv,0.401,1
7.0,"cudnn::engines_precompiled::nchwToNhwcKernel<__nv_bfloat16, __nv_bfloat16, float, (bool)0, (bool)1, (cudnnKernelDataType_t)0>(cudnn::engines_precompiled::nchw2n…",vae_conv,0.8328,12
7.0,"cudnn::engines_precompiled::nhwcToNchwKernel<__nv_bfloat16, __nv_bfloat16, float, (bool)1, (bool)0, (cudnnKernelDataType_t)0>(cudnn::engines_precompiled::nhwc2n…",vae_conv,0.4828,7
11.5,memcpy HtoD,copies_memset,56.0396,1
11.75,memcpy HtoD,copies_memset,56.8463,3
12.25,cast_f32_bf16,cast_quant,0.0843,40
12.25,fa_dc90_fwd_d128,attention,34.876,1
12.25,fvf_ltx_qk_norm_rope,norm_elementwise,2.0921,2
12.25,fvf_ltx_res_norm_mod,norm_elementwise,0.6484,1
12.25,fvf_split_heads_rows,layout_copy,0.2573,1
12.25,memcpy HtoD,copies_memset,55.9852,5
12.25,memset,copies_memset,0.0055,4
12.25,mx_binary,norm_elementwise,0.0059,2
12.25,mx_unary,norm_elementwise,0.0234,16
12.25,nvjet_sm90_tst_128x8_64x12_2x1_v_bz_bias_TNT,gemm,0.0484,1
12.25,nvjet_sm90_tst_256x144_64x4_1x2_h_bz_coopA_bias_TNT,gemm,4.8224,4
12.25,nvjet_sm90_tst_256x8_64x6_4x1_v_bz_bias_TNT,gemm,0.0293,1
12.25,nvjet_sm90_tst_32x192_64x7_1x2_h_bz_bias_TNN,gemm,0.1208,1
12.25,nvjet_sm90_tst_512x8_64x3_4x1_v_bz_bias_TNT,gemm,0.1162,1
12.25,nvjet_sm90_tst_64x40_64x16_1x2_h_bz_bias_TNT,gemm,0.0037,1
12.25,nvjet_sm90_tst_64x8_64x16_2x1_v_bz_bias_TNT,gemm,0.0397,2
12.25,nvjet_sm90_tst_64x8_64x16_2x1_v_bz_splitK_bias_TNT,gemm,0.0743,5
12.25,nvjet_sm90_tst_64x8_64x16_4x1_v_bz_bias_TNT,gemm,0.0654,14
12.25,"cublasLt::splitKreduce_kernel<(int)32, (int)16, int, float, __nv_bfloat16, float, __nv_bfloat16, (bool)0, float, __nv_bfloat16, __nv_bfloat16, (bool)1, (bool)1,…",gemm,0.0111,5
12.5,cast_f32_bf16,cast_quant,0.4113,144
12.5,fa_dc90_fwd_d128,attention,5.3983,4
12.5,flash_mma_fwd2_d64,attention,4.073,16
12.5,fvf_ltx_gate_merge,norm_elementwise,3.3083,24
12.5,fvf_ltx_qk_norm_rope,norm_elementwise,16.7045,48
12.5,fvf_ltx_res_norm_mod,norm_elementwise,17.132,40
12.5,fvf_split_heads_rows,layout_copy,1.6548,24
12.5,memcpy HtoD,copies_memset,8.4833,8
12.5,memset,copies_memset,0.044,48
12.5,mx_binary,norm_elementwise,0.3409,48
12.5,mx_block_copy,layout_copy,0.055,32
12.5,mx_residual_gate,norm_elementwise,5.1177,8
12.5,mx_unary,norm_elementwise,11.8099,16
12.5,nvjet_sm90_tst_128x128_64x6_2x1_v_bz_bias_TNT,gemm,0.1168,8
12.5,nvjet_sm90_tst_128x32_64x10_4x2_h_bz_bias_TNT,gemm,0.0956,4
12.5,nvjet_sm90_tst_128x80_64x8_1x2_h_bz_bias_TNT,gemm,0.0765,4
12.5,nvjet_sm90_tst_256x128_64x4_1x2_h_bz_coopA_bias_TNT,gemm,0.3649,8
12.5,nvjet_sm90_tst_256x144_64x4_1x2_h_bz_coopA_bias_TNT,gemm,50.4298,40
12.5,nvjet_sm90_tst_256x160_64x4_2x1_v_bz_coopA_TNT,gemm,49.5902,8
12.5,nvjet_sm90_tst_32x192_64x7_1x2_h_bz_bias_TNN,gemm,1.4745,12
12.5,nvjet_sm90_tst_64x40_64x16_1x2_h_bz_bias_TNT,gemm,0.3302,40
12.5,nvjet_sm90_tst_8x64_64x16_4x1_v_bz_bias_TNN,gemm,0.0695,12
12.5,sol_mma_fwd_x4f,attention,78.4856,4
12.5,sol_prep_kstats,attention,0.1294,4
12.5,sol_prep_kv,attention,1.1095,4
12.5,sol_prep_q,attention,0.574,4
12.75,cast_f32_bf16,cast_quant,0.4023,142
12.75,fa_dc90_fwd_d128,attention,5.4225,4
12.75,flash_mma_fwd2_d64,attention,4.0232,16
12.75,fvf_ltx_gate_merge,norm_elementwise,3.2859,24
12.75,fvf_ltx_qk_norm_rope,norm_elementwise,15.3916,47
12.75,fvf_ltx_res_norm_mod,norm_elementwise,16.9068,40
12.75,fvf_split_heads_rows,layout_copy,1.3923,23
12.75,memcpy HtoD,copies_memset,8.3967,8
12.75,memset,copies_memset,0.0428,46
12.75,mx_binary,norm_elementwise,0.3351,48
12.75,mx_block_copy,layout_copy,0.0541,32
12.75,mx_residual_gate,norm_elementwise,5.0758,8
12.75,mx_unary,norm_elementwise,11.7837,16
12.75,nvjet_sm90_tst_128x128_64x6_2x1_v_bz_bias_TNT,gemm,0.116,8
12.75,nvjet_sm90_tst_128x32_64x10_4x2_h_bz_bias_TNT,gemm,0.096,4
12.75,nvjet_sm90_tst_128x80_64x8_1x2_h_bz_bias_TNT,gemm,0.0738,4
12.75,nvjet_sm90_tst_256x128_64x4_1x2_h_bz_coopA_bias_TNT,gemm,0.3638,8
12.75,nvjet_sm90_tst_256x144_64x4_1x2_h_bz_coopA_bias_TNT,gemm,46.8698,38
12.75,nvjet_sm90_tst_256x160_64x4_2x1_v_bz_coopA_TNT,gemm,48.8084,8
12.75,nvjet_sm90_tst_32x192_64x7_1x2_h_bz_bias_TNN,gemm,1.4702,12
12.75,nvjet_sm90_tst_64x40_64x16_1x2_h_bz_bias_TNT,gemm,0.3302,40
12.75,nvjet_sm90_tst_8x64_64x16_4x1_v_bz_bias_TNN,gemm,0.0691,12
12.75,sol_mma_fwd_x4f,attention,56.3494,3
12.75,sol_prep_kstats,attention,0.0963,3
12.75,sol_prep_kv,attention,0.8293,3
12.75,sol_prep_q,attention,0.4303,3
13.0,cast_f32_bf16,cast_quant,0.4031,140
13.0,fa_dc90_fwd_d128,attention,5.5156,4
13.0,flash_mma_fwd2_d64,attention,4.008,16
13.0,fvf_ltx_gate_merge,norm_elementwise,3.3171,24
13.0,fvf_ltx_qk_norm_rope,norm_elementwise,15.554,47
13.0,fvf_ltx_res_norm_mod,norm_elementwise,16.3697,39
13.0,fvf_split_heads_rows,layout_copy,1.6502,24
13.0,memcpy HtoD,copies_memset,8.4413,8
13.0,memset,copies_memset,0.042,47
13.0,mx_binary,norm_elementwise,0.3343,46
13.0,mx_block_copy,layout_copy,0.0548,32
13.0,mx_residual_gate,norm_elementwise,3.8077,6
13.0,mx_unary,norm_elementwise,11.6922,15
13.0,nvjet_sm90_tst_128x128_64x6_2x1_v_bz_bias_TNT,gemm,0.1159,8
13.0,nvjet_sm90_tst_128x32_64x10_4x2_h_bz_bias_TNT,gemm,0.0708,3
13.0,nvjet_sm90_tst_128x80_64x8_1x2_h_bz_bias_TNT,gemm,0.0562,3
13.0,nvjet_sm90_tst_256x128_64x4_1x2_h_bz_coopA_bias_TNT,gemm,0.3718,8
13.0,nvjet_sm90_tst_256x144_64x4_1x2_h_bz_coopA_bias_TNT,gemm,48.6732,39
13.0,nvjet_sm90_tst_256x160_64x4_2x1_v_bz_coopA_TNT,gemm,48.8158,8
13.0,nvjet_sm90_tst_32x192_64x7_1x2_h_bz_bias_TNN,gemm,1.346,11
13.0,nvjet_sm90_tst_64x40_64x16_1x2_h_bz_bias_TNT,gemm,0.3285,40
13.0,nvjet_sm90_tst_8x64_64x16_4x1_v_bz_bias_TNN,gemm,0.0692,12
13.0,sol_mma_fwd_x4f,attention,77.3645,4
13.0,sol_prep_kstats,attention,0.1283,4
13.0,sol_prep_kv,attention,1.1092,4
13.0,sol_prep_q,attention,0.574,4
13.25,cast_f32_bf16,cast_quant,0.4104,144
13.25,fa_dc90_fwd_d128,attention,5.5784,4
13.25,flash_mma_fwd2_d64,attention,4.0624,16
13.25,fvf_ltx_gate_merge,norm_elementwise,3.3324,24
13.25,fvf_ltx_qk_norm_rope,norm_elementwise,16.7649,48
13.25,fvf_ltx_res_norm_mod,norm_elementwise,17.1714,40
13.25,fvf_split_heads_rows,layout_copy,1.6551,24
13.25,memcpy HtoD,copies_memset,8.4108,8
13.25,memset,copies_memset,0.0422,47
13.25,mx_binary,norm_elementwise,0.3424,48
13.25,mx_block_copy,layout_copy,0.0557,32
13.25,mx_residual_gate,norm_elementwise,5.1068,8
13.25,mx_unary,norm_elementwise,8.8162,15
13.25,nvjet_sm90_tst_128x128_64x6_2x1_v_bz_bias_TNT,gemm,0.1192,8
13.25,nvjet_sm90_tst_128x32_64x10_4x2_h_bz_bias_TNT,gemm,0.0951,4
13.25,nvjet_sm90_tst_128x80_64x8_1x2_h_bz_bias_TNT,gemm,0.0765,4
13.25,nvjet_sm90_tst_256x128_64x4_1x2_h_bz_coopA_bias_TNT,gemm,0.3756,8
13.25,nvjet_sm90_tst_256x144_64x4_1x2_h_bz_coopA_bias_TNT,gemm,50.4894,40
13.25,nvjet_sm90_tst_256x160_64x4_2x1_v_bz_coopA_TNT,gemm,42.9277,7
13.25,nvjet_sm90_tst_32x192_64x7_1x2_h_bz_bias_TNN,gemm,1.4821,12
13.25,nvjet_sm90_tst_64x40_64x16_1x2_h_bz_bias_TNT,gemm,0.3316,40
13.25,nvjet_sm90_tst_8x64_64x16_4x1_v_bz_bias_TNN,gemm,0.0697,12
13.25,sol_mma_fwd_x4f,attention,80.9379,4
13.25,sol_prep_kstats,attention,0.1293,4
13.25,sol_prep_kv,attention,1.1092,4
13.25,sol_prep_q,attention,0.575,4
13.5,cast_f32_bf16,cast_quant,0.3739,127
13.5,fa_dc90_fwd_d128,attention,5.5017,4
13.5,flash_mma_fwd2_d64,attention,3.0764,13
13.5,fvf_ltx_gate_merge,norm_elementwise,3.138,21
13.5,fvf_ltx_qk_norm_rope,norm_elementwise,15.4858,42
13.5,fvf_ltx_res_norm_mod,norm_elementwise,15.5417,35
13.5,fvf_split_heads_rows,layout_copy,1.5088,21
13.5,memcpy HtoD,copies_memset,8.3285,8
13.5,memset,copies_memset,0.0379,43
13.5,mx_binary,norm_elementwise,0.3149,44
13.5,mx_block_copy,layout_copy,0.0512,30
13.5,mx_residual_gate,norm_elementwise,5.1204,8
13.5,mx_unary,norm_elementwise,11.7261,16
13.5,nvjet_sm90_tst_128x128_64x6_2x1_v_bz_bias_TNT,gemm,0.089,6
13.5,nvjet_sm90_tst_128x32_64x10_4x2_h_bz_bias_TNT,gemm,0.0961,4
13.5,nvjet_sm90_tst_128x80_64x8_1x2_h_bz_bias_TNT,gemm,0.0741,4
13.5,nvjet_sm90_tst_256x128_64x4_1x2_h_bz_coopA_bias_TNT,gemm,0.3693,8
13.5,nvjet_sm90_tst_256x144_64x4_1x2_h_bz_coopA_bias_TNT,gemm,47.2471,36
13.5,nvjet_sm90_tst_256x160_64x4_2x1_v_bz_coopA_TNT,gemm,43.1881,7
13.5,nvjet_sm90_tst_32x192_64x7_1x2_h_bz_bias_TNN,gemm,1.3447,11
13.5,nvjet_sm90_tst_64x40_64x16_1x2_h_bz_bias_TNT,gemm,0.2834,34
13.5,nvjet_sm90_tst_8x64_64x16_4x1_v_bz_bias_TNN,gemm,0.0585,10
13.5,sol_mma_fwd_x4f,attention,79.9306,4
13.5,sol_prep_kstats,attention,0.1275,4
13.5,sol_prep_kv,attention,1.1055,4
13.5,sol_prep_q,attention,0.5725,4
13.75,cast_f32_bf16,cast_quant,0.3562,131
13.75,fa_dc90_fwd_d128,attention,4.1459,3
13.75,flash_mma_fwd2_d64,attention,4.0416,15
13.75,fvf_ltx_gate_merge,norm_elementwise,2.6821,21
13.75,fvf_ltx_qk_norm_rope,norm_elementwise,15.9979,44
13.75,fvf_ltx_res_norm_mod,norm_elementwise,15.1241,36
13.75,fvf_split_heads_rows,layout_copy,1.6456,22
13.75,memcpy HtoD,copies_memset,6.3012,6
13.75,memset,copies_memset,0.0403,45
13.75,mx_binary,norm_elementwise,0.2885,42
13.75,mx_block_copy,layout_copy,0.0443,26
13.75,mx_residual_gate,norm_elementwise,5.1068,8
13.75,mx_unary,norm_elementwise,11.6869,14
13.75,nvjet_sm90_tst_128x128_64x6_2x1_v_bz_bias_TNT,gemm,0.1173,8
13.75,nvjet_sm90_tst_128x32_64x10_4x2_h_bz_bias_TNT,gemm,0.0966,4
13.75,nvjet_sm90_tst_128x80_64x8_1x2_h_bz_bias_TNT,gemm,0.0751,4
13.75,nvjet_sm90_tst_256x128_64x4_1x2_h_bz_coopA_bias_TNT,gemm,0.278,6
13.75,nvjet_sm90_tst_256x144_64x4_1x2_h_bz_coopA_bias_TNT,gemm,46.016,37
13.75,nvjet_sm90_tst_256x160_64x4_2x1_v_bz_coopA_TNT,gemm,49.5473,8
13.75,nvjet_sm90_tst_32x192_64x7_1x2_h_bz_bias_TNN,gemm,1.354,11
13.75,nvjet_sm90_tst_64x40_64x16_1x2_h_bz_bias_TNT,gemm,0.2964,36
13.75,nvjet_sm90_tst_8x64_64x16_4x1_v_bz_bias_TNN,gemm,0.0644,11
13.75,sol_mma_fwd_x4f,attention,83.7051,4
13.75,sol_prep_kstats,attention,0.1287,4
13.75,sol_prep_kv,attention,1.1204,4
13.75,sol_prep_q,attention,0.5796,4
14.0,cast_f32_bf16,cast_quant,0.411,144
14.0,fa_dc90_fwd_d128,attention,5.4863,4
14.0,flash_mma_fwd2_d64,attention,4.0422,16
14.0,fvf_ltx_gate_merge,norm_elementwise,3.3091,24
14.0,fvf_ltx_qk_norm_rope,norm_elementwise,16.6809,48
14.0,fvf_ltx_res_norm_mod,norm_elementwise,17.0869,40
14.0,fvf_split_heads_rows,layout_copy,1.6518,24
14.0,memcpy HtoD,copies_memset,8.4375,8
14.0,memset,copies_memset,0.043,48
14.0,mx_binary,norm_elementwise,0.3393,48
14.0,mx_block_copy,layout_copy,0.0547,32
14.0,mx_residual_gate,norm_elementwise,5.1312,8
14.0,mx_unary,norm_elementwise,11.7252,16
14.0,nvjet_sm90_tst_128x128_64x6_2x1_v_bz_bias_TNT,gemm,0.1166,8
14.0,nvjet_sm90_tst_128x32_64x10_4x2_h_bz_bias_TNT,gemm,0.0956,4
14.0,nvjet_sm90_tst_128x80_64x8_1x2_h_bz_bias_TNT,gemm,0.0742,4
14.0,nvjet_sm90_tst_256x128_64x4_1x2_h_bz_coopA_bias_TNT,gemm,0.3681,8
14.0,nvjet_sm90_tst_256x144_64x4_1x2_h_bz_coopA_bias_TNT,gemm,50.7674,40
14.0,nvjet_sm90_tst_256x160_64x4_2x1_v_bz_coopA_TNT,gemm,49.6302,8
14.0,nvjet_sm90_tst_32x192_64x7_1x2_h_bz_bias_TNN,gemm,1.4709,12
14.0,nvjet_sm90_tst_64x40_64x16_1x2_h_bz_bias_TNT,gemm,0.3308,40
14.0,nvjet_sm90_tst_8x64_64x16_4x1_v_bz_bias_TNN,gemm,0.0701,12
14.0,sol_mma_fwd_x4f,attention,83.6037,4
14.0,sol_prep_kstats,attention,0.1287,4
14.0,sol_prep_kv,attention,1.107,4
14.0,sol_prep_q,attention,0.5735,4
14.25,cast_f32_bf16,cast_quant,0.3994,138
14.25,fa_dc90_fwd_d128,attention,5.5219,4
14.25,flash_mma_fwd2_d64,attention,4.079,16
14.25,fvf_ltx_gate_merge,norm_elementwise,3.332,24
14.25,fvf_ltx_qk_norm_rope,norm_elementwise,14.6833,46
14.25,fvf_ltx_res_norm_mod,norm_elementwise,16.5949,39
14.25,fvf_split_heads_rows,layout_copy,1.3967,23
14.25,memcpy HtoD,copies_memset,8.39,8
14.25,memset,copies_memset,0.0404,44
14.25,mx_binary,norm_elementwise,0.335,46
14.25,mx_block_copy,layout_copy,0.0549,32
14.25,mx_residual_gate,norm_elementwise,3.9111,6
14.25,mx_unary,norm_elementwise,11.7166,15
14.25,nvjet_sm90_tst_128x128_64x6_2x1_v_bz_bias_TNT,gemm,0.1173,8
14.25,nvjet_sm90_tst_128x32_64x10_4x2_h_bz_bias_TNT,gemm,0.0729,3
14.25,nvjet_sm90_tst_128x80_64x8_1x2_h_bz_bias_TNT,gemm,0.0562,3
14.25,nvjet_sm90_tst_256x128_64x4_1x2_h_bz_coopA_bias_TNT,gemm,0.3701,8
14.25,nvjet_sm90_tst_256x144_64x4_1x2_h_bz_coopA_bias_TNT,gemm,46.3593,37
14.25,nvjet_sm90_tst_256x160_64x4_2x1_v_bz_coopA_TNT,gemm,43.5546,7
14.25,nvjet_sm90_tst_32x192_64x7_1x2_h_bz_bias_TNN,gemm,1.3397,11
14.25,nvjet_sm90_tst_64x40_64x16_1x2_h_bz_bias_TNT,gemm,0.3312,40
14.25,nvjet_sm90_tst_8x64_64x16_4x1_v_bz_bias_TNN,gemm,0.0702,12
14.25,sol_mma_fwd_x4f,attention,70.1998,3
14.25,sol_prep_kstats,attention,0.0975,3
14.25,sol_prep_kv,attention,0.8425,3
14.25,sol_prep_q,attention,0.4336,3
14.5,cast_f32_bf16,cast_quant,0.3193,115
14.5,fa_dc90_fwd_d128,attention,4.1471,3
14.5,flash_mma_fwd2_d64,attention,3.056,12
14.5,fvf_ltx_gate_merge,norm_elementwise,2.8175,19
14.5,fvf_ltx_qk_norm_rope,norm_elementwise,14.7867,38
14.5,fvf_ltx_res_norm_mod,norm_elementwise,14.6414,32
14.5,fvf_split_heads_rows,layout_copy,1.4993,19
14.5,memcpy HtoD,copies_memset,6.2786,6
14.5,memset,copies_memset,0.0369,41
14.5,mx_binary,norm_elementwise,0.2619,38
14.5,mx_block_copy,layout_copy,0.0413,24
14.5,mx_residual_gate,norm_elementwise,5.104,8
14.5,mx_unary,norm_elementwise,8.854,13
14.5,nvjet_sm90_tst_128x128_64x6_2x1_v_bz_bias_TNT,gemm,0.0892,6
14.5,nvjet_sm90_tst_128x32_64x10_4x2_h_bz_bias_TNT,gemm,0.0948,4
14.5,nvjet_sm90_tst_128x80_64x8_1x2_h_bz_bias_TNT,gemm,0.0745,4
14.5,nvjet_sm90_tst_256x128_64x4_1x2_h_bz_coopA_bias_TNT,gemm,0.2784,6
14.5,nvjet_sm90_tst_256x144_64x4_1x2_h_bz_coopA_bias_TNT,gemm,44.5568,34
14.5,nvjet_sm90_tst_256x160_64x4_2x1_v_bz_coopA_TNT,gemm,43.4171,7
14.5,nvjet_sm90_tst_32x192_64x7_1x2_h_bz_bias_TNN,gemm,1.2263,10
14.5,nvjet_sm90_tst_64x40_64x16_1x2_h_bz_bias_TNT,gemm,0.2487,30
14.5,nvjet_sm90_tst_8x64_64x16_4x1_v_bz_bias_TNN,gemm,0.0522,9
14.5,sol_mma_fwd_x4f,attention,93.4275,4
14.5,sol_prep_kstats,attention,0.1285,4
14.5,sol_prep_kv,attention,1.1103,4
14.5,sol_prep_q,attention,0.5746,4
14.75,cast_f32_bf16,cast_quant,0.4084,143
14.75,fa_dc90_fwd_d128,attention,5.605,4
14.75,flash_mma_fwd2_d64,attention,4.0239,16
14.75,fvf_ltx_gate_merge,norm_elementwise,3.0117,23
14.75,fvf_ltx_qk_norm_rope,norm_elementwise,16.6861,48
14.75,fvf_ltx_res_norm_mod,norm_elementwise,16.0519,39
14.75,fvf_split_heads_rows,layout_copy,1.6507,24
14.75,memcpy HtoD,copies_memset,9.0884,8
14.75,memset,copies_memset,0.043,47
14.75,mx_binary,norm_elementwise,0.341,48
14.75,mx_block_copy,layout_copy,0.0546,32
14.75,mx_residual_gate,norm_elementwise,5.1239,8
14.75,mx_unary,norm_elementwise,11.7245,16
14.75,nvjet_sm90_tst_128x128_64x6_2x1_v_bz_bias_TNT,gemm,0.1165,8
14.75,nvjet_sm90_tst_128x32_64x10_4x2_h_bz_bias_TNT,gemm,0.0958,4
14.75,nvjet_sm90_tst_128x80_64x8_1x2_h_bz_bias_TNT,gemm,0.0745,4
14.75,nvjet_sm90_tst_256x128_64x4_1x2_h_bz_coopA_bias_TNT,gemm,0.3747,8
14.75,nvjet_sm90_tst_256x144_64x4_1x2_h_bz_coopA_bias_TNT,gemm,49.309,39
14.75,nvjet_sm90_tst_256x160_64x4_2x1_v_bz_coopA_TNT,gemm,49.58,8
14.75,nvjet_sm90_tst_32x192_64x7_1x2_h_bz_bias_TNN,gemm,1.4733,12
14.75,nvjet_sm90_tst_64x40_64x16_1x2_h_bz_bias_TNT,gemm,0.3296,40
14.75,nvjet_sm90_tst_8x64_64x16_4x1_v_bz_bias_TNN,gemm,0.0701,12
14.75,sol_mma_fwd_x4f,attention,86.5361,4
14.75,sol_prep_kstats,attention,0.1278,4
14.75,sol_prep_kv,attention,1.1084,4
14.75,sol_prep_q,attention,0.5732,4
15.0,cast_f32_bf16,cast_quant,0.4016,138
15.0,fa_dc90_fwd_d128,attention,5.5804,4
15.0,flash_mma_fwd2_d64,attention,4.053,16
15.0,fvf_ltx_gate_merge,norm_elementwise,3.3283,24
15.0,fvf_ltx_qk_norm_rope,norm_elementwise,14.5647,46
15.0,fvf_ltx_res_norm_mod,norm_elementwise,16.4984,39
15.0,fvf_split_heads_rows,layout_copy,1.3938,23
15.0,memcpy HtoD,copies_memset,8.4584,8
15.0,memset,copies_memset,0.0401,45
15.0,mx_binary,norm_elementwise,0.3351,46
15.0,mx_block_copy,layout_copy,0.0545,32
15.0,mx_residual_gate,norm_elementwise,3.8541,6
15.0,mx_unary,norm_elementwise,11.6954,15
15.0,nvjet_sm90_tst_128x128_64x6_2x1_v_bz_bias_TNT,gemm,0.1172,8
15.0,nvjet_sm90_tst_128x32_64x10_4x2_h_bz_bias_TNT,gemm,0.0719,3
15.0,nvjet_sm90_tst_128x80_64x8_1x2_h_bz_bias_TNT,gemm,0.0554,3
15.0,nvjet_sm90_tst_256x128_64x4_1x2_h_bz_coopA_bias_TNT,gemm,0.3749,8
15.0,nvjet_sm90_tst_256x144_64x4_1x2_h_bz_coopA_bias_TNT,gemm,46.2006,37
15.0,nvjet_sm90_tst_256x160_64x4_2x1_v_bz_coopA_TNT,gemm,49.5184,8
15.0,nvjet_sm90_tst_32x192_64x7_1x2_h_bz_bias_TNN,gemm,1.3372,11
15.0,nvjet_sm90_tst_64x40_64x16_1x2_h_bz_bias_TNT,gemm,0.3316,40
15.0,nvjet_sm90_tst_8x64_64x16_4x1_v_bz_bias_TNN,gemm,0.0698,12
15.0,sol_mma_fwd_x4f,attention,63.033,3
15.0,sol_prep_kstats,attention,0.0977,3
15.0,sol_prep_kv,attention,0.8356,3
15.0,sol_prep_q,attention,0.4352,3
15.25,cast_f32_bf16,cast_quant,0.4099,144
15.25,fa_dc90_fwd_d128,attention,5.5185,4
15.25,flash_mma_fwd2_d64,attention,4.0189,16
15.25,fvf_ltx_gate_merge,norm_elementwise,3.3152,24
15.25,fvf_ltx_qk_norm_rope,norm_elementwise,16.6685,48
15.25,fvf_ltx_res_norm_mod,norm_elementwise,17.0857,40
15.25,fvf_split_heads_rows,layout_copy,1.6527,24
15.25,memcpy HtoD,copies_memset,8.4036,8
15.25,memset,copies_memset,0.0412,47
15.25,mx_binary,norm_elementwise,0.3405,48
15.25,mx_block_copy,layout_copy,0.0544,32
15.25,mx_residual_gate,norm_elementwise,5.124,8
15.25,mx_unary,norm_elementwise,8.7866,15
15.25,nvjet_sm90_tst_128x128_64x6_2x1_v_bz_bias_TNT,gemm,0.1184,8
15.25,nvjet_sm90_tst_128x32_64x10_4x2_h_bz_bias_TNT,gemm,0.095,4
15.25,nvjet_sm90_tst_128x80_64x8_1x2_h_bz_bias_TNT,gemm,0.0759,4
15.25,nvjet_sm90_tst_256x128_64x4_1x2_h_bz_coopA_bias_TNT,gemm,0.3702,8
15.25,nvjet_sm90_tst_256x144_64x4_1x2_h_bz_coopA_bias_TNT,gemm,50.8844,40
15.25,nvjet_sm90_tst_256x160_64x4_2x1_v_bz_coopA_TNT,gemm,43.4321,7
15.25,nvjet_sm90_tst_32x192_64x7_1x2_h_bz_bias_TNN,gemm,1.4718,12
15.25,nvjet_sm90_tst_64x40_64x16_1x2_h_bz_bias_TNT,gemm,0.3304,40
15.25,nvjet_sm90_tst_8x64_64x16_4x1_v_bz_bias_TNN,gemm,0.0692,12
15.25,sol_mma_fwd_x4f,attention,81.592,4
15.25,sol_prep_kstats,attention,0.1293,4
15.25,sol_prep_kv,attention,1.1121,4
15.25,sol_prep_q,attention,0.5747,4
15.5,cast_bf16_f32_bias_act,cast_quant,0.0651,8
15.5,cast_f32_bf16,cast_quant,0.464,158
15.5,fa_dc90_fwd_d128,attention,41.3517,4
15.5,flash_mma_fwd2_d64,attention,3.2041,12
15.5,fvf_ltx_gate_merge,norm_elementwise,2.5534,18
15.5,fvf_ltx_qk_norm_rope,norm_elementwise,15.1516,38
15.5,fvf_ltx_res_norm_mod,norm_elementwise,14.0384,31
15.5,fvf_split_heads_rows,layout_copy,1.5077,19
15.5,lincomb3,norm_elementwise,0.0865,6
15.5,memcpy HtoD,copies_memset,6.3246,7
15.5,memset,copies_memset,0.0385,41
15.5,mul_scalar,norm_elementwise,0.0222,2
15.5,mx_binary,norm_elementwise,0.2758,40
15.5,mx_block_copy,layout_copy,0.0422,24
15.5,mx_ln_adaln_e,norm_elementwise,0.6035,2
15.5,mx_residual_gate,norm_elementwise,5.1933,8
15.5,mx_unary,norm_elementwise,12.163,30
15.5,nvjet_sm90_tst_128x128_64x6_2x1_v_bz_bias_TNT,gemm,0.0938,6
15.5,nvjet_sm90_tst_128x304_64x3_1x2_h_bz_coopA_bias_TNT,gemm,0.1259,1
15.5,nvjet_sm90_tst_128x32_64x10_4x2_h_bz_bias_TNT,gemm,0.0968,4
15.5,nvjet_sm90_tst_128x80_64x8_1x2_h_bz_bias_TNT,gemm,0.0761,4
15.5,nvjet_sm90_tst_128x8_64x12_2x1_v_bz_bias_TNT,gemm,0.0494,1
15.5,nvjet_sm90_tst_256x128_64x4_1x2_h_bz_coopA_bias_TNT,gemm,0.292,6
15.5,nvjet_sm90_tst_256x144_64x4_1x2_h_bz_coopA_bias_TNT,gemm,44.0862,34
15.5,nvjet_sm90_tst_256x160_64x4_2x1_v_bz_coopA_TNT,gemm,44.2464,7
15.5,nvjet_sm90_tst_256x8_64x6_4x1_v_bz_bias_TNT,gemm,0.0292,1
15.5,nvjet_sm90_tst_32x192_64x7_1x2_h_bz_bias_TNN,gemm,1.2347,10
15.5,nvjet_sm90_tst_512x8_64x3_4x1_v_bz_bias_TNT,gemm,0.1146,1
15.5,nvjet_sm90_tst_64x40_64x16_1x2_h_bz_bias_TNT,gemm,0.2566,31
15.5,nvjet_sm90_tst_64x8_64x16_2x1_v_bz_bias_TNT,gemm,0.04,2
15.5,nvjet_sm90_tst_64x8_64x16_2x1_v_bz_splitK_bias_TNT,gemm,0.0738,5
15.5,nvjet_sm90_tst_64x8_64x16_2x4_h_bz_bias_TNT,gemm,0.0059,1
15.5,nvjet_sm90_tst_64x8_64x16_4x1_v_bz_bias_TNT,gemm,0.0668,14
15.5,nvjet_sm90_tst_8x64_64x16_4x1_v_bz_bias_TNN,gemm,0.0544,9
15.5,sol_mma_fwd_x4f,attention,57.232,3
15.5,sol_prep_kstats,attention,0.0969,3
15.5,sol_prep_kv,attention,0.8397,3
15.5,sol_prep_q,attention,0.4357,3
15.5,"cublasLt::splitKreduce_kernel<(int)32, (int)16, int, float, __nv_bfloat16, float, __nv_bfloat16, (bool)0, float, __nv_bfloat16, __nv_bfloat16, (bool)1, (bool)1,…",gemm,0.0114,5
15.75,cast_f32_bf16,cast_quant,0.4004,144
15.75,fa_dc90_fwd_d128,attention,5.485,4
15.75,flash_mma_fwd2_d64,attention,4.0092,16
15.75,fvf_ltx_gate_merge,norm_elementwise,3.3305,24
15.75,fvf_ltx_qk_norm_rope,norm_elementwise,16.72,48
15.75,fvf_ltx_res_norm_mod,norm_elementwise,17.05,40
15.75,fvf_split_heads_rows,layout_copy,1.6551,24
15.75,memcpy HtoD,copies_memset,8.5362,8
15.75,memset,copies_memset,0.0438,48
15.75,mx_binary,norm_elementwise,0.3379,48
15.75,mx_block_copy,layout_copy,0.0547,32
15.75,mx_residual_gate,norm_elementwise,5.0576,8
15.75,mx_unary,norm_elementwise,11.6405,16
15.75,nvjet_sm90_tst_128x128_64x6_2x1_v_bz_bias_TNT,gemm,0.1172,8
15.75,nvjet_sm90_tst_128x32_64x10_4x2_h_bz_bias_TNT,gemm,0.0944,4
15.75,nvjet_sm90_tst_128x80_64x8_1x2_h_bz_bias_TNT,gemm,0.0744,4
15.75,nvjet_sm90_tst_256x128_64x4_1x2_h_bz_coopA_bias_TNT,gemm,0.3708,8
15.75,nvjet_sm90_tst_256x144_64x4_1x2_h_bz_coopA_bias_TNT,gemm,50.3637,40
15.75,nvjet_sm90_tst_256x160_64x4_2x1_v_bz_coopA_TNT,gemm,48.9683,8
15.75,nvjet_sm90_tst_32x192_64x7_1x2_h_bz_bias_TNN,gemm,1.466,12
15.75,nvjet_sm90_tst_64x40_64x16_1x2_h_bz_bias_TNT,gemm,0.3277,40
15.75,nvjet_sm90_tst_8x64_64x16_4x1_v_bz_bias_TNN,gemm,0.07,12
15.75,sol_mma_fwd_x4f,attention,65.1065,4
15.75,sol_prep_kstats,attention,0.1286,4
15.75,sol_prep_kv,attention,1.1148,4
15.75,sol_prep_q,attention,0.584,4
16.0,cast_f32_bf16,cast_quant,0.4497,156
16.0,fa_dc90_fwd_d128,attention,6.8708,5
16.0,flash_mma_fwd2_d64,attention,4.0484,17
16.0,fvf_ltx_gate_merge,norm_elementwise,3.6283,26
16.0,fvf_ltx_qk_norm_rope,norm_elementwise,17.4052,52
16.0,fvf_ltx_res_norm_mod,norm_elementwise,18.1414,43
16.0,fvf_split_heads_rows,layout_copy,1.6651,26
16.0,memcpy HtoD,copies_memset,9.92,9
16.0,memset,copies_memset,0.0454,50
16.0,mx_binary,norm_elementwise,0.3867,53
16.0,mx_block_copy,layout_copy,0.0617,36
16.0,mx_residual_gate,norm_elementwise,5.0989,8
16.0,mx_unary,norm_elementwise,11.7583,17
16.0,nvjet_sm90_tst_128x128_64x6_2x1_v_bz_bias_TNT,gemm,0.117,8
16.0,nvjet_sm90_tst_128x32_64x10_4x2_h_bz_bias_TNT,gemm,0.0956,4
16.0,nvjet_sm90_tst_128x80_64x8_1x2_h_bz_bias_TNT,gemm,0.0742,4
16.0,nvjet_sm90_tst_256x128_64x4_1x2_h_bz_coopA_bias_TNT,gemm,0.4605,10
16.0,nvjet_sm90_tst_256x144_64x4_1x2_h_bz_coopA_bias_TNT,gemm,53.2307,42
16.0,nvjet_sm90_tst_256x160_64x4_2x1_v_bz_coopA_TNT,gemm,48.7787,8
16.0,nvjet_sm90_tst_32x192_64x7_1x2_h_bz_bias_TNN,gemm,1.5861,13
16.0,nvjet_sm90_tst_64x40_64x16_1x2_h_bz_bias_TNT,gemm,0.3621,44
16.0,nvjet_sm90_tst_8x64_64x16_4x1_v_bz_bias_TNN,gemm,0.0754,13
16.0,sol_mma_fwd_x4f,attention,59.705,4
16.0,sol_prep_kstats,attention,0.1282,4
16.0,sol_prep_kv,attention,1.1067,4
16.0,sol_prep_q,attention,0.5802,4
16.25,cast_f32_bf16,cast_quant,0.4262,154
16.25,fa_dc90_fwd_d128,attention,5.5858,4
16.25,flash_mma_fwd2_d64,attention,4.0868,17
16.25,fvf_ltx_gate_merge,norm_elementwise,3.6518,26
16.25,fvf_ltx_qk_norm_rope,norm_elementwise,16.8113,50
16.25,fvf_ltx_res_norm_mod,norm_elementwise,18.1543,42
16.25,fvf_split_heads_rows,layout_copy,1.66,25
16.25,memcpy HtoD,copies_memset,9.3342,9
16.25,memset,copies_memset,0.0446,50
16.25,mx_binary,norm_elementwise,0.3714,53
16.25,mx_block_copy,layout_copy,0.0618,36
16.25,mx_residual_gate,norm_elementwise,5.156,8
16.25,mx_unary,norm_elementwise,11.7748,17
16.25,nvjet_sm90_tst_128x128_64x6_2x1_v_bz_bias_TNT,gemm,0.1478,10
16.25,nvjet_sm90_tst_128x32_64x10_4x2_h_bz_bias_TNT,gemm,0.0954,4
16.25,nvjet_sm90_tst_128x80_64x8_1x2_h_bz_bias_TNT,gemm,0.0774,4
16.25,nvjet_sm90_tst_256x128_64x4_1x2_h_bz_coopA_bias_TNT,gemm,0.3736,8
16.25,nvjet_sm90_tst_256x144_64x4_1x2_h_bz_coopA_bias_TNT,gemm,52.7109,42
16.25,nvjet_sm90_tst_256x160_64x4_2x1_v_bz_coopA_TNT,gemm,48.8092,8
16.25,nvjet_sm90_tst_32x192_64x7_1x2_h_bz_bias_TNN,gemm,1.6002,13
16.25,nvjet_sm90_tst_64x40_64x16_1x2_h_bz_bias_TNT,gemm,0.342,42
16.25,nvjet_sm90_tst_8x64_64x16_4x1_v_bz_bias_TNN,gemm,0.0761,13
16.25,sol_mma_fwd_x4f,attention,65.1994,4
16.25,sol_prep_kstats,attention,0.1286,4
16.25,sol_prep_kv,attention,1.1118,4
16.25,sol_prep_q,attention,0.5809,4
16.5,cast_f32_bf16,cast_quant,0.4134,151
16.5,fa_dc90_fwd_d128,attention,5.6201,4
16.5,flash_mma_fwd2_d64,attention,4.3946,17
16.5,fvf_ltx_gate_merge,norm_elementwise,3.5358,25
16.5,fvf_ltx_qk_norm_rope,norm_elementwise,18.1015,52
16.5,fvf_ltx_res_norm_mod,norm_elementwise,18.0268,42
16.5,fvf_split_heads_rows,layout_copy,1.6598,25
16.5,memcpy HtoD,copies_memset,8.2826,8
16.5,memset,copies_memset,0.0452,51
16.5,mx_binary,norm_elementwise,0.3429,48
16.5,mx_block_copy,layout_copy,0.0554,32
16.5,mx_residual_gate,norm_elementwise,5.1766,8
16.5,mx_unary,norm_elementwise,11.8188,16
16.5,nvjet_sm90_tst_128x128_64x6_2x1_v_bz_bias_TNT,gemm,0.118,8
16.5,nvjet_sm90_tst_128x32_64x10_4x2_h_bz_bias_TNT,gemm,0.0951,4
16.5,nvjet_sm90_tst_128x80_64x8_1x2_h_bz_bias_TNT,gemm,0.0754,4
16.5,nvjet_sm90_tst_256x128_64x4_1x2_h_bz_coopA_bias_TNT,gemm,0.3762,8
16.5,nvjet_sm90_tst_256x144_64x4_1x2_h_bz_coopA_bias_TNT,gemm,53.0882,43
16.5,nvjet_sm90_tst_256x160_64x4_2x1_v_bz_coopA_TNT,gemm,49.0433,8
16.5,nvjet_sm90_tst_32x192_64x7_1x2_h_bz_bias_TNN,gemm,1.4711,12
16.5,nvjet_sm90_tst_64x40_64x16_1x2_h_bz_bias_TNT,gemm,0.3548,43
16.5,nvjet_sm90_tst_8x64_64x16_4x1_v_bz_bias_TNN,gemm,0.0764,13
16.5,sol_mma_fwd_x4f,attention,64.7575,4
16.5,sol_prep_kstats,attention,0.1287,4
16.5,sol_prep_kv,attention,1.114,4
16.5,sol_prep_q,attention,0.583,4
16.75,cast_f32_bf16,cast_quant,0.402,145
16.75,fa_dc90_fwd_d128,attention,5.5191,4
16.75,flash_mma_fwd2_d64,attention,4.7581,17
16.75,fvf_ltx_gate_merge,norm_elementwise,3.331,25
16.75,fvf_ltx_qk_norm_rope,norm_elementwise,16.5898,48
16.75,fvf_ltx_res_norm_mod,norm_elementwise,18.1093,42
16.75,fvf_split_heads_rows,layout_copy,1.7938,25
16.75,memcpy HtoD,copies_memset,8.3056,8
16.75,memset,copies_memset,0.0443,49
16.75,mx_binary,norm_elementwise,0.3375,48
16.75,mx_block_copy,layout_copy,0.0551,32
16.75,mx_residual_gate,norm_elementwise,5.089,8
16.75,mx_unary,norm_elementwise,11.7857,16
16.75,nvjet_sm90_tst_128x128_64x6_2x1_v_bz_bias_TNT,gemm,0.1175,8
16.75,nvjet_sm90_tst_128x32_64x10_4x2_h_bz_bias_TNT,gemm,0.0951,4
16.75,nvjet_sm90_tst_128x80_64x8_1x2_h_bz_bias_TNT,gemm,0.0755,4
16.75,nvjet_sm90_tst_256x128_64x4_1x2_h_bz_coopA_bias_TNT,gemm,0.3681,8
16.75,nvjet_sm90_tst_256x144_64x4_1x2_h_bz_coopA_bias_TNT,gemm,50.435,40
16.75,nvjet_sm90_tst_256x160_64x4_2x1_v_bz_coopA_TNT,gemm,55.47,9
16.75,nvjet_sm90_tst_32x192_64x7_1x2_h_bz_bias_TNN,gemm,1.4644,12
16.75,nvjet_sm90_tst_64x40_64x16_1x2_h_bz_bias_TNT,gemm,0.3352,41
16.75,nvjet_sm90_tst_8x64_64x16_4x1_v_bz_bias_TNN,gemm,0.0706,12
16.75,sol_mma_fwd_x4f,attention,64.6947,4
16.75,sol_prep_kstats,attention,0.1289,4
16.75,sol_prep_kv,attention,1.1126,4
16.75,sol_prep_q,attention,0.5828,4
17.0,cast_f32_bf16,cast_quant,0.4019,144
17.0,fa_dc90_fwd_d128,attention,5.5797,4
17.0,flash_mma_fwd2_d64,attention,4.0388,16
17.0,fvf_ltx_gate_merge,norm_elementwise,3.3243,24
17.0,fvf_ltx_qk_norm_rope,norm_elementwise,16.8004,48
17.0,fvf_ltx_res_norm_mod,norm_elementwise,17.1601,40
17.0,fvf_split_heads_rows,layout_copy,1.6559,24
17.0,memcpy HtoD,copies_memset,8.308,8
17.0,memset,copies_memset,0.043,48
17.0,mx_binary,norm_elementwise,0.3387,48
17.0,mx_block_copy,layout_copy,0.0559,32
17.0,mx_residual_gate,norm_elementwise,5.1522,8
17.0,mx_unary,norm_elementwise,11.6893,16
17.0,nvjet_sm90_tst_128x128_64x6_2x1_v_bz_bias_TNT,gemm,0.1176,8
17.0,nvjet_sm90_tst_128x32_64x10_4x2_h_bz_bias_TNT,gemm,0.096,4
17.0,nvjet_sm90_tst_128x80_64x8_1x2_h_bz_bias_TNT,gemm,0.0754,4
17.0,nvjet_sm90_tst_256x128_64x4_1x2_h_bz_coopA_bias_TNT,gemm,0.3731,8
17.0,nvjet_sm90_tst_256x144_64x4_1x2_h_bz_coopA_bias_TNT,gemm,50.6212,40
17.0,nvjet_sm90_tst_256x160_64x4_2x1_v_bz_coopA_TNT,gemm,49.4497,8
17.0,nvjet_sm90_tst_32x192_64x7_1x2_h_bz_bias_TNN,gemm,1.4601,12
17.0,nvjet_sm90_tst_64x40_64x16_1x2_h_bz_bias_TNT,gemm,0.3283,40
17.0,nvjet_sm90_tst_8x64_64x16_4x1_v_bz_bias_TNN,gemm,0.0702,12
17.0,sol_mma_fwd_x4f,attention,69.8745,4
17.0,sol_prep_kstats,attention,0.1282,4
17.0,sol_prep_kv,attention,1.1129,4
17.0,sol_prep_q,attention,0.5828,4
17.25,cast_f32_bf16,cast_quant,0.401,144
17.25,fa_dc90_fwd_d128,attention,5.5718,4
17.25,flash_mma_fwd2_d64,attention,4.0662,16
17.25,fvf_ltx_gate_merge,norm_elementwise,3.3331,24
17.25,fvf_ltx_qk_norm_rope,norm_elementwise,16.7842,48
17.25,fvf_ltx_res_norm_mod,norm_elementwise,17.2099,39
17.25,fvf_split_heads_rows,layout_copy,1.6571,24
17.25,memcpy HtoD,copies_memset,8.2653,8
17.25,memset,copies_memset,0.0419,47
17.25,mx_binary,norm_elementwise,0.3411,48
17.25,mx_block_copy,layout_copy,0.0555,32
17.25,mx_residual_gate,norm_elementwise,5.1445,8
17.25,mx_unary,norm_elementwise,11.7926,16
17.25,nvjet_sm90_tst_128x128_64x6_2x1_v_bz_bias_TNT,gemm,0.1171,8
17.25,nvjet_sm90_tst_128x32_64x10_4x2_h_bz_bias_TNT,gemm,0.0955,4
17.25,nvjet_sm90_tst_128x80_64x8_1x2_h_bz_bias_TNT,gemm,0.0752,4
17.25,nvjet_sm90_tst_256x128_64x4_1x2_h_bz_coopA_bias_TNT,gemm,0.3748,8
17.25,nvjet_sm90_tst_256x144_64x4_1x2_h_bz_coopA_bias_TNT,gemm,50.753,40
17.25,nvjet_sm90_tst_256x160_64x4_2x1_v_bz_coopA_TNT,gemm,43.2299,7
17.25,nvjet_sm90_tst_32x192_64x7_1x2_h_bz_bias_TNN,gemm,1.4646,12
17.25,nvjet_sm90_tst_64x40_64x16_1x2_h_bz_bias_TNT,gemm,0.3292,40
17.25,nvjet_sm90_tst_8x64_64x16_4x1_v_bz_bias_TNN,gemm,0.0699,12
17.25,sol_mma_fwd_x4f,attention,72.1675,4
17.25,sol_prep_kstats,attention,0.1283,4
17.25,sol_prep_kv,attention,1.1147,4
17.25,sol_prep_q,attention,0.5841,4
17.5,cast_f32_bf16,cast_quant,0.3629,127
17.5,fa_dc90_fwd_d128,attention,5.5625,4
17.5,flash_mma_fwd2_d64,attention,3.0705,13
17.5,fvf_ltx_gate_merge,norm_elementwise,3.1533,21
17.5,fvf_ltx_qk_norm_rope,norm_elementwise,15.5184,42
17.5,fvf_ltx_res_norm_mod,norm_elementwise,15.5952,36
17.5,fvf_split_heads_rows,layout_copy,1.5087,21
17.5,memcpy HtoD,copies_memset,7.6618,7
17.5,memset,copies_memset,0.0396,44
17.5,mx_binary,norm_elementwise,0.3102,43
17.5,mx_block_copy,layout_copy,0.0481,28
17.5,mx_residual_gate,norm_elementwise,5.1319,8
17.5,mx_unary,norm_elementwise,11.725,15
17.5,nvjet_sm90_tst_128x128_64x6_2x1_v_bz_bias_TNT,gemm,0.0891,6
17.5,nvjet_sm90_tst_128x32_64x10_4x2_h_bz_bias_TNT,gemm,0.0947,4
17.5,nvjet_sm90_tst_128x80_64x8_1x2_h_bz_bias_TNT,gemm,0.0759,4
17.5,nvjet_sm90_tst_256x128_64x4_1x2_h_bz_coopA_bias_TNT,gemm,0.372,8
17.5,nvjet_sm90_tst_256x144_64x4_1x2_h_bz_coopA_bias_TNT,gemm,47.5749,36
17.5,nvjet_sm90_tst_256x160_64x4_2x1_v_bz_coopA_TNT,gemm,49.4678,8
17.5,nvjet_sm90_tst_32x192_64x7_1x2_h_bz_bias_TNN,gemm,1.3622,11
17.5,nvjet_sm90_tst_64x40_64x16_1x2_h_bz_bias_TNT,gemm,0.2789,34
17.5,nvjet_sm90_tst_8x64_64x16_4x1_v_bz_bias_TNN,gemm,0.0583,10
17.5,sol_mma_fwd_x4f,attention,76.442,4
17.5,sol_prep_kstats,attention,0.1282,4
17.5,sol_prep_kv,attention,1.1065,4
17.5,sol_prep_q,attention,0.58,4
17.75,cast_f32_bf16,cast_quant,0.3615,139
17.75,fa_dc90_fwd_d128,attention,4.2092,3
17.75,flash_mma_fwd2_d64,attention,4.1238,16
17.75,fvf_ltx_gate_merge,norm_elementwise,3.0269,23
17.75,fvf_ltx_qk_norm_rope,norm_elementwise,16.1911,46
17.75,fvf_ltx_res_norm_mod,norm_elementwise,16.4203,39
17.75,fvf_split_heads_rows,layout_copy,1.6506,23
17.75,memcpy HtoD,copies_memset,8.2628,8
17.75,memset,copies_memset,0.0427,47
17.75,mx_binary,norm_elementwise,0.342,48
17.75,mx_block_copy,layout_copy,0.0552,32
17.75,mx_residual_gate,norm_elementwise,5.1641,8
17.75,mx_unary,norm_elementwise,11.8022,16
17.75,nvjet_sm90_tst_128x128_64x6_2x1_v_bz_bias_TNT,gemm,0.1183,8
17.75,nvjet_sm90_tst_128x32_64x10_4x2_h_bz_bias_TNT,gemm,0.0964,4
17.75,nvjet_sm90_tst_128x80_64x8_1x2_h_bz_bias_TNT,gemm,0.0748,4
17.75,nvjet_sm90_tst_256x128_64x4_1x2_h_bz_coopA_bias_TNT,gemm,0.283,6
17.75,nvjet_sm90_tst_256x144_64x4_1x2_h_bz_coopA_bias_TNT,gemm,49.4446,39
17.75,nvjet_sm90_tst_256x160_64x4_2x1_v_bz_coopA_TNT,gemm,49.6378,8
17.75,nvjet_sm90_tst_32x192_64x7_1x2_h_bz_bias_TNN,gemm,1.4699,12
17.75,nvjet_sm90_tst_64x40_64x16_1x2_h_bz_bias_TNT,gemm,0.3297,40
17.75,nvjet_sm90_tst_8x64_64x16_4x1_v_bz_bias_TNN,gemm,0.0706,12
17.75,sol_mma_fwd_x4f,attention,73.4174,4
17.75,sol_prep_kstats,attention,0.1296,4
17.75,sol_prep_kv,attention,1.1185,4
17.75,sol_prep_q,attention,0.5847,4
18.0,cast_f32_bf16,cast_quant,0.402,144
18.0,fa_dc90_fwd_d128,attention,5.5717,4
18.0,flash_mma_fwd2_d64,attention,4.1004,16
18.0,fvf_ltx_gate_merge,norm_elementwise,3.3313,24
18.0,fvf_ltx_qk_norm_rope,norm_elementwise,16.7697,48
18.0,fvf_ltx_res_norm_mod,norm_elementwise,17.1788,40
18.0,fvf_split_heads_rows,layout_copy,1.66,24
18.0,memcpy HtoD,copies_memset,8.2425,8
18.0,memset,copies_memset,0.0435,48
18.0,mx_binary,norm_elementwise,0.3389,48
18.0,mx_block_copy,layout_copy,0.0546,32
18.0,mx_residual_gate,norm_elementwise,5.0995,8
18.0,mx_unary,norm_elementwise,11.8018,16
18.0,nvjet_sm90_tst_128x128_64x6_2x1_v_bz_bias_TNT,gemm,0.118,8
18.0,nvjet_sm90_tst_128x32_64x10_4x2_h_bz_bias_TNT,gemm,0.0952,4
18.0,nvjet_sm90_tst_128x80_64x8_1x2_h_bz_bias_TNT,gemm,0.0747,4
18.0,nvjet_sm90_tst_256x128_64x4_1x2_h_bz_coopA_bias_TNT,gemm,0.3714,8
18.0,nvjet_sm90_tst_256x144_64x4_1x2_h_bz_coopA_bias_TNT,gemm,50.9781,40
18.0,nvjet_sm90_tst_256x160_64x4_2x1_v_bz_coopA_TNT,gemm,49.5928,8
18.0,nvjet_sm90_tst_32x192_64x7_1x2_h_bz_bias_TNN,gemm,1.4831,12
18.0,nvjet_sm90_tst_64x40_64x16_1x2_h_bz_bias_TNT,gemm,0.3266,40
18.0,nvjet_sm90_tst_8x64_64x16_4x1_v_bz_bias_TNN,gemm,0.0701,12
18.0,sol_mma_fwd_x4f,attention,69.4,4
18.0,sol_prep_kstats,attention,0.129,4
18.0,sol_prep_kv,attention,1.1168,4
18.0,sol_prep_q,attention,0.5848,4
18.25,cast_f32_bf16,cast_quant,0.4427,149
18.25,fa_dc90_fwd_d128,attention,6.9726,5
18.25,flash_mma_fwd2_d64,attention,4.0486,16
18.25,fvf_ltx_gate_merge,norm_elementwise,3.6513,25
18.25,fvf_ltx_qk_norm_rope,norm_elementwise,17.5763,50
18.25,fvf_ltx_res_norm_mod,norm_elementwise,17.1776,40
18.25,fvf_split_heads_rows,layout_copy,1.6616,25
18.25,memcpy HtoD,copies_memset,8.3101,8
18.25,memset,copies_memset,0.0438,49
18.25,mx_binary,norm_elementwise,0.3398,48
18.25,mx_block_copy,layout_copy,0.0554,32
18.25,mx_residual_gate,norm_elementwise,5.1903,8
18.25,mx_unary,norm_elementwise,11.7482,16
18.25,nvjet_sm90_tst_128x128_64x6_2x1_v_bz_bias_TNT,gemm,0.1163,8
18.25,nvjet_sm90_tst_128x32_64x10_4x2_h_bz_bias_TNT,gemm,0.0955,4
18.25,nvjet_sm90_tst_128x80_64x8_1x2_h_bz_bias_TNT,gemm,0.0759,4
18.25,nvjet_sm90_tst_256x128_64x4_1x2_h_bz_coopA_bias_TNT,gemm,0.4682,10
18.25,nvjet_sm90_tst_256x144_64x4_1x2_h_bz_coopA_bias_TNT,gemm,52.5347,41
18.25,nvjet_sm90_tst_256x160_64x4_2x1_v_bz_coopA_TNT,gemm,49.6366,8
18.25,nvjet_sm90_tst_32x192_64x7_1x2_h_bz_bias_TNN,gemm,1.4664,12
18.25,nvjet_sm90_tst_64x40_64x16_1x2_h_bz_bias_TNT,gemm,0.3279,40
18.25,nvjet_sm90_tst_8x64_64x16_4x1_v_bz_bias_TNN,gemm,0.07,12
18.25,sol_mma_fwd_x4f,attention,65.4607,4
18.25,sol_prep_kstats,attention,0.1287,4
18.25,sol_prep_kv,attention,1.1119,4
18.25,sol_prep_q,attention,0.5828,4
18.5,cast_bf16_f32_bias_act,cast_quant,0.0634,8
18.5,cast_f32_bf16,cast_quant,0.4892,175
18.5,fa_dc90_fwd_d128,attention,43.055,4
18.5,flash_mma_fwd2_d64,attention,4.2539,15
18.5,fvf_ltx_gate_merge,norm_elementwise,2.7535,21
18.5,fvf_ltx_qk_norm_rope,norm_elementwise,16.5233,44
18.5,fvf_ltx_res_norm_mod,norm_elementwise,16.6621,37
18.5,fvf_split_heads_rows,layout_copy,1.3955,21
18.5,lincomb3,norm_elementwise,0.0866,6
18.5,memcpy HtoD,copies_memset,6.9055,8
18.5,memset,copies_memset,0.0414,46
18.5,mul_scalar,norm_elementwise,0.0226,2
18.5,mx_binary,norm_elementwise,0.3033,45
18.5,mx_block_copy,layout_copy,0.0495,28
18.5,mx_ln_adaln_e,norm_elementwise,0.6001,2
18.5,mx_residual_gate,norm_elementwise,5.1974,8
18.5,mx_unary,norm_elementwise,12.0771,31
18.5,nvjet_sm90_tst_128x128_64x6_2x1_v_bz_bias_TNT,gemm,0.1224,8
18.5,nvjet_sm90_tst_128x304_64x3_1x2_h_bz_coopA_bias_TNT,gemm,0.1259,1
18.5,nvjet_sm90_tst_128x32_64x10_4x2_h_bz_bias_TNT,gemm,0.0952,4
18.5,nvjet_sm90_tst_128x80_64x8_1x2_h_bz_bias_TNT,gemm,0.0757,4
18.5,nvjet_sm90_tst_128x8_64x12_2x1_v_bz_bias_TNT,gemm,0.0484,1
18.5,nvjet_sm90_tst_256x128_64x4_1x2_h_bz_coopA_bias_TNT,gemm,0.2911,6
18.5,nvjet_sm90_tst_256x144_64x4_1x2_h_bz_coopA_bias_TNT,gemm,47.4629,38
18.5,nvjet_sm90_tst_256x160_64x4_2x1_v_bz_coopA_TNT,gemm,50.2119,8
18.5,nvjet_sm90_tst_256x8_64x6_4x1_v_bz_bias_TNT,gemm,0.0297,1
18.5,nvjet_sm90_tst_32x192_64x7_1x2_h_bz_bias_TNN,gemm,1.3594,11
18.5,nvjet_sm90_tst_512x8_64x3_4x1_v_bz_bias_TNT,gemm,0.1142,1
18.5,nvjet_sm90_tst_64x40_64x16_1x2_h_bz_bias_TNT,gemm,0.3036,37
18.5,nvjet_sm90_tst_64x8_64x16_2x1_v_bz_bias_TNT,gemm,0.0402,2
18.5,nvjet_sm90_tst_64x8_64x16_2x1_v_bz_splitK_bias_TNT,gemm,0.0737,5
18.5,nvjet_sm90_tst_64x8_64x16_2x4_h_bz_bias_TNT,gemm,0.0058,1
18.5,nvjet_sm90_tst_64x8_64x16_4x1_v_bz_bias_TNT,gemm,0.0665,14
18.5,nvjet_sm90_tst_8x64_64x16_4x1_v_bz_bias_TNN,gemm,0.0666,11
18.5,sol_mma_fwd_x4f,attention,35.8425,2
18.5,sol_prep_kstats,attention,0.0638,2
18.5,sol_prep_kv,attention,0.5575,2
18.5,sol_prep_q,attention,0.2921,2
18.5,"cublasLt::splitKreduce_kernel<(int)32, (int)16, int, float, __nv_bfloat16, float, __nv_bfloat16, (bool)0, float, __nv_bfloat16, __nv_bfloat16, (bool)1, (bool)1,…",gemm,0.0114,5
18.75,cast_f32_bf16,cast_quant,0.409,150
18.75,fa_dc90_fwd_d128,attention,5.5014,4
18.75,flash_mma_fwd2_d64,attention,4.043,17
18.75,fvf_ltx_gate_merge,norm_elementwise,3.6435,26
18.75,fvf_ltx_qk_norm_rope,norm_elementwise,16.8324,50
18.75,fvf_ltx_res_norm_mod,norm_elementwise,18.1172,43
18.75,fvf_split_heads_rows,layout_copy,1.9228,26
18.75,memcpy HtoD,copies_memset,9.6531,9
18.75,memset,copies_memset,0.0442,49
18.75,mx_binary,norm_elementwise,0.345,51
18.75,mx_block_copy,layout_copy,0.0619,36
18.75,mx_residual_gate,norm_elementwise,5.0492,8
18.75,mx_unary,norm_elementwise,11.646,17
18.75,nvjet_sm90_tst_128x128_64x6_2x1_v_bz_bias_TNT,gemm,0.1175,8
18.75,nvjet_sm90_tst_128x32_64x10_4x2_h_bz_bias_TNT,gemm,0.0945,4
18.75,nvjet_sm90_tst_128x80_64x8_1x2_h_bz_bias_TNT,gemm,0.074,4
18.75,nvjet_sm90_tst_256x128_64x4_1x2_h_bz_coopA_bias_TNT,gemm,0.3683,8
18.75,nvjet_sm90_tst_256x144_64x4_1x2_h_bz_coopA_bias_TNT,gemm,51.7063,41
18.75,nvjet_sm90_tst_256x160_64x4_2x1_v_bz_coopA_TNT,gemm,48.8082,8
18.75,nvjet_sm90_tst_32x192_64x7_1x2_h_bz_bias_TNN,gemm,1.486,12
18.75,nvjet_sm90_tst_64x40_64x16_1x2_h_bz_bias_TNT,gemm,0.3592,44
18.75,nvjet_sm90_tst_8x64_64x16_4x1_v_bz_bias_TNN,gemm,0.0765,13
18.75,sol_mma_fwd_x4f,attention,65.958,5
18.75,sol_prep_kstats,attention,0.1617,5
18.75,sol_prep_kv,attention,1.3978,5
18.75,sol_prep_q,attention,0.7325,5
19.0,cast_f32_bf16,cast_quant,0.483,168
19.0,fa_dc90_fwd_d128,attention,7.0036,5
19.0,flash_mma_fwd2_d64,attention,5.1338,19
19.0,fvf_ltx_gate_merge,norm_elementwise,3.8538,28
19.0,fvf_ltx_qk_norm_rope,norm_elementwise,18.7069,56
19.0,fvf_ltx_res_norm_mod,norm_elementwise,19.8454,46
19.0,fvf_split_heads_rows,layout_copy,1.8092,28
19.0,memcpy HtoD,copies_memset,8.9227,9
19.0,memset,copies_memset,0.0503,55
19.0,mx_binary,norm_elementwise,0.4156,55
19.0,mx_block_copy,layout_copy,0.0628,36
19.0,mx_residual_gate,norm_elementwise,5.1139,8
19.0,mx_unary,norm_elementwise,11.8014,17
19.0,nvjet_sm90_tst_128x128_64x6_2x1_v_bz_bias_TNT,gemm,0.1482,10
19.0,nvjet_sm90_tst_128x32_64x10_4x2_h_bz_bias_TNT,gemm,0.095,4
19.0,nvjet_sm90_tst_128x80_64x8_1x2_h_bz_bias_TNT,gemm,0.0753,4
19.0,nvjet_sm90_tst_256x128_64x4_1x2_h_bz_coopA_bias_TNT,gemm,0.4671,10
19.0,nvjet_sm90_tst_256x144_64x4_1x2_h_bz_coopA_bias_TNT,gemm,56.7717,46
19.0,nvjet_sm90_tst_256x160_64x4_2x1_v_bz_coopA_TNT,gemm,54.8619,9
19.0,nvjet_sm90_tst_32x192_64x7_1x2_h_bz_bias_TNN,gemm,1.7332,14
19.0,nvjet_sm90_tst_64x40_64x16_1x2_h_bz_bias_TNT,gemm,0.376,46
19.0,nvjet_sm90_tst_8x64_64x16_4x1_v_bz_bias_TNN,gemm,0.0833,14
19.0,sol_mma_fwd_x4f,attention,49.9643,4
19.0,sol_prep_kstats,attention,0.1288,4
19.0,sol_prep_kv,attention,1.115,4
19.0,sol_prep_q,attention,0.5841,4
19.25,cast_f32_bf16,cast_quant,0.407,149
19.25,fa_dc90_fwd_d128,attention,5.5337,4
19.25,flash_mma_fwd2_d64,attention,4.0886,16
19.25,fvf_ltx_gate_merge,norm_elementwise,3.3222,24
19.25,fvf_ltx_qk_norm_rope,norm_elementwise,18.0321,49
19.25,fvf_ltx_res_norm_mod,norm_elementwise,17.8583,41
19.25,fvf_split_heads_rows,layout_copy,1.6563,24
19.25,memcpy HtoD,copies_memset,8.2571,8
19.25,memset,copies_memset,0.0459,51
19.25,mx_binary,norm_elementwise,0.3451,50
19.25,mx_block_copy,layout_copy,0.0548,32
19.25,mx_residual_gate,norm_elementwise,6.4084,10
19.25,mx_unary,norm_elementwise,14.7467,18
19.25,nvjet_sm90_tst_128x128_64x6_2x1_v_bz_bias_TNT,gemm,0.1179,8
19.25,nvjet_sm90_tst_128x32_64x10_4x2_h_bz_bias_TNT,gemm,0.1179,5
19.25,nvjet_sm90_tst_128x80_64x8_1x2_h_bz_bias_TNT,gemm,0.0945,5
19.25,nvjet_sm90_tst_256x128_64x4_1x2_h_bz_coopA_bias_TNT,gemm,0.3703,8
19.25,nvjet_sm90_tst_256x144_64x4_1x2_h_bz_coopA_bias_TNT,gemm,53.4935,42
19.25,nvjet_sm90_tst_256x160_64x4_2x1_v_bz_coopA_TNT,gemm,54.8711,9
19.25,nvjet_sm90_tst_32x192_64x7_1x2_h_bz_bias_TNN,gemm,1.6091,13
19.25,nvjet_sm90_tst_64x40_64x16_1x2_h_bz_bias_TNT,gemm,0.327,40
19.25,nvjet_sm90_tst_8x64_64x16_4x1_v_bz_bias_TNN,gemm,0.0704,12
19.25,sol_mma_fwd_x4f,attention,53.3926,4
19.25,sol_prep_kstats,attention,0.129,4
19.25,sol_prep_kv,attention,1.1137,4
19.25,sol_prep_q,attention,0.5838,4
19.5,cast_f32_bf16,cast_quant,0.4032,145
19.5,fa_dc90_fwd_d128,attention,5.5731,4
19.5,flash_mma_fwd2_d64,attention,4.1268,16
19.5,fvf_ltx_gate_merge,norm_elementwise,3.6693,25
19.5,fvf_ltx_qk_norm_rope,norm_elementwise,17.8955,49
19.5,fvf_ltx_res_norm_mod,norm_elementwise,17.3136,40
19.5,fvf_split_heads_rows,layout_copy,1.9178,25
19.5,memcpy HtoD,copies_memset,8.2323,8
19.5,memset,copies_memset,0.0442,49
19.5,mx_binary,norm_elementwise,0.3416,48
19.5,mx_block_copy,layout_copy,0.0555,32
19.5,mx_residual_gate,norm_elementwise,5.1078,8
19.5,mx_unary,norm_elementwise,11.8028,16
19.5,nvjet_sm90_tst_128x128_64x6_2x1_v_bz_bias_TNT,gemm,0.1177,8
19.5,nvjet_sm90_tst_128x32_64x10_4x2_h_bz_bias_TNT,gemm,0.0947,4
19.5,nvjet_sm90_tst_128x80_64x8_1x2_h_bz_bias_TNT,gemm,0.0748,4
19.5,nvjet_sm90_tst_256x128_64x4_1x2_h_bz_coopA_bias_TNT,gemm,0.3744,8
19.5,nvjet_sm90_tst_256x144_64x4_1x2_h_bz_coopA_bias_TNT,gemm,52.3183,41
19.5,nvjet_sm90_tst_256x160_64x4_2x1_v_bz_coopA_TNT,gemm,49.1852,8
19.5,nvjet_sm90_tst_32x192_64x7_1x2_h_bz_bias_TNN,gemm,1.4843,12
19.5,nvjet_sm90_tst_64x40_64x16_1x2_h_bz_bias_TNT,gemm,0.327,40
19.5,nvjet_sm90_tst_8x64_64x16_4x1_v_bz_bias_TNN,gemm,0.0711,12
19.5,sol_mma_fwd_x4f,attention,65.3609,5
19.5,sol_prep_kstats,attention,0.1612,5
19.5,sol_prep_kv,attention,1.3933,5
19.5,sol_prep_q,attention,0.7315,5
19.75,cast_f32_bf16,cast_quant,0.4599,157
19.75,fa_dc90_fwd_d128,attention,7.1872,5
19.75,flash_mma_fwd2_d64,attention,4.1598,17
19.75,fvf_ltx_gate_merge,norm_elementwise,3.7138,26
19.75,fvf_ltx_qk_norm_rope,norm_elementwise,17.9138,52
19.75,fvf_ltx_res_norm_mod,norm_elementwise,19.5797,44
19.75,fvf_split_heads_rows,layout_copy,1.6724,26
19.75,memcpy HtoD,copies_memset,9.7264,9
19.75,memset,copies_memset,0.0461,51
19.75,mx_binary,norm_elementwise,0.397,53
19.75,mx_block_copy,layout_copy,0.0624,36
19.75,mx_residual_gate,norm_elementwise,5.2428,8
19.75,mx_unary,norm_elementwise,11.9407,17
19.75,nvjet_sm90_tst_128x128_64x6_2x1_v_bz_bias_TNT,gemm,0.1188,8
19.75,nvjet_sm90_tst_128x32_64x10_4x2_h_bz_bias_TNT,gemm,0.0961,4
19.75,nvjet_sm90_tst_128x80_64x8_1x2_h_bz_bias_TNT,gemm,0.0751,4
19.75,nvjet_sm90_tst_256x128_64x4_1x2_h_bz_coopA_bias_TNT,gemm,0.4819,10
19.75,nvjet_sm90_tst_256x144_64x4_1x2_h_bz_coopA_bias_TNT,gemm,55.9873,43
19.75,nvjet_sm90_tst_256x160_64x4_2x1_v_bz_coopA_TNT,gemm,49.4692,8
19.75,nvjet_sm90_tst_32x192_64x7_1x2_h_bz_bias_TNN,gemm,1.6072,13
19.75,nvjet_sm90_tst_64x40_64x16_1x2_h_bz_bias_TNT,gemm,0.3642,44
19.75,nvjet_sm90_tst_8x64_64x16_4x1_v_bz_bias_TNN,gemm,0.0778,13
19.75,sol_mma_fwd_x4f,attention,56.1467,4
19.75,sol_prep_kstats,attention,0.1289,4
19.75,sol_prep_kv,attention,1.1176,4
19.75,sol_prep_q,attention,0.5851,4
20.0,cast_f32_bf16,cast_quant,0.4431,161
20.0,fa_dc90_fwd_d128,attention,5.7139,4
20.0,flash_mma_fwd2_d64,attention,5.1348,19
20.0,fvf_ltx_gate_merge,norm_elementwise,3.5602,27
20.0,fvf_ltx_qk_norm_rope,norm_elementwise,18.2769,54
20.0,fvf_ltx_res_norm_mod,norm_elementwise,19.0404,45
20.0,fvf_split_heads_rows,layout_copy,1.8026,27
20.0,memcpy HtoD,copies_memset,8.9627,9
20.0,memset,copies_memset,0.0489,53
20.0,mx_binary,norm_elementwise,0.3748,53
20.0,mx_block_copy,layout_copy,0.0623,36
20.0,mx_residual_gate,norm_elementwise,5.208,8
20.0,mx_unary,norm_elementwise,11.8782,17
20.0,nvjet_sm90_tst_128x128_64x6_2x1_v_bz_bias_TNT,gemm,0.1478,10
20.0,nvjet_sm90_tst_128x32_64x10_4x2_h_bz_bias_TNT,gemm,0.096,4
20.0,nvjet_sm90_tst_128x80_64x8_1x2_h_bz_bias_TNT,gemm,0.0751,4
20.0,nvjet_sm90_tst_256x128_64x4_1x2_h_bz_coopA_bias_TNT,gemm,0.3837,8
20.0,nvjet_sm90_tst_256x144_64x4_1x2_h_bz_coopA_bias_TNT,gemm,54.5041,44
20.0,nvjet_sm90_tst_256x160_64x4_2x1_v_bz_coopA_TNT,gemm,55.7536,9
20.0,nvjet_sm90_tst_32x192_64x7_1x2_h_bz_bias_TNN,gemm,1.5938,13
20.0,nvjet_sm90_tst_64x40_64x16_1x2_h_bz_bias_TNT,gemm,0.3793,46
20.0,nvjet_sm90_tst_8x64_64x16_4x1_v_bz_bias_TNN,gemm,0.0832,14
20.0,sol_mma_fwd_x4f,attention,56.7136,4
20.0,sol_prep_kstats,attention,0.1297,4
20.0,sol_prep_kv,attention,1.1184,4
20.0,sol_prep_q,attention,0.5855,4
20.25,cast_f32_bf16,cast_quant,0.404,144
20.25,fa_dc90_fwd_d128,attention,5.6784,4
20.25,flash_mma_fwd2_d64,attention,4.1282,16
20.25,fvf_ltx_gate_merge,norm_elementwise,3.3704,24
20.25,fvf_ltx_qk_norm_rope,norm_elementwise,17.0219,48
20.25,fvf_ltx_res_norm_mod,norm_elementwise,17.4566,40
20.25,fvf_split_heads_rows,layout_copy,1.6577,24
20.25,memcpy HtoD,copies_memset,8.2787,8
20.25,memset,copies_memset,0.0423,48
20.25,mx_binary,norm_elementwise,0.3456,48
20.25,mx_block_copy,layout_copy,0.0555,32
20.25,mx_residual_gate,norm_elementwise,5.2108,8
20.25,mx_unary,norm_elementwise,14.855,17
20.25,nvjet_sm90_tst_128x128_64x6_2x1_v_bz_bias_TNT,gemm,0.1187,8
20.25,nvjet_sm90_tst_128x32_64x10_4x2_h_bz_bias_TNT,gemm,0.0957,4
20.25,nvjet_sm90_tst_128x80_64x8_1x2_h_bz_bias_TNT,gemm,0.0754,4
20.25,nvjet_sm90_tst_256x128_64x4_1x2_h_bz_coopA_bias_TNT,gemm,0.38,8
20.25,nvjet_sm90_tst_256x144_64x4_1x2_h_bz_coopA_bias_TNT,gemm,51.1418,40
20.25,nvjet_sm90_tst_256x160_64x4_2x1_v_bz_coopA_TNT,gemm,49.4847,8
20.25,nvjet_sm90_tst_32x192_64x7_1x2_h_bz_bias_TNN,gemm,1.4782,12
20.25,nvjet_sm90_tst_64x40_64x16_1x2_h_bz_bias_TNT,gemm,0.3294,40
20.25,nvjet_sm90_tst_8x64_64x16_4x1_v_bz_bias_TNN,gemm,0.0709,12
20.25,sol_mma_fwd_x4f,attention,61.9986,4
20.25,sol_prep_kstats,attention,0.1294,4
20.25,sol_prep_kv,attention,1.1186,4
20.25,sol_prep_q,attention,0.5865,4
20.5,cast_f32_bf16,cast_quant,0.4049,144
20.5,fa_dc90_fwd_d128,attention,5.5862,4
20.5,flash_mma_fwd2_d64,attention,4.1345,16
20.5,fvf_ltx_gate_merge,norm_elementwise,3.3528,24
20.5,fvf_ltx_qk_norm_rope,norm_elementwise,16.7132,48
20.5,fvf_ltx_res_norm_mod,norm_elementwise,17.3923,40
20.5,fvf_split_heads_rows,layout_copy,1.6573,24
20.5,memcpy HtoD,copies_memset,8.2494,8
20.5,memset,copies_memset,0.0437,49
20.5,mx_binary,norm_elementwise,0.3431,48
20.5,mx_block_copy,layout_copy,0.0557,32
20.5,mx_residual_gate,norm_elementwise,5.1115,8
20.5,mx_unary,norm_elementwise,11.8489,16
20.5,nvjet_sm90_tst_128x128_64x6_2x1_v_bz_bias_TNT,gemm,0.1181,8
20.5,nvjet_sm90_tst_128x32_64x10_4x2_h_bz_bias_TNT,gemm,0.0964,4
20.5,nvjet_sm90_tst_128x80_64x8_1x2_h_bz_bias_TNT,gemm,0.0743,4
20.5,nvjet_sm90_tst_256x128_64x4_1x2_h_bz_coopA_bias_TNT,gemm,0.3735,8
20.5,nvjet_sm90_tst_256x144_64x4_1x2_h_bz_coopA_bias_TNT,gemm,51.0618,40
20.5,nvjet_sm90_tst_256x160_64x4_2x1_v_bz_coopA_TNT,gemm,55.7686,9
20.5,nvjet_sm90_tst_32x192_64x7_1x2_h_bz_bias_TNN,gemm,1.4749,12
20.5,nvjet_sm90_tst_64x40_64x16_1x2_h_bz_bias_TNT,gemm,0.3312,40
20.5,nvjet_sm90_tst_8x64_64x16_4x1_v_bz_bias_TNN,gemm,0.0711,12
20.5,sol_mma_fwd_x4f,attention,63.2565,4
20.5,sol_prep_kstats,attention,0.1299,4
20.5,sol_prep_kv,attention,1.1105,4
20.5,sol_prep_q,attention,0.5811,4
20.75,cast_f32_bf16,cast_quant,0.4125,150
20.75,fa_dc90_fwd_d128,attention,5.5897,4
20.75,flash_mma_fwd2_d64,attention,4.1602,16
20.75,fvf_ltx_gate_merge,norm_elementwise,3.3631,24
20.75,fvf_ltx_qk_norm_rope,norm_elementwise,19.1613,50
20.75,fvf_ltx_res_norm_mod,norm_elementwise,17.9728,41
20.75,fvf_split_heads_rows,layout_copy,1.6646,24
20.75,memcpy HtoD,copies_memset,8.2627,8
20.75,memset,copies_memset,0.0453,51
20.75,mx_binary,norm_elementwise,0.3457,50
20.75,mx_block_copy,layout_copy,0.0552,32
20.75,mx_residual_gate,norm_elementwise,6.3971,10
20.75,mx_unary,norm_elementwise,11.845,17
20.75,nvjet_sm90_tst_128x128_64x6_2x1_v_bz_bias_TNT,gemm,0.1197,8
20.75,nvjet_sm90_tst_128x32_64x10_4x2_h_bz_bias_TNT,gemm,0.1198,5
20.75,nvjet_sm90_tst_128x80_64x8_1x2_h_bz_bias_TNT,gemm,0.0944,5
20.75,nvjet_sm90_tst_256x128_64x4_1x2_h_bz_coopA_bias_TNT,gemm,0.3727,8
20.75,nvjet_sm90_tst_256x144_64x4_1x2_h_bz_coopA_bias_TNT,gemm,55.8916,43
20.75,nvjet_sm90_tst_256x160_64x4_2x1_v_bz_coopA_TNT,gemm,49.699,8
20.75,nvjet_sm90_tst_32x192_64x7_1x2_h_bz_bias_TNN,gemm,1.5975,13
20.75,nvjet_sm90_tst_64x40_64x16_1x2_h_bz_bias_TNT,gemm,0.3264,40
20.75,nvjet_sm90_tst_8x64_64x16_4x1_v_bz_bias_TNN,gemm,0.0711,12
20.75,sol_mma_fwd_x4f,attention,59.215,4
20.75,sol_prep_kstats,attention,0.129,4
20.75,sol_prep_kv,attention,1.1213,4
20.75,sol_prep_q,attention,0.588,4
21.0,cast_f32_bf16,cast_quant,0.4044,144
21.0,fa_dc90_fwd_d128,attention,5.65,4
21.0,flash_mma_fwd2_d64,attention,4.1803,16
21.0,fvf_ltx_gate_merge,norm_elementwise,3.3809,24
21.0,fvf_ltx_qk_norm_rope,norm_elementwise,17.008,48
21.0,fvf_ltx_res_norm_mod,norm_elementwise,17.4311,40
21.0,fvf_split_heads_rows,layout_copy,1.9248,25
21.0,memcpy HtoD,copies_memset,8.2829,8
21.0,memset,copies_memset,0.0432,48
21.0,mx_binary,norm_elementwise,0.3438,48
21.0,mx_block_copy,layout_copy,0.0551,32
21.0,mx_residual_gate,norm_elementwise,5.1254,8
21.0,mx_unary,norm_elementwise,11.9077,16
21.0,nvjet_sm90_tst_128x128_64x6_2x1_v_bz_bias_TNT,gemm,0.1197,8
21.0,nvjet_sm90_tst_128x32_64x10_4x2_h_bz_bias_TNT,gemm,0.0952,4
21.0,nvjet_sm90_tst_128x80_64x8_1x2_h_bz_bias_TNT,gemm,0.0743,4
21.0,nvjet_sm90_tst_256x128_64x4_1x2_h_bz_coopA_bias_TNT,gemm,0.3788,8
21.0,nvjet_sm90_tst_256x144_64x4_1x2_h_bz_coopA_bias_TNT,gemm,51.4332,40
21.0,nvjet_sm90_tst_256x160_64x4_2x1_v_bz_coopA_TNT,gemm,49.7081,8
21.0,nvjet_sm90_tst_32x192_64x7_1x2_h_bz_bias_TNN,gemm,1.4878,12
21.0,nvjet_sm90_tst_64x40_64x16_1x2_h_bz_bias_TNT,gemm,0.329,40
21.0,nvjet_sm90_tst_8x64_64x16_4x1_v_bz_bias_TNN,gemm,0.0718,12
21.0,sol_mma_fwd_x4f,attention,71.8117,5
21.0,sol_prep_kstats,attention,0.1623,5
21.0,sol_prep_kv,attention,1.4081,5
21.0,sol_prep_q,attention,0.7374,5
21.25,cast_f32_bf16,cast_quant,0.4548,156
21.25,fa_dc90_fwd_d128,attention,5.5718,4
21.25,flash_mma_fwd2_d64,attention,4.1308,17
21.25,fvf_ltx_gate_merge,norm_elementwise,3.6782,26
21.25,fvf_ltx_qk_norm_rope,norm_elementwise,17.5182,52
21.25,fvf_ltx_res_norm_mod,norm_elementwise,18.4326,43
21.25,fvf_split_heads_rows,layout_copy,1.659,25
21.25,memcpy HtoD,copies_memset,9.6231,9
21.25,memset,copies_memset,0.0451,50
21.25,mx_binary,norm_elementwise,0.3932,53
21.25,mx_block_copy,layout_copy,0.0624,36
21.25,mx_residual_gate,norm_elementwise,5.1076,8
21.25,mx_unary,norm_elementwise,11.7891,17
21.25,nvjet_sm90_tst_128x128_64x6_2x1_v_bz_bias_TNT,gemm,0.1183,8
21.25,nvjet_sm90_tst_128x32_64x10_4x2_h_bz_bias_TNT,gemm,0.0949,4
21.25,nvjet_sm90_tst_128x80_64x8_1x2_h_bz_bias_TNT,gemm,0.0743,4
21.25,nvjet_sm90_tst_256x128_64x4_1x2_h_bz_coopA_bias_TNT,gemm,0.4201,9
21.25,nvjet_sm90_tst_256x144_64x4_1x2_h_bz_coopA_bias_TNT,gemm,54.336,42
21.25,nvjet_sm90_tst_256x160_64x4_2x1_v_bz_coopA_TNT,gemm,49.6758,8
21.25,nvjet_sm90_tst_32x192_64x7_1x2_h_bz_bias_TNN,gemm,1.6004,13
21.25,nvjet_sm90_tst_64x40_64x16_1x2_h_bz_bias_TNT,gemm,0.3635,44
21.25,nvjet_sm90_tst_8x64_64x16_4x1_v_bz_bias_TNN,gemm,0.0764,13
21.25,sol_mma_fwd_x4f,attention,54.8816,4
21.25,sol_prep_kstats,attention,0.1288,4
21.25,sol_prep_kv,attention,1.1127,4
21.25,sol_prep_q,attention,0.5844,4
21.5,add_bias_inplace,norm_elementwise,2.894,224
21.5,bcast_binary,norm_elementwise,0.0047,2
21.5,block_copy,layout_copy,5.3504,185
21.5,cast_bf16_f32_bias_act,cast_quant,0.0641,8
21.5,cast_f32_bf16,cast_quant,0.1067,28
21.5,elem_add,norm_elementwise,1.4962,102
21.5,fa_dc90_fwd_d128,attention,1.397,1
21.5,flash_mma_fwd2_d64,attention,1.0318,3
21.5,fvf_ltx_gate_merge,norm_elementwise,0.5096,4
21.5,fvf_ltx_qk_norm_rope,norm_elementwise,1.2197,6
21.5,fvf_ltx_res_norm_mod,norm_elementwise,2.5638,6
21.5,fvf_split_heads_rows,layout_copy,0.152,4
21.5,gather_nd,layout_copy,0.0279,4
21.5,lincomb3,norm_elementwise,0.2835,16
21.5,memcpy DtoH,copies_memset,0.3198,2
21.5,memcpy HtoD,copies_memset,0.672,2
21.5,memset,copies_memset,0.084,77
21.5,mul_scalar,norm_elementwise,4.0876,186
21.5,mx_binary,norm_elementwise,0.0349,7
21.5,mx_block_copy,layout_copy,0.0068,4
21.5,mx_ln_adaln_e,norm_elementwise,0.5995,2
21.5,mx_residual_gate,norm_elementwise,1.2828,2
21.5,mx_unary,norm_elementwise,2.9982,3
21.5,nvjet_sm90_tst_128x128_64x6_2x1_v_bz_bias_TNT,gemm,0.0293,2
21.5,nvjet_sm90_tst_128x304_64x3_1x2_h_bz_coopA_bias_TNT,gemm,0.1253,1
21.5,nvjet_sm90_tst_128x32_64x10_4x2_h_bz_bias_TNT,gemm,0.0238,1
21.5,nvjet_sm90_tst_128x80_64x8_1x2_h_bz_bias_TNT,gemm,0.0186,1
21.5,nvjet_sm90_tst_256x128_64x4_1x2_h_bz_coopA_bias_TNT,gemm,0.0461,1
21.5,nvjet_sm90_tst_256x144_64x4_1x2_h_bz_coopA_bias_TNT,gemm,4.8527,5
21.5,nvjet_sm90_tst_256x160_64x4_2x1_v_bz_coopA_TNT,gemm,12.4312,2
21.5,nvjet_sm90_tst_32x192_64x7_1x2_h_bz_bias_TNN,gemm,0.1185,1
21.5,nvjet_sm90_tst_64x40_64x16_1x2_h_bz_bias_TNT,gemm,0.0478,6
21.5,nvjet_sm90_tst_64x8_64x16_2x4_h_bz_bias_TNT,gemm,0.0057,1
21.5,nvjet_sm90_tst_8x64_64x16_4x1_v_bz_bias_TNN,gemm,0.0119,2
21.5,pad_axis,layout_copy,13.2016,420
21.5,rms_norm_channels,vae_conv,2.5652,23
21.5,sm80_xmma_dgrad_implicit_gemm_f32f32_f32f32_f32_nchwkcrs_nchw_tilesize32x32x8_stage3_warpsize1x2x1_g1_ffma_aligna4_alignc4_execute_kernel__5x_cudnn,vae_conv,0.142,1
21.5,sm80_xmma_dgrad_implicit_gemm_tf32f32_tf32f32_f32_nhwckrsc_nhwc_tilesize256x64x32_stage3_warpsize4x2x1_g1_tensor16x8x8_execute_kernel__5x_cudnn,vae_conv,0.3563,3
21.5,sm80_xmma_fprop_implicit_gemm_f32f32_f32f32_f32_nchwkcrs_nchw_tilesize32x32x8_stage3_warpsize1x2x1_g1_ffma_aligna4_alignc4_execute_kernel__5x_cudnn,vae_conv,0.0129,1
21.5,sm80_xmma_fprop_implicit_gemm_f32f32_f32f32_f32_nchwkcrs_nchw_tilesize64x32x8_stage3_warpsize1x2x1_g1_ffma_aligna4_alignc4_execute_kernel__5x_cudnn,vae_conv,0.5109,14
21.5,sm80_xmma_fprop_implicit_gemm_indexed_tf32f32_tf32f32_f32_nhwckrsc_nhwc_tilesize64x64x64_stage4_warpsize2x2x1_g1_tensor16x8x8_execute_kernel__5x_cudnn,vae_conv,0.8282,1
21.5,sm80_xmma_fprop_implicit_gemm_tf32f32_tf32f32_f32_nhwckrsc_nchw_tilesize128x128x16_stage4_warpsize2x2x1_g1_tensor16x8x8_alignc4_execute_kernel__5x_cudnn,vae_conv,0.394,3
21.5,sm80_xmma_fprop_implicit_gemm_tf32f32_tf32f32_f32_nhwckrsc_nchw_tilesize128x128x16_stage4_warpsize2x2x1_g1_tensor16x8x8_execute_kernel__5x_cudnn,vae_conv,1.2195,29
21.5,sm80_xmma_fprop_implicit_gemm_tf32f32_tf32f32_f32_nhwckrsc_nchw_tilesize256x64x32_stage3_warpsize4x2x1_g1_tensor16x8x8_execute_kernel__5x_cudnn,vae_conv,1.225,28
21.5,sm80_xmma_fprop_implicit_gemm_tf32f32_tf32f32_f32_nhwckrsc_nhwc_tilesize128x128x16_stage4_warpsize2x2x1_g1_tensor16x8x8_execute_kernel__5x_cudnn,vae_conv,0.5221,3
21.5,sm90_xmma_dgrad_implicit_gemm_indexed_f32f32_tf32f32_f32_nhwckrsc_nhwc_tilesize128x128x32_warpgroupsize1x1x1_g1_strided_execute_kernel__5x_cudnn,vae_conv,0.0508,2
21.5,sm90_xmma_dgrad_implicit_gemm_indexed_f32f32_tf32f32_f32_nhwckrsc_nhwc_tilesize128x64x32_warpgroupsize1x1x1_g1_strided_execute_kernel__5x_cudnn,vae_conv,0.0159,1
21.5,sm90_xmma_dgrad_implicit_gemm_indexed_f32f32_tf32f32_f32_nhwckrsc_nhwc_tilesize256x64x32_warpgroupsize1x1x1_g1_strided_execute_kernel__5x_cudnn,vae_conv,0.1777,4
21.5,sm90_xmma_fprop_implicit_gemm_f32f32_tf32f32_f32_nhwckrsc_nhwc_tilesize128x128x32_warpgroupsize1x1x1_g1_execute_segment_k_off_kernel__5x_cudnn,vae_conv,1.1438,27
21.5,sm90_xmma_fprop_implicit_gemm_f32f32_tf32f32_f32_nhwckrsc_nhwc_tilesize128x32x32_warpgroupsize1x1x1_g1_execute_segment_k_off_kernel__5x_cudnn,vae_conv,1.0296,34
21.5,sm90_xmma_fprop_implicit_gemm_f32f32_tf32f32_f32_nhwckrsc_nhwc_tilesize256x128x32_warpgroupsize2x1x1_g1_execute_segment_k_off_kernel__5x_cudnn,vae_conv,1.4009,12
21.5,sm90_xmma_fprop_implicit_gemm_f32f32_tf32f32_f32_nhwckrsc_nhwc_tilesize256x128x32_warpgroupsize2x1x1_g1_execute_segment_k_on_kernel__5x_cudnn,vae_conv,0.1648,2
21.5,sm90_xmma_fprop_implicit_gemm_f32f32_tf32f32_f32_nhwckrsc_nhwc_tilesize256x96x32_warpgroupsize2x1x1_g1_execute_segment_k_off_kernel__5x_cudnn,vae_conv,0.1936,8
21.5,sm90_xmma_fprop_implicit_gemm_f32f32_tf32f32_f32_nhwckrsc_nhwc_tilesize64x128x32_warpgroupsize1x1x1_g1_execute_segment_k_off_kernel__5x_cudnn,vae_conv,0.6282,20
21.5,sm90_xmma_fprop_implicit_gemm_f32f32_tf32f32_f32_nhwckrsc_nhwc_tilesize64x128x32_warpgroupsize1x1x1_g1_execute_segment_k_on_kernel__5x_cudnn,vae_conv,1.2056,21
21.5,sm90_xmma_fprop_implicit_gemm_f32f32_tf32f32_f32_nhwckrsc_nhwc_tilesize64x192x32_warpgroupsize1x1x1_g1_execute_segment_k_off_kernel__5x_cudnn,vae_conv,0.2486,8
21.5,sm90_xmma_fprop_implicit_gemm_f32f32_tf32f32_f32_nhwckrsc_nhwc_tilesize64x64x32_warpgroupsize1x1x1_g1_execute_segment_k_on_kernel__5x_cudnn,vae_conv,0.0125,1
21.5,sm90_xmma_gemm_f32f32_tf32f32_f32_nn_n_tilesize128x128x32_warpgroupsize1x1x1_execute_segment_k_off_kernel__5x_cublas,gemm,0.0286,1
21.5,sm90_xmma_gemm_f32f32_tf32f32_f32_nn_n_tilesize64x128x32_warpgroupsize1x1x1_execute_segment_k_off_kernel__5x_cublas,gemm,0.022,1
21.5,snake_beta,vae_conv,6.5479,183
21.5,upsample_nearest,vae_conv,0.1,2
21.5,cask_plugin__5x_cudnn::xmma__5x_cudnn::init_device_workspace_kernel<xmma__5x_cudnn::implicit_gemm::fprop::Warp_specialized_params_non_template<xmma__5x_cudnn::G…,vae_conv,0.0828,24
21.5,"cudnn::cnn::conv2d_grouped_direct_kernel<(bool)0, (bool)1, (bool)0, (bool)0, (bool)0, (bool)0, (int)1, (int)0, int, float, float, float, float, float, float>(cu…",vae_conv,6.7315,183
21.5,"cudnn::cnn::dgrad2d_grouped_direct_kernel<float, int, float, float, (bool)0, (bool)1, (int)1, (int)0>(cudnn::cnn::DgradGroupedDirectParams, const T1 *, const T1…",vae_conv,21.3492,181
21.5,"cudnn::detail::dgrad_engine<float, (int)512, (int)6, (int)5, (int)3, (int)3, (int)3, (bool)0>(int, int, int, const T1 *, int, const T1 *, int, T1 *, kernel_grad…",vae_conv,1.8884,48
21.5,"cudnn::engines_precompiled::nchwToNhwcKernel<float, float, float, (bool)0, (bool)1, (cudnnKernelDataType_t)0>(cudnn::engines_precompiled::nchw2nhwc_params_t<T3>…",vae_conv,2.1379,279
21.5,"cudnn::engines_precompiled::nchwToNhwcKernel<float, float, float, (bool)0, (bool)1, (cudnnKernelDataType_t)2>(cudnn::engines_precompiled::nchw2nhwc_params_t<T3>…",vae_conv,0.8829,132
21.5,"cudnn::engines_precompiled::nhwcToNchwKernel<float, float, float, (bool)1, (bool)0, (cudnnKernelDataType_t)0>(cudnn::engines_precompiled::nhwc2nchw_params_t<T3>…",vae_conv,0.9863,147
21.5,"cudnn::engines_precompiled::scalePackedTensor_kernel<float, float>(long, T1 *, T2)",vae_conv,0.1761,48
21.5,"nchwAddPaddingKernel<float, float, float, (bool)1, (cudnnKernelDataType_t)0>(int, int, int, int, int, int, int, int, const T1 *, T2 *, int, int, int, int, int, …",vae_conv,0.002,1
21.5,"tensorTransformGeneric<float, float, float, (bool)1, (bool)0, (bool)0, (cudnnKernelDataType_t)0>(cudnnTensorTransformStruct, tensorTransformParams, int, unsigne…",vae_conv,0.0102,1
21.5,"tensorTransformGeneric<float, float, float, (bool)1, (bool)0, (bool)0, (cudnnKernelDataType_t)2>(cudnnTensorTransformStruct, tensorTransformParams, int, unsigne…",vae_conv,0.0223,2
21.75,add_bias_inplace,norm_elementwise,0.3227,17
21.75,block_copy,layout_copy,0.8385,22
21.75,clamp_f,norm_elementwise,0.0026,1
21.75,elem_add,norm_elementwise,0.1902,9
21.75,gather_nd,layout_copy,0.1543,1
21.75,lincomb3,norm_elementwise,0.0307,1
21.75,ltxv_d2s_bias,vae_conv,13.8993,22
21.75,ltxv_latent_in,vae_conv,0.0111,2
21.75,ltxv_norm_silu,vae_conv,46.1123,257
21.75,ltxv_out_unpatch,vae_conv,0.7916,5
21.75,memcpy DtoH,copies_memset,0.1774,1
21.75,memcpy HtoD,copies_memset,0.007,8
21.75,memset,copies_memset,0.2397,248
21.75,mul_scalar,norm_elementwise,0.6401,17
21.75,pad_axis,layout_copy,1.6716,34
21.75,sm80_xmma_fprop_implicit_gemm_bf16bf16_bf16f32_f32_nhwckrsc_nhwc_tilesize256x32x32_stage4_warpsize4x1x1_g1_tensor16x8x16_execute_kernel__5x_cudnn,vae_conv,2.8113,5
21.75,sm80_xmma_fprop_implicit_gemm_f32f32_f32f32_f32_nchwkcrs_nchw_tilesize64x32x8_stage3_warpsize1x2x1_g1_ffma_aligna4_alignc4_execute_kernel__5x_cudnn,vae_conv,0.8579,11
21.75,sm80_xmma_fprop_implicit_gemm_tf32f32_tf32f32_f32_nhwckrsc_nchw_tilesize256x64x32_stage3_warpsize4x2x1_g1_tensor16x8x8_execute_kernel__5x_cudnn,vae_conv,0.2195,2
21.75,sm90_xmma_fprop_implicit_gemm_bf16bf16_bf16f32_f32_nhwckrsc_nhwc_tilesize128x128x64_warpgroupsize1x1x1_g1_execute_segment_k_off_kernel__5x_cudnn,vae_conv,2.2423,10
21.75,sm90_xmma_fprop_implicit_gemm_bf16bf16_bf16f32_f32_nhwckrsc_nhwc_tilesize128x128x64_warpgroupsize1x1x1_g1_execute_segment_k_on_kernel__5x_cudnn,vae_conv,2.0641,2
21.75,sm90_xmma_fprop_implicit_gemm_bf16bf16_bf16f32_f32_nhwckrsc_nhwc_tilesize256x128x64_warpgroupsize2x1x1_g1_execute_segment_k_off_kernel__5x_cudnn,vae_conv,128.5279,204
21.75,sm90_xmma_fprop_implicit_gemm_bf16bf16_bf16f32_f32_nhwckrsc_nhwc_tilesize64x128x64_warpgroupsize1x1x1_g1_execute_segment_k_off_kernel__5x_cudnn,vae_conv,24.144,56
21.75,sm90_xmma_fprop_implicit_gemm_f32f32_tf32f32_f32_nhwckrsc_nhwc_tilesize128x32x32_warpgroupsize1x1x1_g1_execute_segment_k_off_kernel__5x_cudnn,vae_conv,0.3003,4
21.75,snake_beta,vae_conv,0.9755,17
21.75,cask_plugin__5x_cudnn::xmma__5x_cudnn::init_device_workspace_kernel<xmma__5x_cudnn::implicit_gemm::fprop::Warp_specialized_params_non_template<xmma__5x_cudnn::G…,vae_conv,0.0048,2
21.75,"cudnn::cnn::conv2d_grouped_direct_kernel<(bool)0, (bool)1, (bool)0, (bool)0, (bool)0, (bool)0, (int)1, (int)0, int, float, float, float, float, float, float>(cu…",vae_conv,0.9746,17
21.75,"cudnn::detail::dgrad_engine<float, (int)512, (int)6, (int)5, (int)3, (int)3, (int)3, (bool)0>(int, int, int, const T1 *, int, const T1 *, int, T1 *, kernel_grad…",vae_conv,10.1643,258
21.75,"cudnn::engines_precompiled::nchwToNhwcKernel<float, float, float, (bool)0, (bool)1, (cudnnKernelDataType_t)0>(cudnn::engines_precompiled::nchw2nhwc_params_t<T3>…",vae_conv,0.068,8
21.75,"cudnn::engines_precompiled::nchwToNhwcKernel<float, float, float, (bool)0, (bool)1, (cudnnKernelDataType_t)2>(cudnn::engines_precompiled::nchw2nhwc_params_t<T3>…",vae_conv,0.0354,4
21.75,"cudnn::engines_precompiled::nhwcToNchwKernel<float, float, float, (bool)1, (bool)0, (cudnnKernelDataType_t)0>(cudnn::engines_precompiled::nhwc2nchw_params_t<T3>…",vae_conv,0.0603,4
21.75,"cudnn::engines_precompiled::scalePackedTensor_kernel<float, float>(long, T1 *, T2)",vae_conv,0.9184,258
22.0,block_copy,layout_copy,0.0182,4
22.0,ltxv_d2s_bias,vae_conv,13.9094,25
22.0,ltxv_latent_in,vae_conv,0.0164,3
22.0,ltxv_norm_silu,vae_conv,55.9858,325
22.0,ltxv_out_unpatch,vae_conv,2.154,15
22.0,memset,copies_memset,0.2857,299
22.0,sm80_xmma_fprop_implicit_gemm_bf16bf16_bf16f32_f32_nhwckrsc_nhwc_tilesize256x32x32_stage4_warpsize4x1x1_g1_tensor16x8x16_execute_kernel__5x_cudnn,vae_conv,7.5165,15
22.0,sm90_xmma_fprop_implicit_gemm_bf16bf16_bf16f32_f32_nhwckrsc_nhwc_tilesize128x128x64_warpgroupsize1x1x1_g1_execute_segment_k_off_kernel__5x_cudnn,vae_conv,2.3387,10
22.0,sm90_xmma_fprop_implicit_gemm_bf16bf16_bf16f32_f32_nhwckrsc_nhwc_tilesize128x128x64_warpgroupsize1x1x1_g1_execute_segment_k_on_kernel__5x_cudnn,vae_conv,3.7604,7
22.0,sm90_xmma_fprop_implicit_gemm_bf16bf16_bf16f32_f32_nhwckrsc_nhwc_tilesize256x128x64_warpgroupsize2x1x1_g1_execute_segment_k_off_kernel__5x_cudnn,vae_conv,122.5431,218
22.0,sm90_xmma_fprop_implicit_gemm_bf16bf16_bf16f32_f32_nhwckrsc_nhwc_tilesize64x128x64_warpgroupsize1x1x1_g1_execute_segment_k_off_kernel__5x_cudnn,vae_conv,39.7049,105
22.0,cask_plugin__5x_cudnn::xmma__5x_cudnn::init_device_workspace_kernel<xmma__5x_cudnn::implicit_gemm::fprop::Warp_specialized_params_non_template<xmma__5x_cudnn::G…,vae_conv,0.0233,7
22.25,block_copy,layout_copy,0.0117,3
22.25,ltxv_d2s_bias,vae_conv,12.7524,25
22.25,ltxv_latent_in,vae_conv,0.0093,2
22.25,ltxv_norm_silu,vae_conv,53.7941,351
22.25,ltxv_out_unpatch,vae_conv,1.3468,10
22.25,memset,copies_memset,0.3264,340
22.25,sm80_xmma_fprop_implicit_gemm_bf16bf16_bf16f32_f32_nhwckrsc_nhwc_tilesize256x32x32_stage4_warpsize4x1x1_g1_tensor16x8x16_execute_kernel__5x_cudnn,vae_conv,4.703,10
22.25,sm90_xmma_fprop_implicit_gemm_bf16bf16_bf16f32_f32_nhwckrsc_nhwc_tilesize128x128x64_warpgroupsize1x1x1_g1_execute_segment_k_off_kernel__5x_cudnn,vae_conv,0.0419,1
22.25,sm90_xmma_fprop_implicit_gemm_bf16bf16_bf16f32_f32_nhwckrsc_nhwc_tilesize128x128x64_warpgroupsize1x1x1_g1_execute_segment_k_on_kernel__5x_cudnn,vae_conv,3.2161,10
22.25,sm90_xmma_fprop_implicit_gemm_bf16bf16_bf16f32_f32_nhwckrsc_nhwc_tilesize256x128x64_warpgroupsize2x1x1_g1_execute_segment_k_off_kernel__5x_cudnn,vae_conv,142.1658,275
22.25,sm90_xmma_fprop_implicit_gemm_bf16bf16_bf16f32_f32_nhwckrsc_nhwc_tilesize64x128x64_warpgroupsize1x1x1_g1_execute_segment_k_off_kernel__5x_cudnn,vae_conv,29.1352,81
22.25,cask_plugin__5x_cudnn::xmma__5x_cudnn::init_device_workspace_kernel<xmma__5x_cudnn::implicit_gemm::fprop::Warp_specialized_params_non_template<xmma__5x_cudnn::G…,vae_conv,0.0368,10
22.5,bcast_binary,norm_elementwise,3.0754,92
22.5,block_copy,layout_copy,6.1273,248
22.5,cast_bf16_f32_bias_act,cast_quant,1.0411,5
22.5,cast_f32_bf16,cast_quant,1.0246,5
22.5,lincomb3,norm_elementwise,0.2319,40
22.5,ltxv_d2s_bias,vae_conv,11.0105,27
22.5,ltxv_latent_in,vae_conv,0.0081,2
22.5,ltxv_norm_silu,vae_conv,44.7895,336
22.5,ltxv_out_unpatch,vae_conv,1.5644,15
22.5,memcpy DtoH,copies_memset,76.7501,3
22.5,memset,copies_memset,0.3141,325
22.5,mx_binary,norm_elementwise,1.7503,46
22.5,mx_block_copy,layout_copy,1.7115,47
22.5,pack_rgb_u8,layout_copy,0.5481,5
22.5,sm80_xmma_fprop_implicit_gemm_bf16bf16_bf16f32_f32_nhwckrsc_nhwc_tilesize256x32x32_stage4_warpsize4x1x1_g1_tensor16x8x16_execute_kernel__5x_cudnn,vae_conv,5.4092,15
22.5,sm90_xmma_fprop_implicit_gemm_bf16bf16_bf16f32_f32_nhwckrsc_nhwc_tilesize128x128x64_warpgroupsize1x1x1_g1_execute_segment_k_off_kernel__5x_cudnn,vae_conv,3.1071,11
22.5,sm90_xmma_fprop_implicit_gemm_bf16bf16_bf16f32_f32_nhwckrsc_nhwc_tilesize128x128x64_warpgroupsize1x1x1_g1_execute_segment_k_on_kernel__5x_cudnn,vae_conv,2.991,10
22.5,sm90_xmma_fprop_implicit_gemm_bf16bf16_bf16f32_f32_nhwckrsc_nhwc_tilesize256x128x64_warpgroupsize2x1x1_g1_execute_segment_k_off_kernel__5x_cudnn,vae_conv,84.6031,211
22.5,sm90_xmma_fprop_implicit_gemm_bf16bf16_bf16f32_f32_nhwckrsc_nhwc_tilesize64x128x64_warpgroupsize1x1x1_g1_execute_segment_k_off_kernel__5x_cudnn,vae_conv,34.0724,121
22.5,cask_plugin__5x_cudnn::xmma__5x_cudnn::init_device_workspace_kernel<xmma__5x_cudnn::implicit_gemm::fprop::Warp_specialized_params_non_template<xmma__5x_cudnn::G…,vae_conv,0.0368,10
22.75,bcast_binary,norm_elementwise,0.4929,16
22.75,block_copy,layout_copy,1.188,48
22.75,cast_bf16_f32_bias_act,cast_quant,0.2037,1
22.75,cast_f32_bf16,cast_quant,0.1996,1
22.75,lincomb3,norm_elementwise,0.0451,8
22.75,memcpy DtoH,copies_memset,75.7319,3
22.75,mx_binary,norm_elementwise,0.276,8
22.75,mx_block_copy,layout_copy,0.2268,7
22.75,pack_rgb_u8,layout_copy,0.1077,1
23.25,bcast_binary,norm_elementwise,1.7985,72
23.25,block_copy,layout_copy,4.5404,203
23.25,cast_bf16_f32_bias_act,cast_quant,0.6316,4
23.25,cast_f32_bf16,cast_quant,0.6209,4
23.25,lincomb3,norm_elementwise,0.1478,32
23.25,ltxv_d2s_bias,vae_conv,7.9656,12
23.25,ltxv_latent_in,vae_conv,0.0063,1
23.25,ltxv_norm_silu,vae_conv,21.0008,128
23.25,memcpy HtoD,copies_memset,0.0022,1
23.25,memset,copies_memset,0.1212,128
23.25,mx_binary,norm_elementwise,1.0065,36
23.25,mx_block_copy,layout_copy,0.9858,36
23.25,sm90_xmma_fprop_implicit_gemm_bf16bf16_bf16f32_f32_nhwckrsc_nhwc_tilesize256x128x64_warpgroupsize2x1x1_g1_execute_segment_k_off_kernel__5x_cudnn,vae_conv,71.3636,115
23.25,sm90_xmma_fprop_implicit_gemm_bf16bf16_bf16f32_f32_nhwckrsc_nhwc_tilesize64x128x64_warpgroupsize1x1x1_g1_execute_segment_k_off_kernel__5x_cudnn,vae_conv,8.8279,21
23.5,block_copy,layout_copy,0.0084,2
23.5,ltxv_d2s_bias,vae_conv,13.5309,24
23.5,ltxv_latent_in,vae_conv,0.0109,2
23.5,ltxv_norm_silu,vae_conv,59.0821,343
23.5,ltxv_out_unpatch,vae_conv,1.7757,12
23.5,memset,copies_memset,0.3338,343
23.5,sm80_xmma_fprop_implicit_gemm_bf16bf16_bf16f32_f32_nhwckrsc_nhwc_tilesize256x32x32_stage4_warpsize4x1x1_g1_tensor16x8x16_execute_kernel__5x_cudnn,vae_conv,6.237,12
23.5,sm90_xmma_fprop_implicit_gemm_bf16bf16_bf16f32_f32_nhwckrsc_nhwc_tilesize256x128x64_warpgroupsize2x1x1_g1_execute_segment_k_off_kernel__5x_cudnn,vae_conv,119.8317,230
23.5,sm90_xmma_fprop_implicit_gemm_bf16bf16_bf16f32_f32_nhwckrsc_nhwc_tilesize64x128x64_warpgroupsize1x1x1_g1_execute_segment_k_off_kernel__5x_cudnn,vae_conv,47.0045,129
23.75,block_copy,layout_copy,0.0162,3
23.75,ltxv_d2s_bias,vae_conv,16.3055,24
23.75,ltxv_latent_in,vae_conv,0.0124,2
23.75,ltxv_norm_silu,vae_conv,50.8604,288
23.75,ltxv_out_unpatch,vae_conv,1.502,12
23.75,memset,copies_memset,0.2756,289
23.75,sm80_xmma_fprop_implicit_gemm_bf16bf16_bf16f32_f32_nhwckrsc_nhwc_tilesize256x32x32_stage4_warpsize4x1x1_g1_tensor16x8x16_execute_kernel__5x_cudnn,vae_conv,5.1917,12
23.75,sm90_xmma_fprop_implicit_gemm_bf16bf16_bf16f32_f32_nhwckrsc_nhwc_tilesize256x128x64_warpgroupsize2x1x1_g1_execute_segment_k_off_kernel__5x_cudnn,vae_conv,144.9767,230
23.75,sm90_xmma_fprop_implicit_gemm_bf16bf16_bf16f32_f32_nhwckrsc_nhwc_tilesize64x128x64_warpgroupsize1x1x1_g1_execute_segment_k_off_kernel__5x_cudnn,vae_conv,29.0127,75
24.0,block_copy,layout_copy,0.0161,4
24.0,ltxv_d2s_bias,vae_conv,12.5441,27
24.0,ltxv_latent_in,vae_conv,0.0134,3
24.0,ltxv_norm_silu,vae_conv,59.0777,394
24.0,ltxv_out_unpatch,vae_conv,2.1649,18
24.0,memset,copies_memset,0.3675,387
24.0,sm80_xmma_fprop_implicit_gemm_bf16bf16_bf16f32_f32_nhwckrsc_nhwc_tilesize256x32x32_stage4_warpsize4x1x1_g1_tensor16x8x16_execute_kernel__5x_cudnn,vae_conv,7.4704,18
24.0,sm90_xmma_fprop_implicit_gemm_bf16bf16_bf16f32_f32_nhwckrsc_nhwc_tilesize256x128x64_warpgroupsize2x1x1_g1_execute_segment_k_off_kernel__5x_cudnn,vae_conv,115.0094,252
24.0,sm90_xmma_fprop_implicit_gemm_bf16bf16_bf16f32_f32_nhwckrsc_nhwc_tilesize64x128x64_warpgroupsize1x1x1_g1_execute_segment_k_off_kernel__5x_cudnn,vae_conv,51.2805,159
24.25,bcast_binary,norm_elementwise,2.4686,90
24.25,block_copy,layout_copy,5.8788,250
24.25,cast_bf16_f32_bias_act,cast_quant,1.5022,9
24.25,cast_f32_bf16,cast_quant,1.4796,9
24.25,elem_add,norm_elementwise,0.7799,4
24.25,lincomb3,norm_elementwise,0.1977,40
24.25,ltxv_d2s_bias,vae_conv,8.0932,21
24.25,ltxv_latent_in,vae_conv,0.0034,1
24.25,ltxv_norm_silu,vae_conv,35.1626,296
24.25,ltxv_out_unpatch,vae_conv,1.0853,12
24.25,memcpy DtoH,copies_memset,104.5123,5
24.25,memset,copies_memset,0.2492,260
24.25,mx_binary,norm_elementwise,1.4012,45
24.25,mx_block_copy,layout_copy,1.3476,45
24.25,pack_rgb_u8,layout_copy,0.4515,5
24.25,sm80_xmma_fprop_implicit_gemm_bf16bf16_bf16f32_f32_nhwckrsc_nhwc_tilesize256x32x32_stage4_warpsize4x1x1_g1_tensor16x8x16_execute_kernel__5x_cudnn,vae_conv,3.7556,12
24.25,sm90_xmma_fprop_implicit_gemm_bf16bf16_bf16f32_f32_nhwckrsc_nhwc_tilesize128x128x64_warpgroupsize1x1x1_g1_execute_segment_k_off_kernel__5x_cudnn,vae_conv,3.1923,10
24.25,sm90_xmma_fprop_implicit_gemm_bf16bf16_bf16f32_f32_nhwckrsc_nhwc_tilesize256x128x64_warpgroupsize2x1x1_g1_execute_segment_k_off_kernel__5x_cudnn,vae_conv,70.4121,198
24.25,sm90_xmma_fprop_implicit_gemm_bf16bf16_bf16f32_f32_nhwckrsc_nhwc_tilesize64x128x64_warpgroupsize1x1x1_g1_execute_segment_k_off_kernel__5x_cudnn,vae_conv,24.5692,101
24.25,sm90_xmma_fprop_implicit_gemm_bf16bf16_bf16f32_f32_nhwckrsc_nhwc_tilesize64x128x64_warpgroupsize1x1x1_g1_execute_segment_k_on_kernel__5x_cudnn,vae_conv,0.5978,1
24.25,cask_plugin__5x_cudnn::xmma__5x_cudnn::init_device_workspace_kernel<xmma__5x_cudnn::implicit_gemm::fprop::Warp_specialized_params_non_template<xmma__5x_cudnn::G…,vae_conv,0.0025,1
24.5,bcast_binary,norm_elementwise,2.9505,94
24.5,block_copy,layout_copy,5.7987,246
24.5,cast_bf16_f32_bias_act,cast_quant,0.9916,5
24.5,cast_f32_bf16,cast_quant,0.9758,5
24.5,lincomb3,norm_elementwise,0.2213,40
24.5,memcpy DtoH,copies_memset,72.4186,3
24.5,mx_binary,norm_elementwise,1.6744,48
24.5,mx_block_copy,layout_copy,1.633,48
24.5,pack_rgb_u8,layout_copy,0.31,3
24.75,bcast_binary,norm_elementwise,0.4949,32
24.75,block_copy,layout_copy,2.1724,108
24.75,cast_bf16_f32_bias_act,cast_quant,0.2259,2
24.75,cast_f32_bf16,cast_quant,0.2236,2
24.75,lincomb3,norm_elementwise,0.0573,16
24.75,ltxv_d2s_bias,vae_conv,12.6381,25
24.75,ltxv_latent_in,vae_conv,0.0175,4
24.75,ltxv_norm_silu,vae_conv,47.7171,326
24.75,ltxv_out_unpatch,vae_conv,1.1986,9
24.75,memcpy HtoD,copies_memset,0.0011,1
24.75,memset,copies_memset,0.2848,300
24.75,mx_binary,norm_elementwise,0.248,15
24.75,mx_block_copy,layout_copy,0.2479,15
24.75,sm80_xmma_fprop_implicit_gemm_bf16bf16_bf16f32_f32_nhwckrsc_nhwc_tilesize256x32x32_stage4_warpsize4x1x1_g1_tensor16x8x16_execute_kernel__5x_cudnn,vae_conv,4.2105,9
24.75,sm90_xmma_fprop_implicit_gemm_bf16bf16_bf16f32_f32_nhwckrsc_nhwc_tilesize128x128x64_warpgroupsize1x1x1_g1_execute_segment_k_off_kernel__5x_cudnn,vae_conv,0.5754,4
24.75,sm90_xmma_fprop_implicit_gemm_bf16bf16_bf16f32_f32_nhwckrsc_nhwc_tilesize128x128x64_warpgroupsize1x1x1_g1_execute_segment_k_on_kernel__5x_cudnn,vae_conv,4.3935,16
24.75,sm90_xmma_fprop_implicit_gemm_bf16bf16_bf16f32_f32_nhwckrsc_nhwc_tilesize256x128x64_warpgroupsize2x1x1_g1_execute_segment_k_off_kernel__5x_cudnn,vae_conv,128.4249,241
24.75,sm90_xmma_fprop_implicit_gemm_bf16bf16_bf16f32_f32_nhwckrsc_nhwc_tilesize64x128x64_warpgroupsize1x1x1_g1_execute_segment_k_off_kernel__5x_cudnn,vae_conv,26.0815,76
24.75,cask_plugin__5x_cudnn::xmma__5x_cudnn::init_device_workspace_kernel<xmma__5x_cudnn::implicit_gemm::fprop::Warp_specialized_params_non_template<xmma__5x_cudnn::G…,vae_conv,0.0569,16
25.0,block_copy,layout_copy,0.017,6
25.0,ltxv_d2s_bias,vae_conv,14.5468,32
25.0,ltxv_latent_in,vae_conv,0.0185,5
25.0,ltxv_norm_silu,vae_conv,57.1053,396
25.0,ltxv_out_unpatch,vae_conv,1.8968,15
25.0,memset,copies_memset,0.3484,361
25.0,sm80_xmma_fprop_implicit_gemm_bf16bf16_bf16f32_f32_nhwckrsc_nhwc_tilesize256x32x32_stage4_warpsize4x1x1_g1_tensor16x8x16_execute_kernel__5x_cudnn,vae_conv,6.5042,15
25.0,sm90_xmma_fprop_implicit_gemm_bf16bf16_bf16f32_f32_nhwckrsc_nhwc_tilesize128x128x64_warpgroupsize1x1x1_g1_execute_segment_k_off_kernel__5x_cudnn,vae_conv,3.8895,21
25.0,sm90_xmma_fprop_implicit_gemm_bf16bf16_bf16f32_f32_nhwckrsc_nhwc_tilesize128x128x64_warpgroupsize1x1x1_g1_execute_segment_k_on_kernel__5x_cudnn,vae_conv,3.2544,9
25.0,sm90_xmma_fprop_implicit_gemm_bf16bf16_bf16f32_f32_nhwckrsc_nhwc_tilesize128x64x64_warpgroupsize1x1x1_g1_execute_segment_k_off_kernel__5x_cudnn,vae_conv,0.0232,1
25.0,sm90_xmma_fprop_implicit_gemm_bf16bf16_bf16f32_f32_nhwckrsc_nhwc_tilesize256x128x64_warpgroupsize2x1x1_g1_execute_segment_k_off_kernel__5x_cudnn,vae_conv,119.5286,255
25.0,sm90_xmma_fprop_implicit_gemm_bf16bf16_bf16f32_f32_nhwckrsc_nhwc_tilesize64x128x64_warpgroupsize1x1x1_g1_execute_segment_k_off_kernel__5x_cudnn,vae_conv,40.885,124
25.0,cask_plugin__5x_cudnn::xmma__5x_cudnn::init_device_workspace_kernel<xmma__5x_cudnn::implicit_gemm::fprop::Warp_specialized_params_non_template<xmma__5x_cudnn::G…,vae_conv,0.0346,9
25.25,bcast_binary,norm_elementwise,2.9762,108
25.25,block_copy,layout_copy,6.945,298
25.25,cast_bf16_f32_bias_act,cast_quant,1.6813,10
25.25,cast_f32_bf16,cast_quant,1.6563,10
25.25,elem_add,norm_elementwise,0.7742,4
25.25,lincomb3,norm_elementwise,0.2389,48
25.25,ltxv_d2s_bias,vae_conv,1.8251,6
25.25,ltxv_norm_silu,vae_conv,7.198,79
25.25,ltxv_out_unpatch,vae_conv,0.214,3
25.25,memcpy DtoH,copies_memset,126.7371,6
25.25,memset,copies_memset,0.0686,69
25.25,mx_binary,norm_elementwise,1.6716,54
25.25,mx_block_copy,layout_copy,1.6209,54
25.25,pack_rgb_u8,layout_copy,0.5526,6
25.25,sm80_xmma_fprop_implicit_gemm_bf16bf16_bf16f32_f32_nhwckrsc_nhwc_tilesize256x32x32_stage4_warpsize4x1x1_g1_tensor16x8x16_execute_kernel__5x_cudnn,vae_conv,0.7644,3
25.25,sm90_xmma_fprop_implicit_gemm_bf16bf16_bf16f32_f32_nhwckrsc_nhwc_tilesize256x128x64_warpgroupsize2x1x1_g1_execute_segment_k_off_kernel__5x_cudnn,vae_conv,18.0137,57
25.25,sm90_xmma_fprop_implicit_gemm_bf16bf16_bf16f32_f32_nhwckrsc_nhwc_tilesize64x128x64_warpgroupsize1x1x1_g1_execute_segment_k_off_kernel__5x_cudnn,vae_conv,4.7322,24
